--
-- PostgreSQL database dump
--

-- Dumped from database version 9.3.3
-- Dumped by pg_dump version 9.3.1
-- Started on 2015-02-10 14:45:04 CET

SET statement_timeout = 0;
SET lock_timeout = 0;
SET client_encoding = 'UTF8';
SET standard_conforming_strings = on;
SET check_function_bodies = false;
SET client_min_messages = warning;

--
-- TOC entry 176 (class 3079 OID 12018)
-- Name: plpgsql; Type: EXTENSION; Schema: -; Owner: 
--

CREATE EXTENSION IF NOT EXISTS plpgsql WITH SCHEMA pg_catalog;


--
-- TOC entry 2244 (class 0 OID 0)
-- Dependencies: 176
-- Name: EXTENSION plpgsql; Type: COMMENT; Schema: -; Owner: 
--

COMMENT ON EXTENSION plpgsql IS 'PL/pgSQL procedural language';


SET search_path = public, pg_catalog;

SET default_tablespace = '';

SET default_with_oids = false;

--
-- TOC entry 170 (class 1259 OID 72639)
-- Name: battery; Type: TABLE; Schema: public; Owner: BikeMan; Tablespace: 
--

CREATE TABLE battery (
    battery_id bigint NOT NULL,
    current double precision,
    cycle_count bigint,
    soc double precision,
    temperature double precision,
    voltage double precision
);


ALTER TABLE public.battery OWNER TO "BikeMan";

--
-- TOC entry 175 (class 1259 OID 72701)
-- Name: hibernate_sequence; Type: SEQUENCE; Schema: public; Owner: BikeMan
--

CREATE SEQUENCE hibernate_sequence
    START WITH 1
    INCREMENT BY 1
    NO MINVALUE
    NO MAXVALUE
    CACHE 1;


ALTER TABLE public.hibernate_sequence OWNER TO "BikeMan";

--
-- TOC entry 171 (class 1259 OID 72644)
-- Name: pedelec; Type: TABLE; Schema: public; Owner: BikeMan; Tablespace: 
--

CREATE TABLE pedelec (
    pedelec_manufacturer_id character varying(255) NOT NULL,
    charging_state character varying(255),
    max_battery_level double precision,
    max_current_value double precision,
    meter_value double precision,
    owner character varying(255),
    pedelec_error_code character varying(255),
    pedelec_error_info character varying(255),
    pedelec_state character varying(255),
    battery_batteryid bigint,
    slot_slotmanufacturerid character varying(255)
);


ALTER TABLE public.pedelec OWNER TO "BikeMan";

--
-- TOC entry 172 (class 1259 OID 72652)
-- Name: slot; Type: TABLE; Schema: public; Owner: BikeMan; Tablespace: 
--

CREATE TABLE slot (
    slot_manufacturer_id character varying(255) NOT NULL,
    slot_error_code character varying(255),
    slot_error_info character varying(255),
    slot_position integer,
    slot_state character varying(255),
    station_stationmanufacturerid character varying(255)
);


ALTER TABLE public.slot OWNER TO "BikeMan";

--
-- TOC entry 173 (class 1259 OID 72660)
-- Name: station; Type: TABLE; Schema: public; Owner: BikeMan; Tablespace: 
--

CREATE TABLE station (
    station_manufacturer_id character varying(255) NOT NULL,
    charging_status_inform_interval integer,
    cmsuri character varying(255),
    firmware_version character varying(255),
    heartbeat_interval integer,
    open_slot_timeout integer,
    reboot_retries integer,
    station_error_code character varying(255),
    station_error_info character varying(255),
    station_state character varying(255)
);


ALTER TABLE public.station OWNER TO "BikeMan";

--
-- TOC entry 174 (class 1259 OID 72668)
-- Name: station_slots; Type: TABLE; Schema: public; Owner: BikeMan; Tablespace: 
--

CREATE TABLE station_slots (
    station_stationmanufacturerid character varying(255) NOT NULL,
    slots_slotmanufacturerid character varying(255) NOT NULL
);


ALTER TABLE public.station_slots OWNER TO "BikeMan";

--
-- TOC entry 2231 (class 0 OID 72639)
-- Dependencies: 170
-- Data for Name: battery; Type: TABLE DATA; Schema: public; Owner: BikeMan
--

COPY battery (battery_id, current, cycle_count, soc, temperature, voltage) FROM stdin;
1	1	118	0.387684561515405091	18.6209573646337851	12
2	1	143	0.291968549941884925	24.7819535250398886	12
3	1	154	0.927859891072026932	20.3951164134745078	12
4	1	168	0.498980774398225413	24.0680520405354095	12
5	1	97	0.70486989754788032	24.1983530668785356	12
6	1	1	0.657940848082246288	16.1097655408685299	12
7	1	56	0.714412526147676585	17.1334069233896287	12
8	1	4	0.557560540245456981	18.2348293124172045	12
9	1	127	0.236404567614362127	22.3133372685449984	12
10	1	122	0.0513798291267942853	23.5039614500679477	12
11	1	83	0.753531362460816312	17.9492258581261375	12
12	1	139	0.162884965151142369	17.9320064472415339	12
13	1	47	0.170606258776390018	23.6315296591099511	12
14	1	57	0.323611028198303674	21.1563976949854471	12
15	1	130	0.928226826845240272	23.4114768235595463	12
16	1	164	0.884590921518824125	15.9353152266853915	12
17	1	74	0.330961073950085338	17.7910441837245443	12
18	1	141	0.304112756449796851	23.4155263411937185	12
19	1	84	0.734497315106499515	23.9679093209720513	12
20	1	123	0.166578363077750313	19.5991811394135098	12
21	1	54	0.209522351247569349	16.2515985309924496	12
22	1	127	0.982844643768791881	22.6138507030513338	12
23	1	11	0.220902469704162607	20.4536618256465026	12
24	1	199	0.97329249523813921	20.2519723724746683	12
25	1	109	0.794664993066012904	16.668520336210694	12
26	1	71	0.570424826423580389	23.0319787025919034	12
27	1	154	0.636626792193489166	16.1331532128907398	12
28	1	193	0.192588706967847467	23.0038350771423623	12
29	1	9	0.507198244625893913	21.5062746756878767	12
30	1	51	0.681221731514477624	19.4704039428298827	12
31	1	20	0.218788229515090249	15.2123330849063105	12
32	1	162	0.0693812156386344192	17.4380517658961409	12
33	1	41	0.0389260314462926971	16.9240113270146821	12
34	1	5	0.313947647178678735	19.1024936408020629	12
35	1	85	0.916278834729170488	22.2278203189805978	12
36	1	150	0.643451762508821523	22.5408561949844852	12
37	1	189	0.27294881720268227	16.7241650101311876	12
38	1	199	0.83145556554286737	18.7570951536233395	12
39	1	177	0.248296556372981314	23.9805566391177507	12
40	1	54	0.897134744807441376	19.8099907604472563	12
41	1	58	0.864524929939631814	15.3494662922998906	12
42	1	197	0.845803548013555284	24.0796363615518771	12
43	1	149	0.860886332926406594	21.8989211030008235	12
44	1	163	0.153354964210624001	19.3530906747919147	12
45	1	85	0.591550668210217845	15.8705630207035355	12
46	1	3	0.479617218927441136	24.8284309800058942	12
47	1	113	0.33269780724301834	22.5957607327925203	12
48	1	41	0.316457477715093582	16.3154353783274182	12
49	1	188	0.409103394464403025	21.6555872699265848	12
50	1	51	0.409752185994710083	20.5951015713290566	12
51	1	121	0.554332056453168631	15.4733529573564592	12
52	1	176	0.0298728803602832382	20.8223257571386249	12
53	1	65	0.908303484417060547	22.1631967701445767	12
54	1	132	0.57987308939980664	17.1650119616642698	12
55	1	73	0.161496579832541731	17.038166394041756	12
56	1	111	0.848878579961704571	23.1493539167515614	12
57	1	81	0.900838182239809271	24.70462467629266	12
58	1	93	0.907815536987158778	22.8500461041962026	12
59	1	165	0.152884417249887994	21.1325954037454729	12
60	1	98	0.78553233645471543	20.1236209270718334	12
61	1	110	0.382045377203070524	22.0200927048634369	12
62	1	110	0.972880566059922569	19.7017193005912361	12
63	1	154	0.927859891072026932	20.3951164134745078	12
64	1	168	0.498980774398225413	24.0680520405354095	12
65	1	97	0.70486989754788032	24.1983530668785356	12
66	1	1	0.657940848082246288	16.1097655408685299	12
67	1	56	0.714412526147676585	17.1334069233896287	12
68	1	4	0.557560540245456981	18.2348293124172045	12
69	1	127	0.236404567614362127	22.3133372685449984	12
70	1	98	0.78553233645471543	20.1236209270718334	12
71	1	110	0.382045377203070524	22.0200927048634369	12
72	1	110	0.972880566059922569	19.7017193005912361	12
73	1	154	0.927859891072026932	20.3951164134745078	12
74	1	168	0.498980774398225413	24.0680520405354095	12
75	1	97	0.70486989754788032	24.1983530668785356	12
76	1	1	0.657940848082246288	16.1097655408685299	12
77	1	56	0.714412526147676585	17.1334069233896287	12
78	1	4	0.557560540245456981	18.2348293124172045	12
79	1	127	0.236404567614362127	22.3133372685449984	12
80	1	98	0.78553233645471543	20.1236209270718334	12
81	1	110	0.382045377203070524	22.0200927048634369	12
82	1	110	0.972880566059922569	19.7017193005912361	12
83	1	154	0.927859891072026932	20.3951164134745078	12
84	1	168	0.498980774398225413	24.0680520405354095	12
85	1	97	0.70486989754788032	24.1983530668785356	12
86	1	1	0.657940848082246288	16.1097655408685299	12
87	1	56	0.714412526147676585	17.1334069233896287	12
88	1	4	0.557560540245456981	18.2348293124172045	12
89	1	127	0.236404567614362127	22.3133372685449984	12
90	1	98	0.78553233645471543	20.1236209270718334	12
91	1	110	0.382045377203070524	22.0200927048634369	12
92	1	110	0.972880566059922569	19.7017193005912361	12
93	1	154	0.927859891072026932	20.3951164134745078	12
94	1	168	0.498980774398225413	24.0680520405354095	12
95	1	97	0.70486989754788032	24.1983530668785356	12
96	1	1	0.657940848082246288	16.1097655408685299	12
97	1	56	0.714412526147676585	17.1334069233896287	12
98	1	4	0.557560540245456981	18.2348293124172045	12
99	1	127	0.236404567614362127	22.3133372685449984	12
100	1	98	0.78553233645471543	20.1236209270718334	12
101	1	118	0.387684561515405091	18.6209573646337851	12
102	1	143	0.291968549941884925	24.7819535250398886	12
103	1	154	0.927859891072026932	20.3951164134745078	12
104	1	168	0.498980774398225413	24.0680520405354095	12
105	1	97	0.70486989754788032	24.1983530668785356	12
106	1	1	0.657940848082246288	16.1097655408685299	12
107	1	56	0.714412526147676585	17.1334069233896287	12
108	1	4	0.557560540245456981	18.2348293124172045	12
109	1	127	0.236404567614362127	22.3133372685449984	12
110	1	122	0.0513798291267942853	23.5039614500679477	12
111	1	83	0.753531362460816312	17.9492258581261375	12
112	1	139	0.162884965151142369	17.9320064472415339	12
113	1	47	0.170606258776390018	23.6315296591099511	12
114	1	57	0.323611028198303674	21.1563976949854471	12
115	1	130	0.928226826845240272	23.4114768235595463	12
116	1	164	0.884590921518824125	15.9353152266853915	12
117	1	74	0.330961073950085338	17.7910441837245443	12
118	1	141	0.304112756449796851	23.4155263411937185	12
119	1	84	0.734497315106499515	23.9679093209720513	12
120	1	123	0.166578363077750313	19.5991811394135098	12
121	1	54	0.209522351247569349	16.2515985309924496	12
122	1	127	0.982844643768791881	22.6138507030513338	12
123	1	11	0.220902469704162607	20.4536618256465026	12
124	1	199	0.97329249523813921	20.2519723724746683	12
125	1	109	0.794664993066012904	16.668520336210694	12
126	1	71	0.570424826423580389	23.0319787025919034	12
127	1	154	0.636626792193489166	16.1331532128907398	12
128	1	193	0.192588706967847467	23.0038350771423623	12
129	1	9	0.507198244625893913	21.5062746756878767	12
130	1	51	0.681221731514477624	19.4704039428298827	12
131	1	20	0.218788229515090249	15.2123330849063105	12
132	1	162	0.0693812156386344192	17.4380517658961409	12
133	1	41	0.0389260314462926971	16.9240113270146821	12
134	1	5	0.313947647178678735	19.1024936408020629	12
135	1	85	0.916278834729170488	22.2278203189805978	12
136	1	150	0.643451762508821523	22.5408561949844852	12
137	1	189	0.27294881720268227	16.7241650101311876	12
138	1	199	0.83145556554286737	18.7570951536233395	12
139	1	177	0.248296556372981314	23.9805566391177507	12
140	1	54	0.897134744807441376	19.8099907604472563	12
141	1	58	0.864524929939631814	15.3494662922998906	12
142	1	197	0.845803548013555284	24.0796363615518771	12
143	1	149	0.860886332926406594	21.8989211030008235	12
144	1	163	0.153354964210624001	19.3530906747919147	12
145	1	85	0.591550668210217845	15.8705630207035355	12
146	1	3	0.479617218927441136	24.8284309800058942	12
147	1	113	0.33269780724301834	22.5957607327925203	12
148	1	41	0.316457477715093582	16.3154353783274182	12
149	1	188	0.409103394464403025	21.6555872699265848	12
150	1	51	0.409752185994710083	20.5951015713290566	12
151	1	121	0.554332056453168631	15.4733529573564592	12
152	1	176	0.0298728803602832382	20.8223257571386249	12
153	1	65	0.908303484417060547	22.1631967701445767	12
154	1	132	0.57987308939980664	17.1650119616642698	12
155	1	73	0.161496579832541731	17.038166394041756	12
156	1	111	0.848878579961704571	23.1493539167515614	12
157	1	81	0.900838182239809271	24.70462467629266	12
158	1	93	0.907815536987158778	22.8500461041962026	12
159	1	165	0.152884417249887994	21.1325954037454729	12
160	1	98	0.78553233645471543	20.1236209270718334	12
161	1	110	0.382045377203070524	22.0200927048634369	12
162	1	110	0.972880566059922569	19.7017193005912361	12
163	1	154	0.927859891072026932	20.3951164134745078	12
164	1	168	0.498980774398225413	24.0680520405354095	12
165	1	97	0.70486989754788032	24.1983530668785356	12
166	1	1	0.657940848082246288	16.1097655408685299	12
167	1	56	0.714412526147676585	17.1334069233896287	12
168	1	4	0.557560540245456981	18.2348293124172045	12
169	1	127	0.236404567614362127	22.3133372685449984	12
170	1	98	0.78553233645471543	20.1236209270718334	12
171	1	110	0.382045377203070524	22.0200927048634369	12
172	1	110	0.972880566059922569	19.7017193005912361	12
173	1	154	0.927859891072026932	20.3951164134745078	12
174	1	168	0.498980774398225413	24.0680520405354095	12
175	1	97	0.70486989754788032	24.1983530668785356	12
176	1	1	0.657940848082246288	16.1097655408685299	12
177	1	56	0.714412526147676585	17.1334069233896287	12
178	1	4	0.557560540245456981	18.2348293124172045	12
179	1	127	0.236404567614362127	22.3133372685449984	12
180	1	98	0.78553233645471543	20.1236209270718334	12
181	1	110	0.382045377203070524	22.0200927048634369	12
182	1	110	0.972880566059922569	19.7017193005912361	12
\.


--
-- TOC entry 2245 (class 0 OID 0)
-- Dependencies: 175
-- Name: hibernate_sequence; Type: SEQUENCE SET; Schema: public; Owner: BikeMan
--

SELECT pg_catalog.setval('hibernate_sequence', 62, true);


--
-- TOC entry 2232 (class 0 OID 72644)
-- Dependencies: 171
-- Data for Name: pedelec; Type: TABLE DATA; Schema: public; Owner: BikeMan
--

COPY pedelec (pedelec_manufacturer_id, charging_state, max_battery_level, max_current_value, meter_value, owner, pedelec_error_code, pedelec_error_info, pedelec_state, battery_batteryid, slot_slotmanufacturerid) FROM stdin;
edde77be-ae21-4d50-8335-a42c5905d9f2	\N	\N	\N	\N	\N	\N	\N	OPERATIVE	1	65f13dfc-b34d-4d69-8591-095b532edf85
80Y7H8QDU6SV	\N	\N	\N	\N	\N	\N	\N	OPERATIVE	4	SIZJ8ATYTDUL
QCJLIQYM0CTH	\N	\N	\N	\N	\N	\N	\N	OPERATIVE	5	47OURS8LXIRO
3G5EJ3GNA0WX	\N	\N	\N	\N	\N	\N	\N	OPERATIVE	6	59BQGZUPCNFH
00KO4RJUO7VE	\N	\N	\N	\N	\N	\N	\N	OPERATIVE	7	XGURH6R4ML3C
SA9ZI1LHRCGA	\N	\N	\N	\N	\N	\N	\N	OPERATIVE	8	U61JD7MENUWT
APCHV3OQH1PJ	\N	\N	\N	\N	\N	\N	\N	OPERATIVE	9	I64FFALO4UE6
68IHBNJ7ZBUN	\N	\N	\N	\N	\N	\N	\N	OPERATIVE	10	ZR6CSFV1UU92
4YCQXKYH7G92	\N	\N	\N	\N	\N	\N	\N	OPERATIVE	11	F4INC4PDBFS4
FGW60C9XTWDE	\N	\N	\N	\N	\N	\N	\N	OPERATIVE	12	3KA26NHL3RFA
2LQPXUHRCNZE	\N	\N	\N	\N	\N	\N	\N	OPERATIVE	13	DJF5Z6KQROYW
IC605PK2E06I	\N	\N	\N	\N	\N	\N	\N	OPERATIVE	14	46QDK140YW7Z
HK6JJJ9OH5SP	\N	\N	\N	\N	\N	\N	\N	OPERATIVE	15	M97DEZEJJPM2
YDYNC2IPT1KK	\N	\N	\N	\N	\N	\N	\N	OPERATIVE	16	U062T9YYD9NV
D6OOONEELNQ8	\N	\N	\N	\N	\N	\N	\N	OPERATIVE	17	R8PV005X949O
4L99RL0B3NT1	\N	\N	\N	\N	\N	\N	\N	OPERATIVE	18	U5LDJDZOYLZO
OLS56KHQPKWI	\N	\N	\N	\N	\N	\N	\N	OPERATIVE	19	TLJTGFYFS76B
BUC5CEW257N8	\N	\N	\N	\N	\N	\N	\N	OPERATIVE	20	AOFKQVAMNZQE
Z0TZ9F6HI426	\N	\N	\N	\N	\N	\N	\N	OPERATIVE	21	P6HT0M9X3FO9
3K0S0FR54PJB	\N	\N	\N	\N	\N	\N	\N	OPERATIVE	22	1OO52P6EVCC9
7B669KPPKW42	\N	\N	\N	\N	\N	\N	\N	OPERATIVE	23	T36IKTFLNWJI
D0H6XI676C2B	\N	\N	\N	\N	\N	\N	\N	OPERATIVE	24	XXA5824KS6XM
5H0IGA9EDBXU	\N	\N	\N	\N	\N	\N	\N	OPERATIVE	25	FNMMKMFZ64P8
2P5PFGBH75TN	\N	\N	\N	\N	\N	\N	\N	OPERATIVE	26	M7QFYU7JOWY2
GJWRZE9K4FQH	\N	\N	\N	\N	\N	\N	\N	OPERATIVE	27	XX7JIWJCB39N
JL3PY95SSO0B	\N	\N	\N	\N	\N	\N	\N	OPERATIVE	28	BN3W9LF0NNIT
U0Z2H1IWYXL4	\N	\N	\N	\N	\N	\N	\N	OPERATIVE	29	9YTC4HRESUWR
MJOWF7DY4CEL	\N	\N	\N	\N	\N	\N	\N	OPERATIVE	30	BFFZZ9J9A4UD
ISGYZ1JH8JXQ	\N	\N	\N	\N	\N	\N	\N	OPERATIVE	31	MG4GLTUX8OUN
WISF2A6X8N1Y	\N	\N	\N	\N	\N	\N	\N	OPERATIVE	32	T9FQCREVN3DV
WU5CX13I76T0	\N	\N	\N	\N	\N	\N	\N	OPERATIVE	33	19TKZKO2L9WX
FGDVBGQ4WGT7	\N	\N	\N	\N	\N	\N	\N	OPERATIVE	34	D40ONATXTFWX
CY0O60MKXKON	\N	\N	\N	\N	\N	\N	\N	OPERATIVE	35	IGMD80U6YDCF
HY5IJY82T28C	\N	\N	\N	\N	\N	\N	\N	OPERATIVE	36	L9TIEIFGF8W8
CG7XQZGFF9PS	\N	\N	\N	\N	\N	\N	\N	OPERATIVE	37	MB6RJZ81J3Z7
TLQ5GKHB6DCR	\N	\N	\N	\N	\N	\N	\N	OPERATIVE	38	YGUWBFY7ONRR
OY7YYLTZOIZD	\N	\N	\N	\N	\N	\N	\N	OPERATIVE	39	ZUTN1QRKVQB2
8YZQ384E5ZYD	\N	\N	\N	\N	\N	\N	\N	OPERATIVE	40	02CL3LO1J1DP
3EA9Z3VHL0ZH	\N	\N	\N	\N	\N	\N	\N	OPERATIVE	41	L5T5H4FM2REC
X7BML05AFGYJ	\N	\N	\N	\N	\N	\N	\N	OPERATIVE	42	QG9BI7QN5LRB
SRJ2YG6DQGCV	\N	\N	\N	\N	\N	\N	\N	OPERATIVE	43	ELIRRQVCIGM9
RM7H2GC5U83N	\N	\N	\N	\N	\N	\N	\N	OPERATIVE	44	32XC73EHQLFR
0RH0QW26FY26	\N	\N	\N	\N	\N	\N	\N	OPERATIVE	45	WFQ8E5S81H7Q
GTPMJ3YFPO9A	\N	\N	\N	\N	\N	\N	\N	OPERATIVE	46	WAGIMZRKFOQE
U6DYLP3P14KV	\N	\N	\N	\N	\N	\N	\N	OPERATIVE	47	JGDJ26O8SBRO
IV2QZQCR12K3	\N	\N	\N	\N	\N	\N	\N	OPERATIVE	48	5EBZFA16Y2NO
5U03TKVE602Z	\N	\N	\N	\N	\N	\N	\N	OPERATIVE	49	FA7301OW24SB
BVITUU6R3XR3	\N	\N	\N	\N	\N	\N	\N	OPERATIVE	50	Z9O5P69980EV
Y5PQ2UBOLJP7	\N	\N	\N	\N	\N	\N	\N	OPERATIVE	51	CH10CF05LX4N
HJH33OSY83LJ	\N	\N	\N	\N	\N	\N	\N	OPERATIVE	52	PHGY1JVD4DLL
VEIIDKFQFDOY	\N	\N	\N	\N	\N	\N	\N	OPERATIVE	53	DTYNVP4XXGT4
JJAMJ3QYY3AM	\N	\N	\N	\N	\N	\N	\N	OPERATIVE	54	6FHKWU9SIJJP
2BV51GE140PW	\N	\N	\N	\N	\N	\N	\N	OPERATIVE	55	RO00HF6RBWF2
E8A4SU4ASFEU	\N	\N	\N	\N	\N	\N	\N	OPERATIVE	56	QGGJQTM4SG5V
RIU8TJJVBQCH	\N	\N	\N	\N	\N	\N	\N	OPERATIVE	57	EX51V5QQNOTK
HR9NHRA0UQJC	\N	\N	\N	\N	\N	\N	\N	OPERATIVE	58	V5LK2UAH31R3
V9FZKBW0T48S	\N	\N	\N	\N	\N	\N	\N	OPERATIVE	59	F3COP2K041G1
8SRV87Y2WQPK	\N	\N	\N	\N	\N	\N	\N	OPERATIVE	60	MK7SWS2H2JQ3
ZH8HN8WRWVW9	\N	\N	\N	\N	\N	\N	\N	OPERATIVE	61	3MQMTFP06WK8
T9D3SPGNIDZZ	\N	\N	\N	\N	\N	\N	\N	OPERATIVE	62	Z0BRKEDIHOWT
8IUWFTXU2ZMH	\N	\N	\N	\N	\N	\N	\N	OPERATIVE	63	AG4H8GILGPVS
VM52YN5LU9B3	\N	\N	\N	\N	\N	\N	\N	OPERATIVE	64	CYAT1GZK8QS7
HFJYXIMEP24D	\N	\N	\N	\N	\N	\N	\N	OPERATIVE	65	547K7USSQ9WQ
L0LPELK6IC28	\N	\N	\N	\N	\N	\N	\N	OPERATIVE	66	0VQ37ZFK2E98
R25WU5CXB5VT	\N	\N	\N	\N	\N	\N	\N	OPERATIVE	67	1N3LH6SVSTF0
9KRQMWTD4PDE	\N	\N	\N	\N	\N	\N	\N	OPERATIVE	68	XSJLV7PHCYVY
4JGVTA8NA4NO	\N	\N	\N	\N	\N	\N	\N	OPERATIVE	69	NUCHGY4S4J1M
PPJ8M99Q0ZCT	\N	\N	\N	\N	\N	\N	\N	OPERATIVE	70	CN7T4189DG2K
RP9VEBUPLH07	\N	\N	\N	\N	\N	\N	\N	OPERATIVE	71	S4BXJW66TC77
HSGL087CESDL	\N	\N	\N	\N	\N	\N	\N	OPERATIVE	72	E5AHRLRODC3D
50T2J3JZVBNL	\N	\N	\N	\N	\N	\N	\N	OPERATIVE	73	CZWO8SD2AX26
IDPJ4YTRP8SK	\N	\N	\N	\N	\N	\N	\N	OPERATIVE	74	9K1S9NB50T2S
DRUT4EDWYQKV	\N	\N	\N	\N	\N	\N	\N	OPERATIVE	75	YVRFHPJ0QT6L
R1YLDTZ8I5OY	\N	\N	\N	\N	\N	\N	\N	OPERATIVE	76	NSEHA77PYNZS
KMXYBVDGQWT4	\N	\N	\N	\N	\N	\N	\N	OPERATIVE	77	2OE2VPK6O3OQ
8BKQ1QP8MWN6	\N	\N	\N	\N	\N	\N	\N	OPERATIVE	78	WFUIMIIEUE0E
SURWHLGA0SH0	\N	\N	\N	\N	\N	\N	\N	OPERATIVE	79	SQBPIFKH6X4O
VV4HOOQWJ088	\N	\N	\N	\N	\N	\N	\N	OPERATIVE	80	6KJN5AQVT22B
EC8B9K99JTQE	\N	\N	\N	\N	\N	\N	\N	OPERATIVE	81	66JMLXB13YKM
EI6HKMW2MQMZ	\N	\N	\N	\N	\N	\N	\N	OPERATIVE	82	YRXE5IM1NV7V
U8UIKTU9J6CQ	\N	\N	\N	\N	\N	\N	\N	OPERATIVE	83	GIKOUJNTYPS3
PFPU1GM3PYTB	\N	\N	\N	\N	\N	\N	\N	OPERATIVE	84	5QLVFSVQS2ZF
KTZWQ1G76QRV	\N	\N	\N	\N	\N	\N	\N	OPERATIVE	85	IR24TN0VNT8M
DPVPZRKQTC4T	\N	\N	\N	\N	\N	\N	\N	OPERATIVE	86	8KN5P9PIA0D3
HVGM534GLP4X	\N	\N	\N	\N	\N	\N	\N	OPERATIVE	87	5L8NAN70WR9N
0HGTKND1K9MP	\N	\N	\N	\N	\N	\N	\N	OPERATIVE	88	XFWI69254Y7M
V44TGAK1PI1M	\N	\N	\N	\N	\N	\N	\N	OPERATIVE	89	D09CFQPFAW0Y
DNMXM8NU588L	\N	\N	\N	\N	\N	\N	\N	OPERATIVE	90	WNEAYEME0SRV
EB2ZPT8K8RHO	\N	\N	\N	\N	\N	\N	\N	OPERATIVE	91	7MPYK2J8L131
4RFU73PTJJFA	\N	\N	\N	\N	\N	\N	\N	OPERATIVE	92	BCSCLNAYHE7Z
ME37LTSBZZW7	\N	\N	\N	\N	\N	\N	\N	OPERATIVE	93	AHR7WPDC101D
ASTQGKXJLA34	\N	\N	\N	\N	\N	\N	\N	OPERATIVE	94	Q1SNQV86XP1B
7D02PMF5G33A	\N	\N	\N	\N	\N	\N	\N	OPERATIVE	95	GI33WAYL92W0
3Y1DTVALQQ06	\N	\N	\N	\N	\N	\N	\N	OPERATIVE	96	G6WFCFTAGRKY
XXUM90J3N73X	\N	\N	\N	\N	\N	\N	\N	OPERATIVE	97	0W2E2LO86KUV
B5IVFC22YIY0	\N	\N	\N	\N	\N	\N	\N	OPERATIVE	98	ISP4QRCDXQ3M
UDKRWYX48Q9Q	\N	\N	\N	\N	\N	\N	\N	OPERATIVE	99	EPMYY6E37RNI
Q7TMZ0NVVWTR	\N	\N	\N	\N	\N	\N	\N	OPERATIVE	100	91747CQ8KWAP
RNOIYFQNGMBJ	\N	\N	\N	\N	\N	\N	\N	OPERATIVE	101	I7K5LBZJFV78
A9OXLP5P97LY	\N	\N	\N	\N	\N	\N	\N	OPERATIVE	102	PYU9MNOATYTW
3EM95YL6MZH8	\N	\N	\N	\N	\N	\N	\N	OPERATIVE	103	ZIC255QY5X85
H4JBELSI08XN	\N	\N	\N	\N	\N	\N	\N	OPERATIVE	104	FR4X9G60I8GL
U4N1REKSK6UX	\N	\N	\N	\N	\N	\N	\N	OPERATIVE	105	1IZ84V4TJLXN
66TLZCKIAOXL	\N	\N	\N	\N	\N	\N	\N	OPERATIVE	106	V7W25Q5CNLT7
ULDMCQE3KR9Z	\N	\N	\N	\N	\N	\N	\N	OPERATIVE	107	DNMJNFIZF242
F3200P2HMR5R	\N	\N	\N	\N	\N	\N	\N	OPERATIVE	108	61OIZ47U3G0F
5EY3OO0POTYM	\N	\N	\N	\N	\N	\N	\N	OPERATIVE	109	R3N29KXE7HOD
XX4DQD594WM4	\N	\N	\N	\N	\N	\N	\N	OPERATIVE	110	AALG4PA4PI42
E119ZLZ2M82P	\N	\N	\N	\N	\N	\N	\N	OPERATIVE	111	RAIH3GAK2EXU
C0H7EIILVZK0	\N	\N	\N	\N	\N	\N	\N	OPERATIVE	112	QB4COAT98ZO9
28GOVW8CPH0E	\N	\N	\N	\N	\N	\N	\N	OPERATIVE	113	N8K6VC7KOVCL
LEOFJNTNATXO	\N	\N	\N	\N	\N	\N	\N	OPERATIVE	114	XC3RS1XB301N
766IFKR1O57S	\N	\N	\N	\N	\N	\N	\N	OPERATIVE	115	IV28QW7G2FD6
15OR47C4YDXB	\N	\N	\N	\N	\N	\N	\N	OPERATIVE	116	4AJXM18CBJP0
PBJ0ZKBCIER8	\N	\N	\N	\N	\N	\N	\N	OPERATIVE	117	HZBBRPC2NK25
ZAACSGBRX7KD	\N	\N	\N	\N	\N	\N	\N	OPERATIVE	118	1J8GXNYBTDXQ
HWQK5IM6RQR9	\N	\N	\N	\N	\N	\N	\N	OPERATIVE	119	KC52WWD5NAPW
L2Q6G187UFTA	\N	\N	\N	\N	\N	\N	\N	OPERATIVE	120	67J1YE9X7N0L
O99H3KJA9MAI	\N	\N	\N	\N	\N	\N	\N	OPERATIVE	121	WQ1M3WFQEZNH
D0ZRF46F41WJ	\N	\N	\N	\N	\N	\N	\N	OPERATIVE	122	JM4E2GIMBBVB
T9XQ5XHD72YC	\N	\N	\N	\N	\N	\N	\N	OPERATIVE	123	O1UI75U7F0K2
JOIV3VBS8AO6	\N	\N	\N	\N	\N	\N	\N	OPERATIVE	124	5XGT0ECQXFPH
87J1QZC9DZ17	\N	\N	\N	\N	\N	\N	\N	OPERATIVE	125	YLOW2TH14HJR
LSEOE4Y2PH6J	\N	\N	\N	\N	\N	\N	\N	OPERATIVE	126	Z72F5IT7RXTG
HZC0P96L1QNH	\N	\N	\N	\N	\N	\N	\N	OPERATIVE	127	VFRW3095NQ53
TIPQOLBZ39HU	\N	\N	\N	\N	\N	\N	\N	OPERATIVE	128	TKFFJSG9WXZD
T8P70SAQSH68	\N	\N	\N	\N	\N	\N	\N	OPERATIVE	129	ZHDS4360NMRZ
8DKR4TRLPNTJ	\N	\N	\N	\N	\N	\N	\N	OPERATIVE	130	BIX5KP3UCEYP
DA91JUZ73CRN	\N	\N	\N	\N	\N	\N	\N	OPERATIVE	131	W62SEM4JLADS
SKRXYRSPI9GW	\N	\N	\N	\N	\N	\N	\N	OPERATIVE	132	QSHN8TTD2S8N
SYJA4A7VZQQG	\N	\N	\N	\N	\N	\N	\N	OPERATIVE	133	887S5S4ZU4D2
9ZT6FB4EYRWG	\N	\N	\N	\N	\N	\N	\N	OPERATIVE	134	XET1M480FZJZ
M2W2U3GOZNT6	\N	\N	\N	\N	\N	\N	\N	OPERATIVE	135	FYZS3UK8932F
G16LJ566DEXU	\N	\N	\N	\N	\N	\N	\N	OPERATIVE	136	89L3S2T6Q3H6
M9FIDB0DNIQP	\N	\N	\N	\N	\N	\N	\N	OPERATIVE	137	JXOXYSTJCEHY
9BGB2W1MUVYP	\N	\N	\N	\N	\N	\N	\N	OPERATIVE	138	TSGN4Y14IJKY
EFA5WCACOT9W	\N	\N	\N	\N	\N	\N	\N	OPERATIVE	139	5EB47QK3GSB7
LSPAUD4E601P	\N	\N	\N	\N	\N	\N	\N	OPERATIVE	140	UBWNGS04R9EA
DN5I5NADFLC7	\N	\N	\N	\N	\N	\N	\N	OPERATIVE	141	X6UM28XF45MM
4PYB917RYPTX	\N	\N	\N	\N	\N	\N	\N	OPERATIVE	142	KX653MI3EBV7
LACQ523H2NPZ	\N	\N	\N	\N	\N	\N	\N	OPERATIVE	143	D4EQWUO6UDFH
629UWUI3ZL07	\N	\N	\N	\N	\N	\N	\N	OPERATIVE	144	MLEBUSL0OJVF
FEK9F8DQ2W5B	\N	\N	\N	\N	\N	\N	\N	OPERATIVE	145	XC2G3BG6135R
MP72SJFQD4DB	\N	\N	\N	\N	\N	\N	\N	OPERATIVE	146	LCRHUDY73YKJ
2X3IU7BCEZQU	\N	\N	\N	\N	\N	\N	\N	OPERATIVE	147	GH65ZAO7QDNH
0AI7ULC0O8GJ	\N	\N	\N	\N	\N	\N	\N	OPERATIVE	148	Z43VJUQW8M4S
6H3A0HB4IDZV	\N	\N	\N	\N	\N	\N	\N	OPERATIVE	149	EZ9S8RPV1DLJ
WY40448FWVZU	\N	\N	\N	\N	\N	\N	\N	OPERATIVE	150	FC8ZKEH9MJ3N
T4517WF1LZG9	\N	\N	\N	\N	\N	\N	\N	OPERATIVE	151	0QH9BMRH7MEF
BTWPNPBAYB9O	\N	\N	\N	\N	\N	\N	\N	OPERATIVE	152	XNC6C2Y6ALEG
6X8345R0KBR5	\N	\N	\N	\N	\N	\N	\N	OPERATIVE	153	RAF8KMTGBRKY
MVANABSF7O14	\N	\N	\N	\N	\N	\N	\N	OPERATIVE	154	LOIMMF2K6EQ6
RM03WTOSXGJW	\N	\N	\N	\N	\N	\N	\N	OPERATIVE	155	VFPG4VNMED2N
Y81T0Y7JMOFJ	\N	\N	\N	\N	\N	\N	\N	OPERATIVE	156	LZBO9YPY3SKI
6DCIZ03M0YDJ	\N	\N	\N	\N	\N	\N	\N	OPERATIVE	157	FNJVOF5EBYLD
KAAZFDEGJM1E	\N	\N	\N	\N	\N	\N	\N	OPERATIVE	158	UJ4HQQC2NWDU
R4GF3NOOW4TQ	\N	\N	\N	\N	\N	\N	\N	OPERATIVE	159	3Q4YXNO2DFH6
BWBDC7JNHQB4	\N	\N	\N	\N	\N	\N	\N	OPERATIVE	160	L4KTERTDUX7Q
AULQB6AS7DCY	\N	\N	\N	\N	\N	\N	\N	OPERATIVE	161	FALJQ4EKNU45
19ZE1PPHFTVT	\N	\N	\N	\N	\N	\N	\N	OPERATIVE	162	9IAZCK9SYJ7K
969XBM1N5G75	\N	\N	\N	\N	\N	\N	\N	OPERATIVE	163	2DGNQZE2V6YZ
5BK76XXFEBV4	\N	\N	\N	\N	\N	\N	\N	OPERATIVE	164	W8ZV8RAUHNG6
YHX9U0Y4RAUU	\N	\N	\N	\N	\N	\N	\N	OPERATIVE	165	3G2YNTJKLOSQ
7V317JS22USD	\N	\N	\N	\N	\N	\N	\N	OPERATIVE	166	548EQ5G75T65
Z8DTHWWZY2SA	\N	\N	\N	\N	\N	\N	\N	OPERATIVE	167	D0ROLB7L3VQO
4HO1W8VXWXNQ	\N	\N	\N	\N	\N	\N	\N	OPERATIVE	168	MEFH8GQON8U4
WL4DPJ02YCPF	\N	\N	\N	\N	\N	\N	\N	OPERATIVE	169	Y77HAMS5RON0
1BPOBELAEGKW	\N	\N	\N	\N	\N	\N	\N	OPERATIVE	170	GKUWF3UN9G4S
O5EAKXRTA50J	\N	\N	\N	\N	\N	\N	\N	OPERATIVE	171	HKAFYCSC89KS
0WKZ47E735WP	\N	\N	\N	\N	\N	\N	\N	OPERATIVE	172	RYS8PC32D5S1
3A7I18YGZPEA	\N	\N	\N	\N	\N	\N	\N	OPERATIVE	173	HLUXF81HRD5Y
IFCVQ2X9AECU	\N	\N	\N	\N	\N	\N	\N	OPERATIVE	174	41AMPKYV69DA
B5C84QT4OEVV	\N	\N	\N	\N	\N	\N	\N	OPERATIVE	175	O53NRDZ8FI4F
3QIUXSDJ1V41	\N	\N	\N	\N	\N	\N	\N	OPERATIVE	176	56Q6STVFGKG1
FHL8218BMCP3	\N	\N	\N	\N	\N	\N	\N	OPERATIVE	177	8YSMW88ZHA2M
40L1WKNXYYDN	\N	\N	\N	\N	\N	\N	\N	OPERATIVE	178	I6YP5ZQM470A
FDQMPMOX5IK3	\N	\N	\N	\N	\N	\N	\N	OPERATIVE	179	3MJCCMP5NIFY
R7ETS84Z0AKY	\N	\N	\N	\N	\N	\N	\N	OPERATIVE	180	T22HPG1T89AN
XNTFX171WVQI	\N	\N	\N	\N	\N	\N	\N	OPERATIVE	181	YQ85BJXWTITX
ATJA1I0GBBYP	\N	\N	\N	\N	\N	\N	\N	OPERATIVE	182	K4VTGKAN9N1P
\.


--
-- TOC entry 2233 (class 0 OID 72652)
-- Dependencies: 172
-- Data for Name: slot; Type: TABLE DATA; Schema: public; Owner: BikeMan
--

COPY slot (station_stationmanufacturerid, slot_error_code, slot_error_info, slot_position, slot_state, slot_manufacturer_id) FROM stdin;
2262bdfd-014e-4f37-bba1-e0f631566b8e	\N	\N	13	OPERATIVE	9f43aa0f-0fdc-410a-b1c7-601a2c59d42e
2262bdfd-014e-4f37-bba1-e0f631566b8e	\N	\N	4	OPERATIVE	6fd3945e-2d9e-4af0-8969-c7a0f3459a56
2262bdfd-014e-4f37-bba1-e0f631566b8e	\N	\N	12	OPERATIVE	8caa6836-ba6d-48e3-87ef-651f90968bab
2262bdfd-014e-4f37-bba1-e0f631566b8e	\N	\N	10	OPERATIVE	d094e850-0c27-41b6-b97f-2d7c5301dc53
2262bdfd-014e-4f37-bba1-e0f631566b8e	\N	\N	5	OPERATIVE	82b9d68f-b45c-4323-b8cf-0b73e0be192b
2262bdfd-014e-4f37-bba1-e0f631566b8e	\N	\N	17	OPERATIVE	35a7b413-0bd3-4c9f-8592-9c24352c03cb
2262bdfd-014e-4f37-bba1-e0f631566b8e	\N	\N	18	OPERATIVE	141293bf-f079-4b36-a183-0176b8ab6670
2262bdfd-014e-4f37-bba1-e0f631566b8e	\N	\N	11	OPERATIVE	45dec466-7d6c-43fe-8924-928a2cc4832b
2262bdfd-014e-4f37-bba1-e0f631566b8e	\N	\N	7	OPERATIVE	7838bfc6-0686-4621-b78a-5aac76bb80ec
2262bdfd-014e-4f37-bba1-e0f631566b8e	\N	\N	19	OPERATIVE	fb2a4878-68da-4c0d-94b4-60a1ec355b6f
2262bdfd-014e-4f37-bba1-e0f631566b8e	\N	\N	3	OPERATIVE	feb18c1b-d868-4a19-9f40-2f4b95833d5c
2262bdfd-014e-4f37-bba1-e0f631566b8e	\N	\N	2	OPERATIVE	7b89cbe6-f1ee-47e9-ab90-0c83ab4ca02f
2262bdfd-014e-4f37-bba1-e0f631566b8e	\N	\N	15	OPERATIVE	0a18d28f-342e-4570-9075-6bdfbded5cd2
2262bdfd-014e-4f37-bba1-e0f631566b8e	\N	\N	14	OPERATIVE	52e5b34a-15d6-4ddc-ab52-a2f78b74c785
2262bdfd-014e-4f37-bba1-e0f631566b8e	\N	\N	20	OPERATIVE	07fbbe10-d8b1-4c91-b43f-94b82682dbbe
2262bdfd-014e-4f37-bba1-e0f631566b8e	\N	\N	8	OPERATIVE	87fd5b5a-9911-48db-832b-b4b9b027fd5a
2262bdfd-014e-4f37-bba1-e0f631566b8e	\N	\N	9	OPERATIVE	c0011045-14d1-40fb-97db-74b60ef26bcb
2262bdfd-014e-4f37-bba1-e0f631566b8e	\N	\N	6	OPERATIVE	35547926-54c0-4100-afa5-5ae4289e078f
1e8e747b-df54-4662-acd6-33c21acd92ec	\N	\N	2	OPERATIVE	f2f98c31-3ef1-495e-b7dc-3be46898acc4
1e8e747b-df54-4662-acd6-33c21acd92ec	\N	\N	8	OPERATIVE	c765ef64-c167-4de8-a8e3-5ada129fec2b
1e8e747b-df54-4662-acd6-33c21acd92ec	\N	\N	6	OPERATIVE	02c97c64-3ea7-48c8-a774-b53ebe9fefbe
1e8e747b-df54-4662-acd6-33c21acd92ec	\N	\N	10	OPERATIVE	d43204f4-5667-445e-a273-b8549852a691
1e8e747b-df54-4662-acd6-33c21acd92ec	\N	\N	9	OPERATIVE	94c0959e-b534-4a7d-a0de-9c86442c684b
1e8e747b-df54-4662-acd6-33c21acd92ec	\N	\N	11	OPERATIVE	834cfc6a-61ca-4478-9d0b-d096ccf8b87c
1e8e747b-df54-4662-acd6-33c21acd92ec	\N	\N	7	OPERATIVE	b32753bf-15a8-4fa6-8bf5-b50b716a3439
1e8e747b-df54-4662-acd6-33c21acd92ec	\N	\N	18	OPERATIVE	f79e834c-492c-4575-8d07-5188e9607d89
1e8e747b-df54-4662-acd6-33c21acd92ec	\N	\N	16	OPERATIVE	f5d222df-b4ab-48e7-a429-bc1c81b47a95
1e8e747b-df54-4662-acd6-33c21acd92ec	\N	\N	15	OPERATIVE	232576fe-4371-4efe-9a21-4e695eaf3882
1e8e747b-df54-4662-acd6-33c21acd92ec	\N	\N	13	OPERATIVE	37bbe040-d0d2-4497-a918-6c79f0a7e783
1e8e747b-df54-4662-acd6-33c21acd92ec	\N	\N	19	OPERATIVE	ea2cc458-4e63-44ba-88bd-5452f1a2b9c7
1e8e747b-df54-4662-acd6-33c21acd92ec	\N	\N	20	OPERATIVE	fec8b383-8588-46c8-bbdd-9c0f65167d63
1e8e747b-df54-4662-acd6-33c21acd92ec	\N	\N	17	OPERATIVE	2438fb4f-2a2f-4171-b62d-f63855dedac5
1e8e747b-df54-4662-acd6-33c21acd92ec	\N	\N	3	OPERATIVE	d4321828-3571-4de8-a3ab-518f9464a6c5
1e8e747b-df54-4662-acd6-33c21acd92ec	\N	\N	12	OPERATIVE	09eab238-c740-4d43-a4f7-9a90c146e01c
1e8e747b-df54-4662-acd6-33c21acd92ec	\N	\N	1	OPERATIVE	8f04e763-86ec-4b5a-897a-2d5267c7ff39
e7662b1c-9637-4f7a-a7b1-6a83c6ada252	\N	\N	18	OPERATIVE	0dab7a6d-c244-4258-b6ea-6613fe75a2a4
e7662b1c-9637-4f7a-a7b1-6a83c6ada252	\N	\N	15	OPERATIVE	6533b115-7e24-4c20-b72b-820edde8426a
e7662b1c-9637-4f7a-a7b1-6a83c6ada252	\N	\N	9	OPERATIVE	81a62aa0-a59b-4e4f-81fc-d7a644f294de
e7662b1c-9637-4f7a-a7b1-6a83c6ada252	\N	\N	2	OPERATIVE	75bd09af-c48b-4b14-99ae-74f9a36e7184
e7662b1c-9637-4f7a-a7b1-6a83c6ada252	\N	\N	20	OPERATIVE	40bbae38-4a8f-4814-a4d2-c7ad6557af00
e7662b1c-9637-4f7a-a7b1-6a83c6ada252	\N	\N	19	OPERATIVE	1e91d86b-d31d-41c1-832d-522074372b61
e7662b1c-9637-4f7a-a7b1-6a83c6ada252	\N	\N	12	OPERATIVE	62c17907-199d-4507-88f4-ed9457ad512d
e7662b1c-9637-4f7a-a7b1-6a83c6ada252	\N	\N	7	OPERATIVE	6d57e727-c48c-42a0-a66d-3d72f8dd6faa
e7662b1c-9637-4f7a-a7b1-6a83c6ada252	\N	\N	8	OPERATIVE	048b2b98-2ae1-4f01-904e-6d511673a2c7
e7662b1c-9637-4f7a-a7b1-6a83c6ada252	\N	\N	6	OPERATIVE	83146d77-2f89-4e3a-8a5f-448102a998f5
e7662b1c-9637-4f7a-a7b1-6a83c6ada252	\N	\N	1	OPERATIVE	907c7219-4519-4412-9de4-bfdf2e2c964e
e7662b1c-9637-4f7a-a7b1-6a83c6ada252	\N	\N	14	OPERATIVE	fef9cbd7-6a99-40e1-853e-79434bb183c2
e7662b1c-9637-4f7a-a7b1-6a83c6ada252	\N	\N	10	OPERATIVE	df515b7d-2fae-46b7-9e17-dfc906e150b7
e7662b1c-9637-4f7a-a7b1-6a83c6ada252	\N	\N	17	OPERATIVE	04429272-b875-478c-82c0-5db6a5bf8524
e7662b1c-9637-4f7a-a7b1-6a83c6ada252	\N	\N	5	OPERATIVE	d7629b4b-b0d1-498b-bdd4-effe9d6957b4
e7662b1c-9637-4f7a-a7b1-6a83c6ada252	\N	\N	3	OPERATIVE	9efe5f02-366b-4bec-8cea-e6365bd857e3
e7662b1c-9637-4f7a-a7b1-6a83c6ada252	\N	\N	13	OPERATIVE	466bebdd-b738-44db-9ebc-0ba7559e3229
e7662b1c-9637-4f7a-a7b1-6a83c6ada252	\N	\N	11	OPERATIVE	145e0fa2-a3e7-4d80-bd1c-874037cf8d48
e7662b1c-9637-4f7a-a7b1-6a83c6ada252	\N	\N	16	OPERATIVE	364d80cb-ec11-4f8a-b686-95da25e520a9
e7662b1c-9637-4f7a-a7b1-6a83c6ada252	\N	\N	4	OPERATIVE	fcea5bb5-eee4-4466-9454-00cc039d417a
7afb9018-30c4-4500-9300-3a893cfef1df	\N	\N	3	OPERATIVE	0e899794-c7db-4af7-9d79-476a5dad1468
7afb9018-30c4-4500-9300-3a893cfef1df	\N	\N	17	OPERATIVE	aa147018-db36-4abe-8dfd-c12444849c3d
7afb9018-30c4-4500-9300-3a893cfef1df	\N	\N	9	OPERATIVE	8fd7808f-87d9-49bc-8ba7-3c7be3a95a81
7afb9018-30c4-4500-9300-3a893cfef1df	\N	\N	10	OPERATIVE	f1cffc99-5ee1-46ad-8bd7-0a7387d776e3
7afb9018-30c4-4500-9300-3a893cfef1df	\N	\N	19	OPERATIVE	9700f243-27b6-4859-9a05-dbb05f6fd253
7afb9018-30c4-4500-9300-3a893cfef1df	\N	\N	8	OPERATIVE	01482309-3c08-4453-a980-47c755c3b09e
7afb9018-30c4-4500-9300-3a893cfef1df	\N	\N	11	OPERATIVE	6185d26a-96da-471a-a95d-9725e31086ad
7afb9018-30c4-4500-9300-3a893cfef1df	\N	\N	2	OPERATIVE	33c7851d-da23-4521-b834-9737f0c2c75a
7afb9018-30c4-4500-9300-3a893cfef1df	\N	\N	15	OPERATIVE	e4193b03-f9a9-4700-a79c-5611539692dd
2262bdfd-014e-4f37-bba1-e0f631566b8e	\N	\N	16	OPERATIVE	45009c85-44cf-4f12-89af-74418971cd9c
1e8e747b-df54-4662-acd6-33c21acd92ec	\N	\N	4	OPERATIVE	52cba528-4270-4935-a196-a4d88566318b
1e8e747b-df54-4662-acd6-33c21acd92ec	\N	\N	14	OPERATIVE	6f187c3f-44ed-4770-85dc-4547bd341673
7afb9018-30c4-4500-9300-3a893cfef1df	\N	\N	5	OPERATIVE	d3b90fe3-9f45-4ea2-9f54-577b93f8181a
1e8e747b-df54-4662-acd6-33c21acd92ec	\N	\N	5	OPERATIVE	65f13dfc-b34d-4d69-8591-095b532edf85
7afb9018-30c4-4500-9300-3a893cfef1df	\N	\N	4	OPERATIVE	43bf094c-fd6e-44eb-8e12-cd4a065a6581
7afb9018-30c4-4500-9300-3a893cfef1df	\N	\N	7	OPERATIVE	b82107c8-2634-468e-8775-e4d955b17da1
7afb9018-30c4-4500-9300-3a893cfef1df	\N	\N	12	OPERATIVE	c4248834-392d-4dce-ad00-cf20785c05d0
7afb9018-30c4-4500-9300-3a893cfef1df	\N	\N	14	OPERATIVE	4d4d9232-a0b4-442e-be95-d8a5edad1f54
7afb9018-30c4-4500-9300-3a893cfef1df	\N	\N	20	OPERATIVE	c8a458d8-db4b-4160-aeb2-2054daf8aeef
7afb9018-30c4-4500-9300-3a893cfef1df	\N	\N	1	OPERATIVE	74c15e19-c284-4a4c-8980-6afd852883ae
7afb9018-30c4-4500-9300-3a893cfef1df	\N	\N	18	OPERATIVE	3afdf40a-e880-4223-a772-095d7cdc614d
7afb9018-30c4-4500-9300-3a893cfef1df	\N	\N	16	OPERATIVE	7c2abe9d-210c-435b-b6db-b269158e6d5e
7afb9018-30c4-4500-9300-3a893cfef1df	\N	\N	6	OPERATIVE	224fd886-cb94-4e63-8976-17d4e509bf1a
7afb9018-30c4-4500-9300-3a893cfef1df	\N	\N	13	OPERATIVE	847ca72b-47c4-4278-b837-88718e5da374
2262bdfd-014e-4f37-bba1-e0f631566b8e	\N	\N	1	OPERATIVE	c722836f-6674-4893-9970-1936305a590b
1234-1234	\N	\N	4	\N	443423
1234-1234	\N	\N	22	\N	asbs453
1F-CB-02-1F-6B-A3	\N	\N	1	\N	1
1e8e747b-df54-4662-acd6-33c21acd92ec	\N	\N	20	OPERATIVE	TJSN62OSX9WU
1e8e747b-df54-4662-acd6-33c21acd92ec	\N	\N	21	OPERATIVE	9HHC4HWW80BL
1e8e747b-df54-4662-acd6-33c21acd92ec	\N	\N	22	OPERATIVE	WJV6QC5SGUNO
1e8e747b-df54-4662-acd6-33c21acd92ec	\N	\N	23	OPERATIVE	XKB8QTVC56XE
1e8e747b-df54-4662-acd6-33c21acd92ec	\N	\N	24	OPERATIVE	KEG9X83NM1QW
1e8e747b-df54-4662-acd6-33c21acd92ec	\N	\N	25	OPERATIVE	FSW9UXLFAS3V
1e8e747b-df54-4662-acd6-33c21acd92ec	\N	\N	26	OPERATIVE	3MQMTFP06WK8
1e8e747b-df54-4662-acd6-33c21acd92ec	\N	\N	27	OPERATIVE	F9Y6HNOTC45T
1e8e747b-df54-4662-acd6-33c21acd92ec	\N	\N	28	OPERATIVE	2OE2VPK6O3OQ
1e8e747b-df54-4662-acd6-33c21acd92ec	\N	\N	29	OPERATIVE	MLEBUSL0OJVF
1e8e747b-df54-4662-acd6-33c21acd92ec	\N	\N	30	OPERATIVE	T36IKTFLNWJI
1e8e747b-df54-4662-acd6-33c21acd92ec	\N	\N	31	OPERATIVE	RRENGPCZY87U
1e8e747b-df54-4662-acd6-33c21acd92ec	\N	\N	32	OPERATIVE	D09CFQPFAW0Y
1e8e747b-df54-4662-acd6-33c21acd92ec	\N	\N	33	OPERATIVE	6KJN5AQVT22B
1e8e747b-df54-4662-acd6-33c21acd92ec	\N	\N	34	OPERATIVE	O1UI75U7F0K2
1e8e747b-df54-4662-acd6-33c21acd92ec	\N	\N	35	OPERATIVE	EPMYY6E37RNI
85b4e05f-ac30-4359-8cb0-fd0fc7042876	\N	\N	16	OPERATIVE	KCBPUUAOKYZQ
85b4e05f-ac30-4359-8cb0-fd0fc7042876	\N	\N	1	OPERATIVE	KJAFR5J23E2J
85b4e05f-ac30-4359-8cb0-fd0fc7042876	\N	\N	2	OPERATIVE	OZY5P7HD2TR0
85b4e05f-ac30-4359-8cb0-fd0fc7042876	\N	\N	3	OPERATIVE	4YXCJKU0MFSQ
85b4e05f-ac30-4359-8cb0-fd0fc7042876	\N	\N	4	OPERATIVE	0M165G1EYTFU
85b4e05f-ac30-4359-8cb0-fd0fc7042876	\N	\N	5	OPERATIVE	93Y18W7RRXJ5
85b4e05f-ac30-4359-8cb0-fd0fc7042876	\N	\N	6	OPERATIVE	JGDJ26O8SBRO
85b4e05f-ac30-4359-8cb0-fd0fc7042876	\N	\N	7	OPERATIVE	LOIMMF2K6EQ6
85b4e05f-ac30-4359-8cb0-fd0fc7042876	\N	\N	8	OPERATIVE	IR24TN0VNT8M
85b4e05f-ac30-4359-8cb0-fd0fc7042876	\N	\N	9	OPERATIVE	32XC73EHQLFR
85b4e05f-ac30-4359-8cb0-fd0fc7042876	\N	\N	10	OPERATIVE	TXVVUTIJQOA4
85b4e05f-ac30-4359-8cb0-fd0fc7042876	\N	\N	11	OPERATIVE	ISP4QRCDXQ3M
85b4e05f-ac30-4359-8cb0-fd0fc7042876	\N	\N	12	OPERATIVE	ZUTN1QRKVQB2
85b4e05f-ac30-4359-8cb0-fd0fc7042876	\N	\N	13	OPERATIVE	56Q6STVFGKG1
85b4e05f-ac30-4359-8cb0-fd0fc7042876	\N	\N	14	OPERATIVE	DTYNVP4XXGT4
85b4e05f-ac30-4359-8cb0-fd0fc7042876	\N	\N	15	OPERATIVE	QB4COAT98ZO9
1F-CB-02-1F-6B-A3	\N	\N	1	OPERATIVE	OZYWFSTKLTJV
1F-CB-02-1F-6B-A3	\N	\N	2	OPERATIVE	6F0YFRXQ2TOB
1F-CB-02-1F-6B-A3	\N	\N	3	OPERATIVE	JFFSV8CBHTWS
1F-CB-02-1F-6B-A3	\N	\N	4	OPERATIVE	N2LF2GG4B8NP
1F-CB-02-1F-6B-A3	\N	\N	5	OPERATIVE	RO00HF6RBWF2
1F-CB-02-1F-6B-A3	\N	\N	6	OPERATIVE	3C5SDUGP7AML
1F-CB-02-1F-6B-A3	\N	\N	7	OPERATIVE	O4KVRNOYXMKS
1F-CB-02-1F-6B-A3	\N	\N	8	OPERATIVE	MB6RJZ81J3Z7
1F-CB-02-1F-6B-A3	\N	\N	9	OPERATIVE	81A5UK0X0O93
1F-CB-02-1F-6B-A3	\N	\N	10	OPERATIVE	5EB47QK3GSB7
1F-CB-02-1F-6B-A3	\N	\N	11	OPERATIVE	5QLVFSVQS2ZF
1F-CB-02-1F-6B-A3	\N	\N	12	OPERATIVE	LZBO9YPY3SKI
1F-CB-02-1F-6B-A3	\N	\N	13	OPERATIVE	L9TIEIFGF8W8
1F-CB-02-1F-6B-A3	\N	\N	14	OPERATIVE	DNMJNFIZF242
1F-CB-02-1F-6B-A3	\N	\N	15	OPERATIVE	AG4H8GILGPVS
1F-CB-02-1F-6B-A3	\N	\N	16	OPERATIVE	DJF5Z6KQROYW
1234-1234	\N	\N	2	OPERATIVE	0QH9BMRH7MEF
1234-1234	\N	\N	3	OPERATIVE	MY3OB92SWSYV
1234-1234	\N	\N	4	OPERATIVE	XQ7RSIMUSQYQ
1234-1234	\N	\N	5	OPERATIVE	IVWJQE14PUUH
1234-1234	\N	\N	6	OPERATIVE	SKVTMMNWGCRS
1234-1234	\N	\N	7	OPERATIVE	QGGJQTM4SG5V
1234-1234	\N	\N	8	OPERATIVE	MWDSVZBI9PF3
1234-1234	\N	\N	9	OPERATIVE	K7N9OO49ZO4T
1234-1234	\N	\N	10	OPERATIVE	3G2YNTJKLOSQ
1234-1234	\N	\N	11	OPERATIVE	VT0DIQT51DH5
1234-1234	\N	\N	12	OPERATIVE	47OURS8LXIRO
1234-1234	\N	\N	13	OPERATIVE	F3COP2K041G1
1234-1234	\N	\N	14	OPERATIVE	X6UM28XF45MM
1234-1234	\N	\N	15	OPERATIVE	9IAZCK9SYJ7K
1234-1234	\N	\N	16	OPERATIVE	P6HT0M9X3FO9
1234-1234	\N	\N	17	OPERATIVE	U5LDJDZOYLZO
47456d87-0633-44e4-b4c1-8aef2c939133	\N	\N	16	OPERATIVE	A9NY440G7AGM
47456d87-0633-44e4-b4c1-8aef2c939133	\N	\N	1	OPERATIVE	LNFM7VJU2UWH
47456d87-0633-44e4-b4c1-8aef2c939133	\N	\N	2	OPERATIVE	FALJQ4EKNU45
47456d87-0633-44e4-b4c1-8aef2c939133	\N	\N	3	OPERATIVE	GKUWF3UN9G4S
47456d87-0633-44e4-b4c1-8aef2c939133	\N	\N	4	OPERATIVE	548EQ5G75T65
47456d87-0633-44e4-b4c1-8aef2c939133	\N	\N	5	OPERATIVE	3AC90EMM0AQN
47456d87-0633-44e4-b4c1-8aef2c939133	\N	\N	6	OPERATIVE	F4INC4PDBFS4
47456d87-0633-44e4-b4c1-8aef2c939133	\N	\N	7	OPERATIVE	MWVBQR17N3TF
47456d87-0633-44e4-b4c1-8aef2c939133	\N	\N	8	OPERATIVE	FC8ZKEH9MJ3N
47456d87-0633-44e4-b4c1-8aef2c939133	\N	\N	9	OPERATIVE	Y5642HVGQGZV
47456d87-0633-44e4-b4c1-8aef2c939133	\N	\N	10	OPERATIVE	F86OEV2MZAZY
47456d87-0633-44e4-b4c1-8aef2c939133	\N	\N	11	OPERATIVE	QSHN8TTD2S8N
47456d87-0633-44e4-b4c1-8aef2c939133	\N	\N	12	OPERATIVE	Z72F5IT7RXTG
47456d87-0633-44e4-b4c1-8aef2c939133	\N	\N	13	OPERATIVE	D40ONATXTFWX
47456d87-0633-44e4-b4c1-8aef2c939133	\N	\N	14	OPERATIVE	1J8GXNYBTDXQ
47456d87-0633-44e4-b4c1-8aef2c939133	\N	\N	15	OPERATIVE	Y77HAMS5RON0
76d0ef0e-51b3-41e8-b373-dc60217e0e6b	\N	\N	16	OPERATIVE	YVHQNGDPZOJE
76d0ef0e-51b3-41e8-b373-dc60217e0e6b	\N	\N	1	OPERATIVE	FOCDDWDGF50E
76d0ef0e-51b3-41e8-b373-dc60217e0e6b	\N	\N	2	OPERATIVE	LT7LGS0GGV7L
76d0ef0e-51b3-41e8-b373-dc60217e0e6b	\N	\N	3	OPERATIVE	U25074YCLGB1
76d0ef0e-51b3-41e8-b373-dc60217e0e6b	\N	\N	4	OPERATIVE	WFQ8E5S81H7Q
76d0ef0e-51b3-41e8-b373-dc60217e0e6b	\N	\N	5	OPERATIVE	8LQE3ZTOA2HV
76d0ef0e-51b3-41e8-b373-dc60217e0e6b	\N	\N	6	OPERATIVE	H0MCZ3M0PV15
76d0ef0e-51b3-41e8-b373-dc60217e0e6b	\N	\N	7	OPERATIVE	I6BAKJGNR4GZ
76d0ef0e-51b3-41e8-b373-dc60217e0e6b	\N	\N	8	OPERATIVE	Z0BRKEDIHOWT
76d0ef0e-51b3-41e8-b373-dc60217e0e6b	\N	\N	9	OPERATIVE	GH65ZAO7QDNH
76d0ef0e-51b3-41e8-b373-dc60217e0e6b	\N	\N	10	OPERATIVE	HSBJIFJAR1WM
76d0ef0e-51b3-41e8-b373-dc60217e0e6b	\N	\N	11	OPERATIVE	V7W25Q5CNLT7
76d0ef0e-51b3-41e8-b373-dc60217e0e6b	\N	\N	12	OPERATIVE	D4EQWUO6UDFH
76d0ef0e-51b3-41e8-b373-dc60217e0e6b	\N	\N	13	OPERATIVE	K4VTGKAN9N1P
76d0ef0e-51b3-41e8-b373-dc60217e0e6b	\N	\N	14	OPERATIVE	67J1YE9X7N0L
76d0ef0e-51b3-41e8-b373-dc60217e0e6b	\N	\N	15	OPERATIVE	VFRW3095NQ53
1fb869b5-22f3-4b13-aee5-7db36a7b38c7	\N	\N	16	OPERATIVE	VY4P1ZK2XW5C
1fb869b5-22f3-4b13-aee5-7db36a7b38c7	\N	\N	1	OPERATIVE	XTO60Q80J0EL
1fb869b5-22f3-4b13-aee5-7db36a7b38c7	\N	\N	2	OPERATIVE	6HVRVVUIIC8Q
1fb869b5-22f3-4b13-aee5-7db36a7b38c7	\N	\N	3	OPERATIVE	DIX9YZVYPCH7
1fb869b5-22f3-4b13-aee5-7db36a7b38c7	\N	\N	4	OPERATIVE	DZNYA2EDGOUB
1fb869b5-22f3-4b13-aee5-7db36a7b38c7	\N	\N	5	OPERATIVE	V70QTJZAJYK1
1fb869b5-22f3-4b13-aee5-7db36a7b38c7	\N	\N	6	OPERATIVE	8CLJ5NJNUKOY
1fb869b5-22f3-4b13-aee5-7db36a7b38c7	\N	\N	7	OPERATIVE	2SYUKOBQY6XU
1fb869b5-22f3-4b13-aee5-7db36a7b38c7	\N	\N	8	OPERATIVE	GI33WAYL92W0
1fb869b5-22f3-4b13-aee5-7db36a7b38c7	\N	\N	9	OPERATIVE	YS5MYIR3XQ1B
1fb869b5-22f3-4b13-aee5-7db36a7b38c7	\N	\N	10	OPERATIVE	SNFBD26W3BEA
1fb869b5-22f3-4b13-aee5-7db36a7b38c7	\N	\N	11	OPERATIVE	XX7JIWJCB39N
1fb869b5-22f3-4b13-aee5-7db36a7b38c7	\N	\N	12	OPERATIVE	XET1M480FZJZ
1fb869b5-22f3-4b13-aee5-7db36a7b38c7	\N	\N	13	OPERATIVE	FNMMKMFZ64P8
1fb869b5-22f3-4b13-aee5-7db36a7b38c7	\N	\N	14	OPERATIVE	JM4E2GIMBBVB
1fb869b5-22f3-4b13-aee5-7db36a7b38c7	\N	\N	15	OPERATIVE	ZIC255QY5X85
2262bdfd-014e-4f37-bba1-e0f631566b8e	\N	\N	20	OPERATIVE	JJTX9BVYGAPH
2262bdfd-014e-4f37-bba1-e0f631566b8e	\N	\N	21	OPERATIVE	8DIUFBEHA7W4
2262bdfd-014e-4f37-bba1-e0f631566b8e	\N	\N	22	OPERATIVE	VFPG4VNMED2N
2262bdfd-014e-4f37-bba1-e0f631566b8e	\N	\N	23	OPERATIVE	V02VH201GIEL
2262bdfd-014e-4f37-bba1-e0f631566b8e	\N	\N	24	OPERATIVE	F5JSZ64IZJHM
2262bdfd-014e-4f37-bba1-e0f631566b8e	\N	\N	25	OPERATIVE	D6UOQN3CY92I
2262bdfd-014e-4f37-bba1-e0f631566b8e	\N	\N	26	OPERATIVE	QG9BI7QN5LRB
2262bdfd-014e-4f37-bba1-e0f631566b8e	\N	\N	27	OPERATIVE	45956ZALTC62
2262bdfd-014e-4f37-bba1-e0f631566b8e	\N	\N	28	OPERATIVE	WTLP8ZD30I8S
2262bdfd-014e-4f37-bba1-e0f631566b8e	\N	\N	29	OPERATIVE	YLOT8D7MHKB0
2262bdfd-014e-4f37-bba1-e0f631566b8e	\N	\N	30	OPERATIVE	ELIRRQVCIGM9
2262bdfd-014e-4f37-bba1-e0f631566b8e	\N	\N	31	OPERATIVE	AALG4PA4PI42
2262bdfd-014e-4f37-bba1-e0f631566b8e	\N	\N	32	OPERATIVE	P5MJ03EVXUZU
2262bdfd-014e-4f37-bba1-e0f631566b8e	\N	\N	33	OPERATIVE	XSJLV7PHCYVY
2262bdfd-014e-4f37-bba1-e0f631566b8e	\N	\N	34	OPERATIVE	I7K5LBZJFV78
2262bdfd-014e-4f37-bba1-e0f631566b8e	\N	\N	35	OPERATIVE	XXA5824KS6XM
7afb9018-30c4-4500-9300-3a893cfef1df	\N	\N	20	OPERATIVE	BD0ADI51J430
7afb9018-30c4-4500-9300-3a893cfef1df	\N	\N	21	OPERATIVE	M7IVX7S2JQW2
7afb9018-30c4-4500-9300-3a893cfef1df	\N	\N	22	OPERATIVE	N8K6VC7KOVCL
7afb9018-30c4-4500-9300-3a893cfef1df	\N	\N	23	OPERATIVE	YQ85BJXWTITX
7afb9018-30c4-4500-9300-3a893cfef1df	\N	\N	24	OPERATIVE	WFUIMIIEUE0E
7afb9018-30c4-4500-9300-3a893cfef1df	\N	\N	25	OPERATIVE	UJJR7Y713MPC
7afb9018-30c4-4500-9300-3a893cfef1df	\N	\N	26	OPERATIVE	XFWI69254Y7M
7afb9018-30c4-4500-9300-3a893cfef1df	\N	\N	27	OPERATIVE	HZBBRPC2NK25
7afb9018-30c4-4500-9300-3a893cfef1df	\N	\N	28	OPERATIVE	HS6ZSG29O8P7
7afb9018-30c4-4500-9300-3a893cfef1df	\N	\N	29	OPERATIVE	6FM4G3GVYYAR
7afb9018-30c4-4500-9300-3a893cfef1df	\N	\N	30	OPERATIVE	3KA26NHL3RFA
7afb9018-30c4-4500-9300-3a893cfef1df	\N	\N	31	OPERATIVE	6QYY0TV8LEXR
7afb9018-30c4-4500-9300-3a893cfef1df	\N	\N	32	OPERATIVE	19TKZKO2L9WX
7afb9018-30c4-4500-9300-3a893cfef1df	\N	\N	33	OPERATIVE	ELRQQDPN8HTC
7afb9018-30c4-4500-9300-3a893cfef1df	\N	\N	34	OPERATIVE	YGUWBFY7ONRR
7afb9018-30c4-4500-9300-3a893cfef1df	\N	\N	35	OPERATIVE	S4BXJW66TC77
ef0ad4ad-e86b-4d7a-ba6b-55035c12e14e	\N	\N	16	OPERATIVE	328ZAX84UMUU
ef0ad4ad-e86b-4d7a-ba6b-55035c12e14e	\N	\N	1	OPERATIVE	BJSF7TCL756O
ef0ad4ad-e86b-4d7a-ba6b-55035c12e14e	\N	\N	2	OPERATIVE	NSEHA77PYNZS
ef0ad4ad-e86b-4d7a-ba6b-55035c12e14e	\N	\N	3	OPERATIVE	JZWIJIT8H997
ef0ad4ad-e86b-4d7a-ba6b-55035c12e14e	\N	\N	4	OPERATIVE	PHGY1JVD4DLL
ef0ad4ad-e86b-4d7a-ba6b-55035c12e14e	\N	\N	5	OPERATIVE	5PYHP9BES9ZR
ef0ad4ad-e86b-4d7a-ba6b-55035c12e14e	\N	\N	6	OPERATIVE	XC3RS1XB301N
ef0ad4ad-e86b-4d7a-ba6b-55035c12e14e	\N	\N	7	OPERATIVE	IOSNW2T4DY7J
ef0ad4ad-e86b-4d7a-ba6b-55035c12e14e	\N	\N	8	OPERATIVE	YLRYXYOSUPMM
ef0ad4ad-e86b-4d7a-ba6b-55035c12e14e	\N	\N	9	OPERATIVE	U062T9YYD9NV
ef0ad4ad-e86b-4d7a-ba6b-55035c12e14e	\N	\N	10	OPERATIVE	XNC6C2Y6ALEG
ef0ad4ad-e86b-4d7a-ba6b-55035c12e14e	\N	\N	11	OPERATIVE	HXAKQRI5DF6P
ef0ad4ad-e86b-4d7a-ba6b-55035c12e14e	\N	\N	12	OPERATIVE	D134V4S0OSLY
ef0ad4ad-e86b-4d7a-ba6b-55035c12e14e	\N	\N	13	OPERATIVE	M97DEZEJJPM2
ef0ad4ad-e86b-4d7a-ba6b-55035c12e14e	\N	\N	14	OPERATIVE	EX51V5QQNOTK
ef0ad4ad-e86b-4d7a-ba6b-55035c12e14e	\N	\N	15	OPERATIVE	L4KTERTDUX7Q
3e6398e8-520d-4c6a-86e8-f19fb158982d	\N	\N	16	OPERATIVE	G7HL7P7FQ99R
3e6398e8-520d-4c6a-86e8-f19fb158982d	\N	\N	1	OPERATIVE	O3WQT5BGGVIM
3e6398e8-520d-4c6a-86e8-f19fb158982d	\N	\N	2	OPERATIVE	547K7USSQ9WQ
3e6398e8-520d-4c6a-86e8-f19fb158982d	\N	\N	3	OPERATIVE	J1WB3ABWIV4M
3e6398e8-520d-4c6a-86e8-f19fb158982d	\N	\N	4	OPERATIVE	AY1J33VWZSSO
3e6398e8-520d-4c6a-86e8-f19fb158982d	\N	\N	5	OPERATIVE	2BM8BE1CRYZK
3e6398e8-520d-4c6a-86e8-f19fb158982d	\N	\N	6	OPERATIVE	G7Z2D2M2LWCB
3e6398e8-520d-4c6a-86e8-f19fb158982d	\N	\N	7	OPERATIVE	5L8NAN70WR9N
3e6398e8-520d-4c6a-86e8-f19fb158982d	\N	\N	8	OPERATIVE	RAIH3GAK2EXU
3e6398e8-520d-4c6a-86e8-f19fb158982d	\N	\N	9	OPERATIVE	RAF8KMTGBRKY
3e6398e8-520d-4c6a-86e8-f19fb158982d	\N	\N	10	OPERATIVE	02CL3LO1J1DP
3e6398e8-520d-4c6a-86e8-f19fb158982d	\N	\N	11	OPERATIVE	801Z7Z2ISLLA
3e6398e8-520d-4c6a-86e8-f19fb158982d	\N	\N	12	OPERATIVE	TLJTGFYFS76B
3e6398e8-520d-4c6a-86e8-f19fb158982d	\N	\N	13	OPERATIVE	CH10CF05LX4N
3e6398e8-520d-4c6a-86e8-f19fb158982d	\N	\N	14	OPERATIVE	SIZJ8ATYTDUL
3e6398e8-520d-4c6a-86e8-f19fb158982d	\N	\N	15	OPERATIVE	887S5S4ZU4D2
ca45d93f-688a-4d9b-a798-5de99a156442	\N	\N	16	OPERATIVE	675935GI7POW
ca45d93f-688a-4d9b-a798-5de99a156442	\N	\N	1	OPERATIVE	VJNABFXMHUUT
ca45d93f-688a-4d9b-a798-5de99a156442	\N	\N	2	OPERATIVE	BIX5KP3UCEYP
ca45d93f-688a-4d9b-a798-5de99a156442	\N	\N	3	OPERATIVE	SQBPIFKH6X4O
ca45d93f-688a-4d9b-a798-5de99a156442	\N	\N	4	OPERATIVE	E1UHW0VIR0TV
ca45d93f-688a-4d9b-a798-5de99a156442	\N	\N	5	OPERATIVE	U61JD7MENUWT
ca45d93f-688a-4d9b-a798-5de99a156442	\N	\N	6	OPERATIVE	BN3W9LF0NNIT
ca45d93f-688a-4d9b-a798-5de99a156442	\N	\N	7	OPERATIVE	MCJAK8HS0V7C
ca45d93f-688a-4d9b-a798-5de99a156442	\N	\N	8	OPERATIVE	MK7SWS2H2JQ3
ca45d93f-688a-4d9b-a798-5de99a156442	\N	\N	9	OPERATIVE	HGAP7HETO7RY
ca45d93f-688a-4d9b-a798-5de99a156442	\N	\N	10	OPERATIVE	W62SEM4JLADS
ca45d93f-688a-4d9b-a798-5de99a156442	\N	\N	11	OPERATIVE	YL9FE25AGK8R
ca45d93f-688a-4d9b-a798-5de99a156442	\N	\N	12	OPERATIVE	3MJCCMP5NIFY
ca45d93f-688a-4d9b-a798-5de99a156442	\N	\N	13	OPERATIVE	AHR7WPDC101D
ca45d93f-688a-4d9b-a798-5de99a156442	\N	\N	14	OPERATIVE	T9FQCREVN3DV
ca45d93f-688a-4d9b-a798-5de99a156442	\N	\N	15	OPERATIVE	IGMD80U6YDCF
4f2ba64b-c796-43a4-a03d-e520bd945448	\N	\N	16	OPERATIVE	4ZP4Y6K8QE42
4f2ba64b-c796-43a4-a03d-e520bd945448	\N	\N	1	OPERATIVE	IV28QW7G2FD6
4f2ba64b-c796-43a4-a03d-e520bd945448	\N	\N	2	OPERATIVE	S4PEZWPKJ6L9
4f2ba64b-c796-43a4-a03d-e520bd945448	\N	\N	3	OPERATIVE	8W3P8RWPNRPJ
4f2ba64b-c796-43a4-a03d-e520bd945448	\N	\N	4	OPERATIVE	GIKOUJNTYPS3
4f2ba64b-c796-43a4-a03d-e520bd945448	\N	\N	5	OPERATIVE	R8PV005X949O
4f2ba64b-c796-43a4-a03d-e520bd945448	\N	\N	6	OPERATIVE	JOMB64LIWM8B
4f2ba64b-c796-43a4-a03d-e520bd945448	\N	\N	7	OPERATIVE	CP9CSR67J78E
4f2ba64b-c796-43a4-a03d-e520bd945448	\N	\N	8	OPERATIVE	I83J1I9DH34S
4f2ba64b-c796-43a4-a03d-e520bd945448	\N	\N	9	OPERATIVE	4DSN3S8JWUXH
4f2ba64b-c796-43a4-a03d-e520bd945448	\N	\N	10	OPERATIVE	QSFVAHRO1DYN
4f2ba64b-c796-43a4-a03d-e520bd945448	\N	\N	11	OPERATIVE	91747CQ8KWAP
4f2ba64b-c796-43a4-a03d-e520bd945448	\N	\N	12	OPERATIVE	BLKGP3KIATD1
4f2ba64b-c796-43a4-a03d-e520bd945448	\N	\N	13	OPERATIVE	Q1SNQV86XP1B
4f2ba64b-c796-43a4-a03d-e520bd945448	\N	\N	14	OPERATIVE	JXOXYSTJCEHY
4f2ba64b-c796-43a4-a03d-e520bd945448	\N	\N	15	OPERATIVE	BIDBERRM1TTX
9a1836ca-b48c-41a0-8849-53b27261b2b2	\N	\N	16	OPERATIVE	23K5VB34I4FH
9a1836ca-b48c-41a0-8849-53b27261b2b2	\N	\N	1	OPERATIVE	OUFU2IYWWYE0
9a1836ca-b48c-41a0-8849-53b27261b2b2	\N	\N	2	OPERATIVE	44NUQPG3YWNI
9a1836ca-b48c-41a0-8849-53b27261b2b2	\N	\N	3	OPERATIVE	Q8EOY3QRBR1X
9a1836ca-b48c-41a0-8849-53b27261b2b2	\N	\N	4	OPERATIVE	XDHP6VDOXK8W
9a1836ca-b48c-41a0-8849-53b27261b2b2	\N	\N	5	OPERATIVE	4F5FDTT6BLUZ
9a1836ca-b48c-41a0-8849-53b27261b2b2	\N	\N	6	OPERATIVE	NPPALIZI714M
9a1836ca-b48c-41a0-8849-53b27261b2b2	\N	\N	7	OPERATIVE	XZHSFG5TW01G
9a1836ca-b48c-41a0-8849-53b27261b2b2	\N	\N	8	OPERATIVE	93LNAMCG9ADD
9a1836ca-b48c-41a0-8849-53b27261b2b2	\N	\N	9	OPERATIVE	G6WFCFTAGRKY
9a1836ca-b48c-41a0-8849-53b27261b2b2	\N	\N	10	OPERATIVE	YRXE5IM1NV7V
9a1836ca-b48c-41a0-8849-53b27261b2b2	\N	\N	11	OPERATIVE	52VB0KDQ37VR
9a1836ca-b48c-41a0-8849-53b27261b2b2	\N	\N	12	OPERATIVE	59BQGZUPCNFH
9a1836ca-b48c-41a0-8849-53b27261b2b2	\N	\N	13	OPERATIVE	5XGT0ECQXFPH
9a1836ca-b48c-41a0-8849-53b27261b2b2	\N	\N	14	OPERATIVE	1OO52P6EVCC9
9a1836ca-b48c-41a0-8849-53b27261b2b2	\N	\N	15	OPERATIVE	FA7301OW24SB
9dee432a-90ee-4c84-b75f-139792efb64c	\N	\N	16	OPERATIVE	D8JLF8JHFEDA
9dee432a-90ee-4c84-b75f-139792efb64c	\N	\N	1	OPERATIVE	JY2XPXVCOD7V
9dee432a-90ee-4c84-b75f-139792efb64c	\N	\N	2	OPERATIVE	V5LK2UAH31R3
9dee432a-90ee-4c84-b75f-139792efb64c	\N	\N	3	OPERATIVE	5JXUQQX06L2I
9dee432a-90ee-4c84-b75f-139792efb64c	\N	\N	4	OPERATIVE	E5AHRLRODC3D
9dee432a-90ee-4c84-b75f-139792efb64c	\N	\N	5	OPERATIVE	7GWC1D2URJT0
9dee432a-90ee-4c84-b75f-139792efb64c	\N	\N	6	OPERATIVE	UVUORTA5JALD
9dee432a-90ee-4c84-b75f-139792efb64c	\N	\N	7	OPERATIVE	0BM5V8T9UHWV
9dee432a-90ee-4c84-b75f-139792efb64c	\N	\N	8	OPERATIVE	D0ROLB7L3VQO
9dee432a-90ee-4c84-b75f-139792efb64c	\N	\N	9	OPERATIVE	EZ9S8RPV1DLJ
9dee432a-90ee-4c84-b75f-139792efb64c	\N	\N	10	OPERATIVE	OXGKOAOI1OA5
9dee432a-90ee-4c84-b75f-139792efb64c	\N	\N	11	OPERATIVE	M7QFYU7JOWY2
9dee432a-90ee-4c84-b75f-139792efb64c	\N	\N	12	OPERATIVE	HLUXF81HRD5Y
9dee432a-90ee-4c84-b75f-139792efb64c	\N	\N	13	OPERATIVE	9YTC4HRESUWR
9dee432a-90ee-4c84-b75f-139792efb64c	\N	\N	14	OPERATIVE	X1D996IRLTNJ
9dee432a-90ee-4c84-b75f-139792efb64c	\N	\N	15	OPERATIVE	46QDK140YW7Z
cfe7a22c-1374-4de7-a549-7b588d96fb70	\N	\N	16	OPERATIVE	PMHCNSG3JD0Y
cfe7a22c-1374-4de7-a549-7b588d96fb70	\N	\N	1	OPERATIVE	UKIQN5XI06WU
cfe7a22c-1374-4de7-a549-7b588d96fb70	\N	\N	2	OPERATIVE	8KN5P9PIA0D3
cfe7a22c-1374-4de7-a549-7b588d96fb70	\N	\N	3	OPERATIVE	1JOSGRWFPJ9B
cfe7a22c-1374-4de7-a549-7b588d96fb70	\N	\N	4	OPERATIVE	61OIZ47U3G0F
cfe7a22c-1374-4de7-a549-7b588d96fb70	\N	\N	5	OPERATIVE	R3N29KXE7HOD
cfe7a22c-1374-4de7-a549-7b588d96fb70	\N	\N	6	OPERATIVE	5B733HB9X3H2
cfe7a22c-1374-4de7-a549-7b588d96fb70	\N	\N	7	OPERATIVE	1GFQ7A53TYU1
cfe7a22c-1374-4de7-a549-7b588d96fb70	\N	\N	8	OPERATIVE	L5T5H4FM2REC
cfe7a22c-1374-4de7-a549-7b588d96fb70	\N	\N	9	OPERATIVE	T22HPG1T89AN
cfe7a22c-1374-4de7-a549-7b588d96fb70	\N	\N	10	OPERATIVE	LINEK1I7P7NX
cfe7a22c-1374-4de7-a549-7b588d96fb70	\N	\N	11	OPERATIVE	FNJVOF5EBYLD
cfe7a22c-1374-4de7-a549-7b588d96fb70	\N	\N	12	OPERATIVE	WAGIMZRKFOQE
cfe7a22c-1374-4de7-a549-7b588d96fb70	\N	\N	13	OPERATIVE	9K1S9NB50T2S
cfe7a22c-1374-4de7-a549-7b588d96fb70	\N	\N	14	OPERATIVE	BCSCLNAYHE7Z
cfe7a22c-1374-4de7-a549-7b588d96fb70	\N	\N	15	OPERATIVE	6FHKWU9SIJJP
6e2e4b00-0444-423b-aac9-2aa55ff4b848	\N	\N	16	OPERATIVE	XK2MSJHFUOKC
6e2e4b00-0444-423b-aac9-2aa55ff4b848	\N	\N	1	OPERATIVE	D6O6E6U79BU3
6e2e4b00-0444-423b-aac9-2aa55ff4b848	\N	\N	2	OPERATIVE	TKFFJSG9WXZD
6e2e4b00-0444-423b-aac9-2aa55ff4b848	\N	\N	3	OPERATIVE	NLW7O82EUIWH
6e2e4b00-0444-423b-aac9-2aa55ff4b848	\N	\N	4	OPERATIVE	0W2E2LO86KUV
6e2e4b00-0444-423b-aac9-2aa55ff4b848	\N	\N	5	OPERATIVE	KIXEM6C95H9C
6e2e4b00-0444-423b-aac9-2aa55ff4b848	\N	\N	6	OPERATIVE	AOFKQVAMNZQE
6e2e4b00-0444-423b-aac9-2aa55ff4b848	\N	\N	7	OPERATIVE	WQ1M3WFQEZNH
6e2e4b00-0444-423b-aac9-2aa55ff4b848	\N	\N	8	OPERATIVE	NKV5E9YCN676
6e2e4b00-0444-423b-aac9-2aa55ff4b848	\N	\N	9	OPERATIVE	6D0J9GP40TXB
6e2e4b00-0444-423b-aac9-2aa55ff4b848	\N	\N	10	OPERATIVE	Z9O5P69980EV
6e2e4b00-0444-423b-aac9-2aa55ff4b848	\N	\N	11	OPERATIVE	I64FFALO4UE6
6e2e4b00-0444-423b-aac9-2aa55ff4b848	\N	\N	12	OPERATIVE	66JMLXB13YKM
6e2e4b00-0444-423b-aac9-2aa55ff4b848	\N	\N	13	OPERATIVE	4AJXM18CBJP0
6e2e4b00-0444-423b-aac9-2aa55ff4b848	\N	\N	14	OPERATIVE	MG4GLTUX8OUN
6e2e4b00-0444-423b-aac9-2aa55ff4b848	\N	\N	15	OPERATIVE	Z43VJUQW8M4S
fd103d90-83c3-46a3-89e9-1bcafd7fcd87	\N	\N	16	OPERATIVE	W0ZLGD07OJKX
fd103d90-83c3-46a3-89e9-1bcafd7fcd87	\N	\N	1	OPERATIVE	O53NRDZ8FI4F
fd103d90-83c3-46a3-89e9-1bcafd7fcd87	\N	\N	2	OPERATIVE	QFW285XWO5LG
fd103d90-83c3-46a3-89e9-1bcafd7fcd87	\N	\N	3	OPERATIVE	MTJWLB42WSQ2
fd103d90-83c3-46a3-89e9-1bcafd7fcd87	\N	\N	4	OPERATIVE	C7KB7Y0MO88Q
fd103d90-83c3-46a3-89e9-1bcafd7fcd87	\N	\N	5	OPERATIVE	ZR6CSFV1UU92
fd103d90-83c3-46a3-89e9-1bcafd7fcd87	\N	\N	6	OPERATIVE	CYAT1GZK8QS7
fd103d90-83c3-46a3-89e9-1bcafd7fcd87	\N	\N	7	OPERATIVE	PYU9MNOATYTW
fd103d90-83c3-46a3-89e9-1bcafd7fcd87	\N	\N	8	OPERATIVE	W4UIY5MRSNI0
fd103d90-83c3-46a3-89e9-1bcafd7fcd87	\N	\N	9	OPERATIVE	UJ4HQQC2NWDU
fd103d90-83c3-46a3-89e9-1bcafd7fcd87	\N	\N	10	OPERATIVE	KC52WWD5NAPW
fd103d90-83c3-46a3-89e9-1bcafd7fcd87	\N	\N	11	OPERATIVE	ZZFFY2VOCB5U
fd103d90-83c3-46a3-89e9-1bcafd7fcd87	\N	\N	12	OPERATIVE	FYZS3UK8932F
fd103d90-83c3-46a3-89e9-1bcafd7fcd87	\N	\N	13	OPERATIVE	NUCHGY4S4J1M
fd103d90-83c3-46a3-89e9-1bcafd7fcd87	\N	\N	14	OPERATIVE	YLOW2TH14HJR
fd103d90-83c3-46a3-89e9-1bcafd7fcd87	\N	\N	15	OPERATIVE	5EBZFA16Y2NO
026f3a18-949e-4f04-8575-081b95d4bb5d	\N	\N	16	OPERATIVE	1JWLWMGF1AJ6
026f3a18-949e-4f04-8575-081b95d4bb5d	\N	\N	1	OPERATIVE	WF8Z7OAU4BGD
026f3a18-949e-4f04-8575-081b95d4bb5d	\N	\N	2	OPERATIVE	1N3LH6SVSTF0
026f3a18-949e-4f04-8575-081b95d4bb5d	\N	\N	3	OPERATIVE	8NN5PPTA3725
026f3a18-949e-4f04-8575-081b95d4bb5d	\N	\N	4	OPERATIVE	KDW6JNNJHUJE
026f3a18-949e-4f04-8575-081b95d4bb5d	\N	\N	5	OPERATIVE	3Q4YXNO2DFH6
026f3a18-949e-4f04-8575-081b95d4bb5d	\N	\N	6	OPERATIVE	SB6FXYIPVOOI
026f3a18-949e-4f04-8575-081b95d4bb5d	\N	\N	7	OPERATIVE	BBNG8SH425YL
026f3a18-949e-4f04-8575-081b95d4bb5d	\N	\N	8	OPERATIVE	9SDGW21AW7P0
026f3a18-949e-4f04-8575-081b95d4bb5d	\N	\N	9	OPERATIVE	TSGN4Y14IJKY
026f3a18-949e-4f04-8575-081b95d4bb5d	\N	\N	10	OPERATIVE	KX653MI3EBV7
026f3a18-949e-4f04-8575-081b95d4bb5d	\N	\N	11	OPERATIVE	XGURH6R4ML3C
026f3a18-949e-4f04-8575-081b95d4bb5d	\N	\N	12	OPERATIVE	1IZ84V4TJLXN
026f3a18-949e-4f04-8575-081b95d4bb5d	\N	\N	13	OPERATIVE	RYS8PC32D5S1
026f3a18-949e-4f04-8575-081b95d4bb5d	\N	\N	14	OPERATIVE	WNEAYEME0SRV
026f3a18-949e-4f04-8575-081b95d4bb5d	\N	\N	15	OPERATIVE	BFFZZ9J9A4UD
e7662b1c-9637-4f7a-a7b1-6a83c6ada252	\N	\N	20	OPERATIVE	9ER71QDV12XZ
e7662b1c-9637-4f7a-a7b1-6a83c6ada252	\N	\N	21	OPERATIVE	4WD8ARJQW2H9
e7662b1c-9637-4f7a-a7b1-6a83c6ada252	\N	\N	22	OPERATIVE	SVYCNKMLYD39
e7662b1c-9637-4f7a-a7b1-6a83c6ada252	\N	\N	23	OPERATIVE	L864F1U5A1FC
e7662b1c-9637-4f7a-a7b1-6a83c6ada252	\N	\N	24	OPERATIVE	XC2G3BG6135R
e7662b1c-9637-4f7a-a7b1-6a83c6ada252	\N	\N	25	OPERATIVE	CN7T4189DG2K
e7662b1c-9637-4f7a-a7b1-6a83c6ada252	\N	\N	26	OPERATIVE	MD6VH8IKNHNX
e7662b1c-9637-4f7a-a7b1-6a83c6ada252	\N	\N	27	OPERATIVE	I6YP5ZQM470A
e7662b1c-9637-4f7a-a7b1-6a83c6ada252	\N	\N	28	OPERATIVE	UBWNGS04R9EA
e7662b1c-9637-4f7a-a7b1-6a83c6ada252	\N	\N	29	OPERATIVE	W8ZV8RAUHNG6
e7662b1c-9637-4f7a-a7b1-6a83c6ada252	\N	\N	30	OPERATIVE	2DGNQZE2V6YZ
e7662b1c-9637-4f7a-a7b1-6a83c6ada252	\N	\N	31	OPERATIVE	XO0YS55SIHDE
e7662b1c-9637-4f7a-a7b1-6a83c6ada252	\N	\N	32	OPERATIVE	7MPYK2J8L131
e7662b1c-9637-4f7a-a7b1-6a83c6ada252	\N	\N	33	OPERATIVE	89L3S2T6Q3H6
e7662b1c-9637-4f7a-a7b1-6a83c6ada252	\N	\N	34	OPERATIVE	ZHDS4360NMRZ
e7662b1c-9637-4f7a-a7b1-6a83c6ada252	\N	\N	35	OPERATIVE	LCRHUDY73YKJ
bb9923ca-0e00-492a-939b-b6fbce8935c3	\N	\N	16	OPERATIVE	T4QBK9RM6LWB
bb9923ca-0e00-492a-939b-b6fbce8935c3	\N	\N	1	OPERATIVE	ROP6TKC86PFU
bb9923ca-0e00-492a-939b-b6fbce8935c3	\N	\N	2	OPERATIVE	RNAVOFOUIFTF
bb9923ca-0e00-492a-939b-b6fbce8935c3	\N	\N	3	OPERATIVE	VIM495MN3SS4
bb9923ca-0e00-492a-939b-b6fbce8935c3	\N	\N	4	OPERATIVE	0VQ37ZFK2E98
bb9923ca-0e00-492a-939b-b6fbce8935c3	\N	\N	5	OPERATIVE	2P385EL6VM1J
bb9923ca-0e00-492a-939b-b6fbce8935c3	\N	\N	6	OPERATIVE	HKAFYCSC89KS
bb9923ca-0e00-492a-939b-b6fbce8935c3	\N	\N	7	OPERATIVE	MEFH8GQON8U4
bb9923ca-0e00-492a-939b-b6fbce8935c3	\N	\N	8	OPERATIVE	CZWO8SD2AX26
bb9923ca-0e00-492a-939b-b6fbce8935c3	\N	\N	9	OPERATIVE	YVRFHPJ0QT6L
bb9923ca-0e00-492a-939b-b6fbce8935c3	\N	\N	10	OPERATIVE	V1QY4Q83EJRQ
bb9923ca-0e00-492a-939b-b6fbce8935c3	\N	\N	11	OPERATIVE	FBXIEBT5P0C3
bb9923ca-0e00-492a-939b-b6fbce8935c3	\N	\N	12	OPERATIVE	8YSMW88ZHA2M
bb9923ca-0e00-492a-939b-b6fbce8935c3	\N	\N	13	OPERATIVE	55O43T96JN4L
bb9923ca-0e00-492a-939b-b6fbce8935c3	\N	\N	14	OPERATIVE	FR4X9G60I8GL
bb9923ca-0e00-492a-939b-b6fbce8935c3	\N	\N	15	OPERATIVE	41AMPKYV69DA
\.


--
-- TOC entry 2234 (class 0 OID 72660)
-- Dependencies: 173
-- Data for Name: station; Type: TABLE DATA; Schema: public; Owner: BikeMan
--

COPY station (station_manufacturer_id, charging_status_inform_interval, cmsuri, firmware_version, heartbeat_interval, open_slot_timeout, reboot_retries, station_error_code, station_error_info, station_state) FROM stdin;
1e8e747b-df54-4662-acd6-33c21acd92ec	50	http://localhost:8080	\N	\N	\N	\N	\N	\N	OPERATIVE
85b4e05f-ac30-4359-8cb0-fd0fc7042876	50	http://localhost:8080	\N	\N	\N	\N	\N	\N	OPERATIVE
1F-CB-02-1F-6B-A3	50	http://localhost:8080	\N	\N	\N	\N	\N	\N	OPERATIVE
1234-1234	50	http://localhost:8080	\N	\N	\N	\N	\N	\N	OPERATIVE
47456d87-0633-44e4-b4c1-8aef2c939133	50	http://localhost:8080	\N	\N	\N	\N	\N	\N	OPERATIVE
76d0ef0e-51b3-41e8-b373-dc60217e0e6b	50	http://localhost:8080	\N	\N	\N	\N	\N	\N	OPERATIVE
1fb869b5-22f3-4b13-aee5-7db36a7b38c7	50	http://localhost:8080	\N	\N	\N	\N	\N	\N	OPERATIVE
2262bdfd-014e-4f37-bba1-e0f631566b8e	50	http://localhost:8080	\N	\N	\N	\N	\N	\N	OPERATIVE
7afb9018-30c4-4500-9300-3a893cfef1df	50	http://localhost:8080	\N	\N	\N	\N	\N	\N	OPERATIVE
ef0ad4ad-e86b-4d7a-ba6b-55035c12e14e	50	http://localhost:8080	\N	\N	\N	\N	\N	\N	OPERATIVE
3e6398e8-520d-4c6a-86e8-f19fb158982d	50	http://localhost:8080	\N	\N	\N	\N	\N	\N	OPERATIVE
ca45d93f-688a-4d9b-a798-5de99a156442	50	http://localhost:8080	\N	\N	\N	\N	\N	\N	OPERATIVE
4f2ba64b-c796-43a4-a03d-e520bd945448	50	http://localhost:8080	\N	\N	\N	\N	\N	\N	OPERATIVE
9a1836ca-b48c-41a0-8849-53b27261b2b2	50	http://localhost:8080	\N	\N	\N	\N	\N	\N	OPERATIVE
9dee432a-90ee-4c84-b75f-139792efb64c	50	http://localhost:8080	\N	\N	\N	\N	\N	\N	OPERATIVE
cfe7a22c-1374-4de7-a549-7b588d96fb70	50	http://localhost:8080	\N	\N	\N	\N	\N	\N	OPERATIVE
6e2e4b00-0444-423b-aac9-2aa55ff4b848	50	http://localhost:8080	\N	\N	\N	\N	\N	\N	OPERATIVE
fd103d90-83c3-46a3-89e9-1bcafd7fcd87	50	http://localhost:8080	\N	\N	\N	\N	\N	\N	OPERATIVE
026f3a18-949e-4f04-8575-081b95d4bb5d	50	http://localhost:8080	\N	\N	\N	\N	\N	\N	OPERATIVE
e7662b1c-9637-4f7a-a7b1-6a83c6ada252	50	http://localhost:8080	\N	\N	\N	\N	\N	\N	OPERATIVE
bb9923ca-0e00-492a-939b-b6fbce8935c3	50	http://localhost:8080	\N	\N	\N	\N	\N	\N	OPERATIVE
\.


--
-- TOC entry 2235 (class 0 OID 72668)
-- Dependencies: 174
-- Data for Name: station_slots; Type: TABLE DATA; Schema: public; Owner: BikeMan
--

COPY station_slots (station_stationmanufacturerid, slots_slotmanufacturerid) FROM stdin;
2262bdfd-014e-4f37-bba1-e0f631566b8e	9f43aa0f-0fdc-410a-b1c7-601a2c59d42e
2262bdfd-014e-4f37-bba1-e0f631566b8e	6fd3945e-2d9e-4af0-8969-c7a0f3459a56
2262bdfd-014e-4f37-bba1-e0f631566b8e	8caa6836-ba6d-48e3-87ef-651f90968bab
2262bdfd-014e-4f37-bba1-e0f631566b8e	d094e850-0c27-41b6-b97f-2d7c5301dc53
2262bdfd-014e-4f37-bba1-e0f631566b8e	82b9d68f-b45c-4323-b8cf-0b73e0be192b
2262bdfd-014e-4f37-bba1-e0f631566b8e	35a7b413-0bd3-4c9f-8592-9c24352c03cb
2262bdfd-014e-4f37-bba1-e0f631566b8e	141293bf-f079-4b36-a183-0176b8ab6670
2262bdfd-014e-4f37-bba1-e0f631566b8e	45dec466-7d6c-43fe-8924-928a2cc4832b
2262bdfd-014e-4f37-bba1-e0f631566b8e	7838bfc6-0686-4621-b78a-5aac76bb80ec
2262bdfd-014e-4f37-bba1-e0f631566b8e	fb2a4878-68da-4c0d-94b4-60a1ec355b6f
2262bdfd-014e-4f37-bba1-e0f631566b8e	feb18c1b-d868-4a19-9f40-2f4b95833d5c
2262bdfd-014e-4f37-bba1-e0f631566b8e	7b89cbe6-f1ee-47e9-ab90-0c83ab4ca02f
2262bdfd-014e-4f37-bba1-e0f631566b8e	0a18d28f-342e-4570-9075-6bdfbded5cd2
2262bdfd-014e-4f37-bba1-e0f631566b8e	52e5b34a-15d6-4ddc-ab52-a2f78b74c785
2262bdfd-014e-4f37-bba1-e0f631566b8e	07fbbe10-d8b1-4c91-b43f-94b82682dbbe
2262bdfd-014e-4f37-bba1-e0f631566b8e	87fd5b5a-9911-48db-832b-b4b9b027fd5a
2262bdfd-014e-4f37-bba1-e0f631566b8e	c0011045-14d1-40fb-97db-74b60ef26bcb
2262bdfd-014e-4f37-bba1-e0f631566b8e	35547926-54c0-4100-afa5-5ae4289e078f
1e8e747b-df54-4662-acd6-33c21acd92ec	f2f98c31-3ef1-495e-b7dc-3be46898acc4
1e8e747b-df54-4662-acd6-33c21acd92ec	c765ef64-c167-4de8-a8e3-5ada129fec2b
1e8e747b-df54-4662-acd6-33c21acd92ec	02c97c64-3ea7-48c8-a774-b53ebe9fefbe
1e8e747b-df54-4662-acd6-33c21acd92ec	d43204f4-5667-445e-a273-b8549852a691
1e8e747b-df54-4662-acd6-33c21acd92ec	94c0959e-b534-4a7d-a0de-9c86442c684b
1e8e747b-df54-4662-acd6-33c21acd92ec	834cfc6a-61ca-4478-9d0b-d096ccf8b87c
1e8e747b-df54-4662-acd6-33c21acd92ec	b32753bf-15a8-4fa6-8bf5-b50b716a3439
1e8e747b-df54-4662-acd6-33c21acd92ec	f79e834c-492c-4575-8d07-5188e9607d89
1e8e747b-df54-4662-acd6-33c21acd92ec	f5d222df-b4ab-48e7-a429-bc1c81b47a95
1e8e747b-df54-4662-acd6-33c21acd92ec	232576fe-4371-4efe-9a21-4e695eaf3882
1e8e747b-df54-4662-acd6-33c21acd92ec	37bbe040-d0d2-4497-a918-6c79f0a7e783
1e8e747b-df54-4662-acd6-33c21acd92ec	ea2cc458-4e63-44ba-88bd-5452f1a2b9c7
1e8e747b-df54-4662-acd6-33c21acd92ec	fec8b383-8588-46c8-bbdd-9c0f65167d63
1e8e747b-df54-4662-acd6-33c21acd92ec	2438fb4f-2a2f-4171-b62d-f63855dedac5
1e8e747b-df54-4662-acd6-33c21acd92ec	d4321828-3571-4de8-a3ab-518f9464a6c5
1e8e747b-df54-4662-acd6-33c21acd92ec	09eab238-c740-4d43-a4f7-9a90c146e01c
1e8e747b-df54-4662-acd6-33c21acd92ec	8f04e763-86ec-4b5a-897a-2d5267c7ff39
e7662b1c-9637-4f7a-a7b1-6a83c6ada252	0dab7a6d-c244-4258-b6ea-6613fe75a2a4
e7662b1c-9637-4f7a-a7b1-6a83c6ada252	6533b115-7e24-4c20-b72b-820edde8426a
e7662b1c-9637-4f7a-a7b1-6a83c6ada252	81a62aa0-a59b-4e4f-81fc-d7a644f294de
e7662b1c-9637-4f7a-a7b1-6a83c6ada252	75bd09af-c48b-4b14-99ae-74f9a36e7184
e7662b1c-9637-4f7a-a7b1-6a83c6ada252	40bbae38-4a8f-4814-a4d2-c7ad6557af00
e7662b1c-9637-4f7a-a7b1-6a83c6ada252	1e91d86b-d31d-41c1-832d-522074372b61
e7662b1c-9637-4f7a-a7b1-6a83c6ada252	62c17907-199d-4507-88f4-ed9457ad512d
e7662b1c-9637-4f7a-a7b1-6a83c6ada252	6d57e727-c48c-42a0-a66d-3d72f8dd6faa
e7662b1c-9637-4f7a-a7b1-6a83c6ada252	048b2b98-2ae1-4f01-904e-6d511673a2c7
e7662b1c-9637-4f7a-a7b1-6a83c6ada252	83146d77-2f89-4e3a-8a5f-448102a998f5
e7662b1c-9637-4f7a-a7b1-6a83c6ada252	907c7219-4519-4412-9de4-bfdf2e2c964e
e7662b1c-9637-4f7a-a7b1-6a83c6ada252	fef9cbd7-6a99-40e1-853e-79434bb183c2
e7662b1c-9637-4f7a-a7b1-6a83c6ada252	df515b7d-2fae-46b7-9e17-dfc906e150b7
e7662b1c-9637-4f7a-a7b1-6a83c6ada252	04429272-b875-478c-82c0-5db6a5bf8524
e7662b1c-9637-4f7a-a7b1-6a83c6ada252	d7629b4b-b0d1-498b-bdd4-effe9d6957b4
e7662b1c-9637-4f7a-a7b1-6a83c6ada252	9efe5f02-366b-4bec-8cea-e6365bd857e3
e7662b1c-9637-4f7a-a7b1-6a83c6ada252	466bebdd-b738-44db-9ebc-0ba7559e3229
e7662b1c-9637-4f7a-a7b1-6a83c6ada252	145e0fa2-a3e7-4d80-bd1c-874037cf8d48
e7662b1c-9637-4f7a-a7b1-6a83c6ada252	364d80cb-ec11-4f8a-b686-95da25e520a9
e7662b1c-9637-4f7a-a7b1-6a83c6ada252	fcea5bb5-eee4-4466-9454-00cc039d417a
7afb9018-30c4-4500-9300-3a893cfef1df	0e899794-c7db-4af7-9d79-476a5dad1468
7afb9018-30c4-4500-9300-3a893cfef1df	aa147018-db36-4abe-8dfd-c12444849c3d
7afb9018-30c4-4500-9300-3a893cfef1df	8fd7808f-87d9-49bc-8ba7-3c7be3a95a81
7afb9018-30c4-4500-9300-3a893cfef1df	f1cffc99-5ee1-46ad-8bd7-0a7387d776e3
7afb9018-30c4-4500-9300-3a893cfef1df	9700f243-27b6-4859-9a05-dbb05f6fd253
7afb9018-30c4-4500-9300-3a893cfef1df	01482309-3c08-4453-a980-47c755c3b09e
7afb9018-30c4-4500-9300-3a893cfef1df	6185d26a-96da-471a-a95d-9725e31086ad
7afb9018-30c4-4500-9300-3a893cfef1df	33c7851d-da23-4521-b834-9737f0c2c75a
7afb9018-30c4-4500-9300-3a893cfef1df	e4193b03-f9a9-4700-a79c-5611539692dd
2262bdfd-014e-4f37-bba1-e0f631566b8e	45009c85-44cf-4f12-89af-74418971cd9c
1e8e747b-df54-4662-acd6-33c21acd92ec	52cba528-4270-4935-a196-a4d88566318b
1e8e747b-df54-4662-acd6-33c21acd92ec	6f187c3f-44ed-4770-85dc-4547bd341673
7afb9018-30c4-4500-9300-3a893cfef1df	d3b90fe3-9f45-4ea2-9f54-577b93f8181a
1e8e747b-df54-4662-acd6-33c21acd92ec	65f13dfc-b34d-4d69-8591-095b532edf85
7afb9018-30c4-4500-9300-3a893cfef1df	43bf094c-fd6e-44eb-8e12-cd4a065a6581
7afb9018-30c4-4500-9300-3a893cfef1df	b82107c8-2634-468e-8775-e4d955b17da1
7afb9018-30c4-4500-9300-3a893cfef1df	c4248834-392d-4dce-ad00-cf20785c05d0
7afb9018-30c4-4500-9300-3a893cfef1df	4d4d9232-a0b4-442e-be95-d8a5edad1f54
7afb9018-30c4-4500-9300-3a893cfef1df	c8a458d8-db4b-4160-aeb2-2054daf8aeef
7afb9018-30c4-4500-9300-3a893cfef1df	74c15e19-c284-4a4c-8980-6afd852883ae
7afb9018-30c4-4500-9300-3a893cfef1df	3afdf40a-e880-4223-a772-095d7cdc614d
7afb9018-30c4-4500-9300-3a893cfef1df	7c2abe9d-210c-435b-b6db-b269158e6d5e
7afb9018-30c4-4500-9300-3a893cfef1df	224fd886-cb94-4e63-8976-17d4e509bf1a
7afb9018-30c4-4500-9300-3a893cfef1df	847ca72b-47c4-4278-b837-88718e5da374
2262bdfd-014e-4f37-bba1-e0f631566b8e	c722836f-6674-4893-9970-1936305a590b
1234-1234	443423
1234-1234	asbs453
1F-CB-02-1F-6B-A3	1
1e8e747b-df54-4662-acd6-33c21acd92ec	TJSN62OSX9WU
1e8e747b-df54-4662-acd6-33c21acd92ec	9HHC4HWW80BL
1e8e747b-df54-4662-acd6-33c21acd92ec	WJV6QC5SGUNO
1e8e747b-df54-4662-acd6-33c21acd92ec	XKB8QTVC56XE
1e8e747b-df54-4662-acd6-33c21acd92ec	KEG9X83NM1QW
1e8e747b-df54-4662-acd6-33c21acd92ec	FSW9UXLFAS3V
1e8e747b-df54-4662-acd6-33c21acd92ec	3MQMTFP06WK8
1e8e747b-df54-4662-acd6-33c21acd92ec	F9Y6HNOTC45T
1e8e747b-df54-4662-acd6-33c21acd92ec	2OE2VPK6O3OQ
1e8e747b-df54-4662-acd6-33c21acd92ec	MLEBUSL0OJVF
1e8e747b-df54-4662-acd6-33c21acd92ec	T36IKTFLNWJI
1e8e747b-df54-4662-acd6-33c21acd92ec	RRENGPCZY87U
1e8e747b-df54-4662-acd6-33c21acd92ec	D09CFQPFAW0Y
1e8e747b-df54-4662-acd6-33c21acd92ec	6KJN5AQVT22B
1e8e747b-df54-4662-acd6-33c21acd92ec	O1UI75U7F0K2
1e8e747b-df54-4662-acd6-33c21acd92ec	EPMYY6E37RNI
85b4e05f-ac30-4359-8cb0-fd0fc7042876	KCBPUUAOKYZQ
85b4e05f-ac30-4359-8cb0-fd0fc7042876	KJAFR5J23E2J
85b4e05f-ac30-4359-8cb0-fd0fc7042876	OZY5P7HD2TR0
85b4e05f-ac30-4359-8cb0-fd0fc7042876	4YXCJKU0MFSQ
85b4e05f-ac30-4359-8cb0-fd0fc7042876	0M165G1EYTFU
85b4e05f-ac30-4359-8cb0-fd0fc7042876	93Y18W7RRXJ5
85b4e05f-ac30-4359-8cb0-fd0fc7042876	JGDJ26O8SBRO
85b4e05f-ac30-4359-8cb0-fd0fc7042876	LOIMMF2K6EQ6
85b4e05f-ac30-4359-8cb0-fd0fc7042876	IR24TN0VNT8M
85b4e05f-ac30-4359-8cb0-fd0fc7042876	32XC73EHQLFR
85b4e05f-ac30-4359-8cb0-fd0fc7042876	TXVVUTIJQOA4
85b4e05f-ac30-4359-8cb0-fd0fc7042876	ISP4QRCDXQ3M
85b4e05f-ac30-4359-8cb0-fd0fc7042876	ZUTN1QRKVQB2
85b4e05f-ac30-4359-8cb0-fd0fc7042876	56Q6STVFGKG1
85b4e05f-ac30-4359-8cb0-fd0fc7042876	DTYNVP4XXGT4
85b4e05f-ac30-4359-8cb0-fd0fc7042876	QB4COAT98ZO9
1F-CB-02-1F-6B-A3	OZYWFSTKLTJV
1F-CB-02-1F-6B-A3	6F0YFRXQ2TOB
1F-CB-02-1F-6B-A3	JFFSV8CBHTWS
1F-CB-02-1F-6B-A3	N2LF2GG4B8NP
1F-CB-02-1F-6B-A3	RO00HF6RBWF2
1F-CB-02-1F-6B-A3	3C5SDUGP7AML
1F-CB-02-1F-6B-A3	O4KVRNOYXMKS
1F-CB-02-1F-6B-A3	MB6RJZ81J3Z7
1F-CB-02-1F-6B-A3	81A5UK0X0O93
1F-CB-02-1F-6B-A3	5EB47QK3GSB7
1F-CB-02-1F-6B-A3	5QLVFSVQS2ZF
1F-CB-02-1F-6B-A3	LZBO9YPY3SKI
1F-CB-02-1F-6B-A3	L9TIEIFGF8W8
1F-CB-02-1F-6B-A3	DNMJNFIZF242
1F-CB-02-1F-6B-A3	AG4H8GILGPVS
1F-CB-02-1F-6B-A3	DJF5Z6KQROYW
1234-1234	0QH9BMRH7MEF
1234-1234	MY3OB92SWSYV
1234-1234	XQ7RSIMUSQYQ
1234-1234	IVWJQE14PUUH
1234-1234	SKVTMMNWGCRS
1234-1234	QGGJQTM4SG5V
1234-1234	MWDSVZBI9PF3
1234-1234	K7N9OO49ZO4T
1234-1234	3G2YNTJKLOSQ
1234-1234	VT0DIQT51DH5
1234-1234	47OURS8LXIRO
1234-1234	F3COP2K041G1
1234-1234	X6UM28XF45MM
1234-1234	9IAZCK9SYJ7K
1234-1234	P6HT0M9X3FO9
1234-1234	U5LDJDZOYLZO
47456d87-0633-44e4-b4c1-8aef2c939133	A9NY440G7AGM
47456d87-0633-44e4-b4c1-8aef2c939133	LNFM7VJU2UWH
47456d87-0633-44e4-b4c1-8aef2c939133	FALJQ4EKNU45
47456d87-0633-44e4-b4c1-8aef2c939133	GKUWF3UN9G4S
47456d87-0633-44e4-b4c1-8aef2c939133	548EQ5G75T65
47456d87-0633-44e4-b4c1-8aef2c939133	3AC90EMM0AQN
47456d87-0633-44e4-b4c1-8aef2c939133	F4INC4PDBFS4
47456d87-0633-44e4-b4c1-8aef2c939133	MWVBQR17N3TF
47456d87-0633-44e4-b4c1-8aef2c939133	FC8ZKEH9MJ3N
47456d87-0633-44e4-b4c1-8aef2c939133	Y5642HVGQGZV
47456d87-0633-44e4-b4c1-8aef2c939133	F86OEV2MZAZY
47456d87-0633-44e4-b4c1-8aef2c939133	QSHN8TTD2S8N
47456d87-0633-44e4-b4c1-8aef2c939133	Z72F5IT7RXTG
47456d87-0633-44e4-b4c1-8aef2c939133	D40ONATXTFWX
47456d87-0633-44e4-b4c1-8aef2c939133	1J8GXNYBTDXQ
47456d87-0633-44e4-b4c1-8aef2c939133	Y77HAMS5RON0
76d0ef0e-51b3-41e8-b373-dc60217e0e6b	YVHQNGDPZOJE
76d0ef0e-51b3-41e8-b373-dc60217e0e6b	FOCDDWDGF50E
76d0ef0e-51b3-41e8-b373-dc60217e0e6b	LT7LGS0GGV7L
76d0ef0e-51b3-41e8-b373-dc60217e0e6b	U25074YCLGB1
76d0ef0e-51b3-41e8-b373-dc60217e0e6b	WFQ8E5S81H7Q
76d0ef0e-51b3-41e8-b373-dc60217e0e6b	8LQE3ZTOA2HV
76d0ef0e-51b3-41e8-b373-dc60217e0e6b	H0MCZ3M0PV15
76d0ef0e-51b3-41e8-b373-dc60217e0e6b	I6BAKJGNR4GZ
76d0ef0e-51b3-41e8-b373-dc60217e0e6b	Z0BRKEDIHOWT
76d0ef0e-51b3-41e8-b373-dc60217e0e6b	GH65ZAO7QDNH
76d0ef0e-51b3-41e8-b373-dc60217e0e6b	HSBJIFJAR1WM
76d0ef0e-51b3-41e8-b373-dc60217e0e6b	V7W25Q5CNLT7
76d0ef0e-51b3-41e8-b373-dc60217e0e6b	D4EQWUO6UDFH
76d0ef0e-51b3-41e8-b373-dc60217e0e6b	K4VTGKAN9N1P
76d0ef0e-51b3-41e8-b373-dc60217e0e6b	67J1YE9X7N0L
76d0ef0e-51b3-41e8-b373-dc60217e0e6b	VFRW3095NQ53
1fb869b5-22f3-4b13-aee5-7db36a7b38c7	VY4P1ZK2XW5C
1fb869b5-22f3-4b13-aee5-7db36a7b38c7	XTO60Q80J0EL
1fb869b5-22f3-4b13-aee5-7db36a7b38c7	6HVRVVUIIC8Q
1fb869b5-22f3-4b13-aee5-7db36a7b38c7	DIX9YZVYPCH7
1fb869b5-22f3-4b13-aee5-7db36a7b38c7	DZNYA2EDGOUB
1fb869b5-22f3-4b13-aee5-7db36a7b38c7	V70QTJZAJYK1
1fb869b5-22f3-4b13-aee5-7db36a7b38c7	8CLJ5NJNUKOY
1fb869b5-22f3-4b13-aee5-7db36a7b38c7	2SYUKOBQY6XU
1fb869b5-22f3-4b13-aee5-7db36a7b38c7	GI33WAYL92W0
1fb869b5-22f3-4b13-aee5-7db36a7b38c7	YS5MYIR3XQ1B
1fb869b5-22f3-4b13-aee5-7db36a7b38c7	SNFBD26W3BEA
1fb869b5-22f3-4b13-aee5-7db36a7b38c7	XX7JIWJCB39N
1fb869b5-22f3-4b13-aee5-7db36a7b38c7	XET1M480FZJZ
1fb869b5-22f3-4b13-aee5-7db36a7b38c7	FNMMKMFZ64P8
1fb869b5-22f3-4b13-aee5-7db36a7b38c7	JM4E2GIMBBVB
1fb869b5-22f3-4b13-aee5-7db36a7b38c7	ZIC255QY5X85
2262bdfd-014e-4f37-bba1-e0f631566b8e	JJTX9BVYGAPH
2262bdfd-014e-4f37-bba1-e0f631566b8e	8DIUFBEHA7W4
2262bdfd-014e-4f37-bba1-e0f631566b8e	VFPG4VNMED2N
2262bdfd-014e-4f37-bba1-e0f631566b8e	V02VH201GIEL
2262bdfd-014e-4f37-bba1-e0f631566b8e	F5JSZ64IZJHM
2262bdfd-014e-4f37-bba1-e0f631566b8e	D6UOQN3CY92I
2262bdfd-014e-4f37-bba1-e0f631566b8e	QG9BI7QN5LRB
2262bdfd-014e-4f37-bba1-e0f631566b8e	45956ZALTC62
2262bdfd-014e-4f37-bba1-e0f631566b8e	WTLP8ZD30I8S
2262bdfd-014e-4f37-bba1-e0f631566b8e	YLOT8D7MHKB0
2262bdfd-014e-4f37-bba1-e0f631566b8e	ELIRRQVCIGM9
2262bdfd-014e-4f37-bba1-e0f631566b8e	AALG4PA4PI42
2262bdfd-014e-4f37-bba1-e0f631566b8e	P5MJ03EVXUZU
2262bdfd-014e-4f37-bba1-e0f631566b8e	XSJLV7PHCYVY
2262bdfd-014e-4f37-bba1-e0f631566b8e	I7K5LBZJFV78
2262bdfd-014e-4f37-bba1-e0f631566b8e	XXA5824KS6XM
7afb9018-30c4-4500-9300-3a893cfef1df	BD0ADI51J430
7afb9018-30c4-4500-9300-3a893cfef1df	M7IVX7S2JQW2
7afb9018-30c4-4500-9300-3a893cfef1df	N8K6VC7KOVCL
7afb9018-30c4-4500-9300-3a893cfef1df	YQ85BJXWTITX
7afb9018-30c4-4500-9300-3a893cfef1df	WFUIMIIEUE0E
7afb9018-30c4-4500-9300-3a893cfef1df	UJJR7Y713MPC
7afb9018-30c4-4500-9300-3a893cfef1df	XFWI69254Y7M
7afb9018-30c4-4500-9300-3a893cfef1df	HZBBRPC2NK25
7afb9018-30c4-4500-9300-3a893cfef1df	HS6ZSG29O8P7
7afb9018-30c4-4500-9300-3a893cfef1df	6FM4G3GVYYAR
7afb9018-30c4-4500-9300-3a893cfef1df	3KA26NHL3RFA
7afb9018-30c4-4500-9300-3a893cfef1df	6QYY0TV8LEXR
7afb9018-30c4-4500-9300-3a893cfef1df	19TKZKO2L9WX
7afb9018-30c4-4500-9300-3a893cfef1df	ELRQQDPN8HTC
7afb9018-30c4-4500-9300-3a893cfef1df	YGUWBFY7ONRR
7afb9018-30c4-4500-9300-3a893cfef1df	S4BXJW66TC77
ef0ad4ad-e86b-4d7a-ba6b-55035c12e14e	328ZAX84UMUU
ef0ad4ad-e86b-4d7a-ba6b-55035c12e14e	BJSF7TCL756O
ef0ad4ad-e86b-4d7a-ba6b-55035c12e14e	NSEHA77PYNZS
ef0ad4ad-e86b-4d7a-ba6b-55035c12e14e	JZWIJIT8H997
ef0ad4ad-e86b-4d7a-ba6b-55035c12e14e	PHGY1JVD4DLL
ef0ad4ad-e86b-4d7a-ba6b-55035c12e14e	5PYHP9BES9ZR
ef0ad4ad-e86b-4d7a-ba6b-55035c12e14e	XC3RS1XB301N
ef0ad4ad-e86b-4d7a-ba6b-55035c12e14e	IOSNW2T4DY7J
ef0ad4ad-e86b-4d7a-ba6b-55035c12e14e	YLRYXYOSUPMM
ef0ad4ad-e86b-4d7a-ba6b-55035c12e14e	U062T9YYD9NV
ef0ad4ad-e86b-4d7a-ba6b-55035c12e14e	XNC6C2Y6ALEG
ef0ad4ad-e86b-4d7a-ba6b-55035c12e14e	HXAKQRI5DF6P
ef0ad4ad-e86b-4d7a-ba6b-55035c12e14e	D134V4S0OSLY
ef0ad4ad-e86b-4d7a-ba6b-55035c12e14e	M97DEZEJJPM2
ef0ad4ad-e86b-4d7a-ba6b-55035c12e14e	EX51V5QQNOTK
ef0ad4ad-e86b-4d7a-ba6b-55035c12e14e	L4KTERTDUX7Q
3e6398e8-520d-4c6a-86e8-f19fb158982d	G7HL7P7FQ99R
3e6398e8-520d-4c6a-86e8-f19fb158982d	O3WQT5BGGVIM
3e6398e8-520d-4c6a-86e8-f19fb158982d	547K7USSQ9WQ
3e6398e8-520d-4c6a-86e8-f19fb158982d	J1WB3ABWIV4M
3e6398e8-520d-4c6a-86e8-f19fb158982d	AY1J33VWZSSO
3e6398e8-520d-4c6a-86e8-f19fb158982d	2BM8BE1CRYZK
3e6398e8-520d-4c6a-86e8-f19fb158982d	G7Z2D2M2LWCB
3e6398e8-520d-4c6a-86e8-f19fb158982d	5L8NAN70WR9N
3e6398e8-520d-4c6a-86e8-f19fb158982d	RAIH3GAK2EXU
3e6398e8-520d-4c6a-86e8-f19fb158982d	RAF8KMTGBRKY
3e6398e8-520d-4c6a-86e8-f19fb158982d	02CL3LO1J1DP
3e6398e8-520d-4c6a-86e8-f19fb158982d	801Z7Z2ISLLA
3e6398e8-520d-4c6a-86e8-f19fb158982d	TLJTGFYFS76B
3e6398e8-520d-4c6a-86e8-f19fb158982d	CH10CF05LX4N
3e6398e8-520d-4c6a-86e8-f19fb158982d	SIZJ8ATYTDUL
3e6398e8-520d-4c6a-86e8-f19fb158982d	887S5S4ZU4D2
ca45d93f-688a-4d9b-a798-5de99a156442	675935GI7POW
ca45d93f-688a-4d9b-a798-5de99a156442	VJNABFXMHUUT
ca45d93f-688a-4d9b-a798-5de99a156442	BIX5KP3UCEYP
ca45d93f-688a-4d9b-a798-5de99a156442	SQBPIFKH6X4O
ca45d93f-688a-4d9b-a798-5de99a156442	E1UHW0VIR0TV
ca45d93f-688a-4d9b-a798-5de99a156442	U61JD7MENUWT
ca45d93f-688a-4d9b-a798-5de99a156442	BN3W9LF0NNIT
ca45d93f-688a-4d9b-a798-5de99a156442	MCJAK8HS0V7C
ca45d93f-688a-4d9b-a798-5de99a156442	MK7SWS2H2JQ3
ca45d93f-688a-4d9b-a798-5de99a156442	HGAP7HETO7RY
ca45d93f-688a-4d9b-a798-5de99a156442	W62SEM4JLADS
ca45d93f-688a-4d9b-a798-5de99a156442	YL9FE25AGK8R
ca45d93f-688a-4d9b-a798-5de99a156442	3MJCCMP5NIFY
ca45d93f-688a-4d9b-a798-5de99a156442	AHR7WPDC101D
ca45d93f-688a-4d9b-a798-5de99a156442	T9FQCREVN3DV
ca45d93f-688a-4d9b-a798-5de99a156442	IGMD80U6YDCF
4f2ba64b-c796-43a4-a03d-e520bd945448	4ZP4Y6K8QE42
4f2ba64b-c796-43a4-a03d-e520bd945448	IV28QW7G2FD6
4f2ba64b-c796-43a4-a03d-e520bd945448	S4PEZWPKJ6L9
4f2ba64b-c796-43a4-a03d-e520bd945448	8W3P8RWPNRPJ
4f2ba64b-c796-43a4-a03d-e520bd945448	GIKOUJNTYPS3
4f2ba64b-c796-43a4-a03d-e520bd945448	R8PV005X949O
4f2ba64b-c796-43a4-a03d-e520bd945448	JOMB64LIWM8B
4f2ba64b-c796-43a4-a03d-e520bd945448	CP9CSR67J78E
4f2ba64b-c796-43a4-a03d-e520bd945448	I83J1I9DH34S
4f2ba64b-c796-43a4-a03d-e520bd945448	4DSN3S8JWUXH
4f2ba64b-c796-43a4-a03d-e520bd945448	QSFVAHRO1DYN
4f2ba64b-c796-43a4-a03d-e520bd945448	91747CQ8KWAP
4f2ba64b-c796-43a4-a03d-e520bd945448	BLKGP3KIATD1
4f2ba64b-c796-43a4-a03d-e520bd945448	Q1SNQV86XP1B
4f2ba64b-c796-43a4-a03d-e520bd945448	JXOXYSTJCEHY
4f2ba64b-c796-43a4-a03d-e520bd945448	BIDBERRM1TTX
9a1836ca-b48c-41a0-8849-53b27261b2b2	23K5VB34I4FH
9a1836ca-b48c-41a0-8849-53b27261b2b2	OUFU2IYWWYE0
9a1836ca-b48c-41a0-8849-53b27261b2b2	44NUQPG3YWNI
9a1836ca-b48c-41a0-8849-53b27261b2b2	Q8EOY3QRBR1X
9a1836ca-b48c-41a0-8849-53b27261b2b2	XDHP6VDOXK8W
9a1836ca-b48c-41a0-8849-53b27261b2b2	4F5FDTT6BLUZ
9a1836ca-b48c-41a0-8849-53b27261b2b2	NPPALIZI714M
9a1836ca-b48c-41a0-8849-53b27261b2b2	XZHSFG5TW01G
9a1836ca-b48c-41a0-8849-53b27261b2b2	93LNAMCG9ADD
9a1836ca-b48c-41a0-8849-53b27261b2b2	G6WFCFTAGRKY
9a1836ca-b48c-41a0-8849-53b27261b2b2	YRXE5IM1NV7V
9a1836ca-b48c-41a0-8849-53b27261b2b2	52VB0KDQ37VR
9a1836ca-b48c-41a0-8849-53b27261b2b2	59BQGZUPCNFH
9a1836ca-b48c-41a0-8849-53b27261b2b2	5XGT0ECQXFPH
9a1836ca-b48c-41a0-8849-53b27261b2b2	1OO52P6EVCC9
9a1836ca-b48c-41a0-8849-53b27261b2b2	FA7301OW24SB
9dee432a-90ee-4c84-b75f-139792efb64c	D8JLF8JHFEDA
9dee432a-90ee-4c84-b75f-139792efb64c	JY2XPXVCOD7V
9dee432a-90ee-4c84-b75f-139792efb64c	V5LK2UAH31R3
9dee432a-90ee-4c84-b75f-139792efb64c	5JXUQQX06L2I
9dee432a-90ee-4c84-b75f-139792efb64c	E5AHRLRODC3D
9dee432a-90ee-4c84-b75f-139792efb64c	7GWC1D2URJT0
9dee432a-90ee-4c84-b75f-139792efb64c	UVUORTA5JALD
9dee432a-90ee-4c84-b75f-139792efb64c	0BM5V8T9UHWV
9dee432a-90ee-4c84-b75f-139792efb64c	D0ROLB7L3VQO
9dee432a-90ee-4c84-b75f-139792efb64c	EZ9S8RPV1DLJ
9dee432a-90ee-4c84-b75f-139792efb64c	OXGKOAOI1OA5
9dee432a-90ee-4c84-b75f-139792efb64c	M7QFYU7JOWY2
9dee432a-90ee-4c84-b75f-139792efb64c	HLUXF81HRD5Y
9dee432a-90ee-4c84-b75f-139792efb64c	9YTC4HRESUWR
9dee432a-90ee-4c84-b75f-139792efb64c	X1D996IRLTNJ
9dee432a-90ee-4c84-b75f-139792efb64c	46QDK140YW7Z
cfe7a22c-1374-4de7-a549-7b588d96fb70	PMHCNSG3JD0Y
cfe7a22c-1374-4de7-a549-7b588d96fb70	UKIQN5XI06WU
cfe7a22c-1374-4de7-a549-7b588d96fb70	8KN5P9PIA0D3
cfe7a22c-1374-4de7-a549-7b588d96fb70	1JOSGRWFPJ9B
cfe7a22c-1374-4de7-a549-7b588d96fb70	61OIZ47U3G0F
cfe7a22c-1374-4de7-a549-7b588d96fb70	R3N29KXE7HOD
cfe7a22c-1374-4de7-a549-7b588d96fb70	5B733HB9X3H2
cfe7a22c-1374-4de7-a549-7b588d96fb70	1GFQ7A53TYU1
cfe7a22c-1374-4de7-a549-7b588d96fb70	L5T5H4FM2REC
cfe7a22c-1374-4de7-a549-7b588d96fb70	T22HPG1T89AN
cfe7a22c-1374-4de7-a549-7b588d96fb70	LINEK1I7P7NX
cfe7a22c-1374-4de7-a549-7b588d96fb70	FNJVOF5EBYLD
cfe7a22c-1374-4de7-a549-7b588d96fb70	WAGIMZRKFOQE
cfe7a22c-1374-4de7-a549-7b588d96fb70	9K1S9NB50T2S
cfe7a22c-1374-4de7-a549-7b588d96fb70	BCSCLNAYHE7Z
cfe7a22c-1374-4de7-a549-7b588d96fb70	6FHKWU9SIJJP
6e2e4b00-0444-423b-aac9-2aa55ff4b848	XK2MSJHFUOKC
6e2e4b00-0444-423b-aac9-2aa55ff4b848	D6O6E6U79BU3
6e2e4b00-0444-423b-aac9-2aa55ff4b848	TKFFJSG9WXZD
6e2e4b00-0444-423b-aac9-2aa55ff4b848	NLW7O82EUIWH
6e2e4b00-0444-423b-aac9-2aa55ff4b848	0W2E2LO86KUV
6e2e4b00-0444-423b-aac9-2aa55ff4b848	KIXEM6C95H9C
6e2e4b00-0444-423b-aac9-2aa55ff4b848	AOFKQVAMNZQE
6e2e4b00-0444-423b-aac9-2aa55ff4b848	WQ1M3WFQEZNH
6e2e4b00-0444-423b-aac9-2aa55ff4b848	NKV5E9YCN676
6e2e4b00-0444-423b-aac9-2aa55ff4b848	6D0J9GP40TXB
6e2e4b00-0444-423b-aac9-2aa55ff4b848	Z9O5P69980EV
6e2e4b00-0444-423b-aac9-2aa55ff4b848	I64FFALO4UE6
6e2e4b00-0444-423b-aac9-2aa55ff4b848	66JMLXB13YKM
6e2e4b00-0444-423b-aac9-2aa55ff4b848	4AJXM18CBJP0
6e2e4b00-0444-423b-aac9-2aa55ff4b848	MG4GLTUX8OUN
6e2e4b00-0444-423b-aac9-2aa55ff4b848	Z43VJUQW8M4S
fd103d90-83c3-46a3-89e9-1bcafd7fcd87	W0ZLGD07OJKX
fd103d90-83c3-46a3-89e9-1bcafd7fcd87	O53NRDZ8FI4F
fd103d90-83c3-46a3-89e9-1bcafd7fcd87	QFW285XWO5LG
fd103d90-83c3-46a3-89e9-1bcafd7fcd87	MTJWLB42WSQ2
fd103d90-83c3-46a3-89e9-1bcafd7fcd87	C7KB7Y0MO88Q
fd103d90-83c3-46a3-89e9-1bcafd7fcd87	ZR6CSFV1UU92
fd103d90-83c3-46a3-89e9-1bcafd7fcd87	CYAT1GZK8QS7
fd103d90-83c3-46a3-89e9-1bcafd7fcd87	PYU9MNOATYTW
fd103d90-83c3-46a3-89e9-1bcafd7fcd87	W4UIY5MRSNI0
fd103d90-83c3-46a3-89e9-1bcafd7fcd87	UJ4HQQC2NWDU
fd103d90-83c3-46a3-89e9-1bcafd7fcd87	KC52WWD5NAPW
fd103d90-83c3-46a3-89e9-1bcafd7fcd87	ZZFFY2VOCB5U
fd103d90-83c3-46a3-89e9-1bcafd7fcd87	FYZS3UK8932F
fd103d90-83c3-46a3-89e9-1bcafd7fcd87	NUCHGY4S4J1M
fd103d90-83c3-46a3-89e9-1bcafd7fcd87	YLOW2TH14HJR
fd103d90-83c3-46a3-89e9-1bcafd7fcd87	5EBZFA16Y2NO
026f3a18-949e-4f04-8575-081b95d4bb5d	1JWLWMGF1AJ6
026f3a18-949e-4f04-8575-081b95d4bb5d	WF8Z7OAU4BGD
026f3a18-949e-4f04-8575-081b95d4bb5d	1N3LH6SVSTF0
026f3a18-949e-4f04-8575-081b95d4bb5d	8NN5PPTA3725
026f3a18-949e-4f04-8575-081b95d4bb5d	KDW6JNNJHUJE
026f3a18-949e-4f04-8575-081b95d4bb5d	3Q4YXNO2DFH6
026f3a18-949e-4f04-8575-081b95d4bb5d	SB6FXYIPVOOI
026f3a18-949e-4f04-8575-081b95d4bb5d	BBNG8SH425YL
026f3a18-949e-4f04-8575-081b95d4bb5d	9SDGW21AW7P0
026f3a18-949e-4f04-8575-081b95d4bb5d	TSGN4Y14IJKY
026f3a18-949e-4f04-8575-081b95d4bb5d	KX653MI3EBV7
026f3a18-949e-4f04-8575-081b95d4bb5d	XGURH6R4ML3C
026f3a18-949e-4f04-8575-081b95d4bb5d	1IZ84V4TJLXN
026f3a18-949e-4f04-8575-081b95d4bb5d	RYS8PC32D5S1
026f3a18-949e-4f04-8575-081b95d4bb5d	WNEAYEME0SRV
026f3a18-949e-4f04-8575-081b95d4bb5d	BFFZZ9J9A4UD
e7662b1c-9637-4f7a-a7b1-6a83c6ada252	9ER71QDV12XZ
e7662b1c-9637-4f7a-a7b1-6a83c6ada252	4WD8ARJQW2H9
e7662b1c-9637-4f7a-a7b1-6a83c6ada252	SVYCNKMLYD39
e7662b1c-9637-4f7a-a7b1-6a83c6ada252	L864F1U5A1FC
e7662b1c-9637-4f7a-a7b1-6a83c6ada252	XC2G3BG6135R
e7662b1c-9637-4f7a-a7b1-6a83c6ada252	CN7T4189DG2K
e7662b1c-9637-4f7a-a7b1-6a83c6ada252	MD6VH8IKNHNX
e7662b1c-9637-4f7a-a7b1-6a83c6ada252	I6YP5ZQM470A
e7662b1c-9637-4f7a-a7b1-6a83c6ada252	UBWNGS04R9EA
e7662b1c-9637-4f7a-a7b1-6a83c6ada252	W8ZV8RAUHNG6
e7662b1c-9637-4f7a-a7b1-6a83c6ada252	2DGNQZE2V6YZ
e7662b1c-9637-4f7a-a7b1-6a83c6ada252	XO0YS55SIHDE
e7662b1c-9637-4f7a-a7b1-6a83c6ada252	7MPYK2J8L131
e7662b1c-9637-4f7a-a7b1-6a83c6ada252	89L3S2T6Q3H6
e7662b1c-9637-4f7a-a7b1-6a83c6ada252	ZHDS4360NMRZ
e7662b1c-9637-4f7a-a7b1-6a83c6ada252	LCRHUDY73YKJ
bb9923ca-0e00-492a-939b-b6fbce8935c3	T4QBK9RM6LWB
bb9923ca-0e00-492a-939b-b6fbce8935c3	ROP6TKC86PFU
bb9923ca-0e00-492a-939b-b6fbce8935c3	RNAVOFOUIFTF
bb9923ca-0e00-492a-939b-b6fbce8935c3	VIM495MN3SS4
bb9923ca-0e00-492a-939b-b6fbce8935c3	0VQ37ZFK2E98
bb9923ca-0e00-492a-939b-b6fbce8935c3	2P385EL6VM1J
bb9923ca-0e00-492a-939b-b6fbce8935c3	HKAFYCSC89KS
bb9923ca-0e00-492a-939b-b6fbce8935c3	MEFH8GQON8U4
bb9923ca-0e00-492a-939b-b6fbce8935c3	CZWO8SD2AX26
bb9923ca-0e00-492a-939b-b6fbce8935c3	YVRFHPJ0QT6L
bb9923ca-0e00-492a-939b-b6fbce8935c3	V1QY4Q83EJRQ
bb9923ca-0e00-492a-939b-b6fbce8935c3	FBXIEBT5P0C3
bb9923ca-0e00-492a-939b-b6fbce8935c3	8YSMW88ZHA2M
bb9923ca-0e00-492a-939b-b6fbce8935c3	55O43T96JN4L
bb9923ca-0e00-492a-939b-b6fbce8935c3	FR4X9G60I8GL
bb9923ca-0e00-492a-939b-b6fbce8935c3	41AMPKYV69DA
\.


--
-- TOC entry 2110 (class 2606 OID 72643)
-- Name: battery_pkey; Type: CONSTRAINT; Schema: public; Owner: BikeMan; Tablespace: 
--

ALTER TABLE ONLY battery
    ADD CONSTRAINT battery_pkey PRIMARY KEY (battery_id);


--
-- TOC entry 2112 (class 2606 OID 72651)
-- Name: pedelec_pkey; Type: CONSTRAINT; Schema: public; Owner: BikeMan; Tablespace: 
--

ALTER TABLE ONLY pedelec
    ADD CONSTRAINT pedelec_pkey PRIMARY KEY (pedelec_manufacturer_id);


--
-- TOC entry 2114 (class 2606 OID 72659)
-- Name: slot_pkey; Type: CONSTRAINT; Schema: public; Owner: BikeMan; Tablespace: 
--

ALTER TABLE ONLY slot
    ADD CONSTRAINT slot_pkey PRIMARY KEY (slot_manufacturer_id);


--
-- TOC entry 2116 (class 2606 OID 72667)
-- Name: station_pkey; Type: CONSTRAINT; Schema: public; Owner: BikeMan; Tablespace: 
--

ALTER TABLE ONLY station
    ADD CONSTRAINT station_pkey PRIMARY KEY (station_manufacturer_id);


--
-- TOC entry 2118 (class 2606 OID 72675)
-- Name: uk_po6my99ryuxvpkmajdshwx11; Type: CONSTRAINT; Schema: public; Owner: BikeMan; Tablespace: 
--

ALTER TABLE ONLY station_slots
    ADD CONSTRAINT uk_po6my99ryuxvpkmajdshwx11 UNIQUE (slots_slotmanufacturerid);


--
-- TOC entry 2121 (class 2606 OID 72686)
-- Name: fk_6oj9cprv61s5uoohjyf7e2ddr; Type: FK CONSTRAINT; Schema: public; Owner: BikeMan
--

ALTER TABLE ONLY slot
    ADD CONSTRAINT fk_6oj9cprv61s5uoohjyf7e2ddr FOREIGN KEY (station_stationmanufacturerid) REFERENCES station(station_manufacturer_id);


--
-- TOC entry 2120 (class 2606 OID 72681)
-- Name: fk_c9jr8i8ulf10o7jhyur5nmt9k; Type: FK CONSTRAINT; Schema: public; Owner: BikeMan
--

ALTER TABLE ONLY pedelec
    ADD CONSTRAINT fk_c9jr8i8ulf10o7jhyur5nmt9k FOREIGN KEY (slot_slotmanufacturerid) REFERENCES slot(slot_manufacturer_id);


--
-- TOC entry 2123 (class 2606 OID 72696)
-- Name: fk_nnyb2ekujfjpnf6g1yncpi7wc; Type: FK CONSTRAINT; Schema: public; Owner: BikeMan
--

ALTER TABLE ONLY station_slots
    ADD CONSTRAINT fk_nnyb2ekujfjpnf6g1yncpi7wc FOREIGN KEY (station_stationmanufacturerid) REFERENCES station(station_manufacturer_id);


--
-- TOC entry 2119 (class 2606 OID 72676)
-- Name: fk_pkwstooc88kp0d7wglus9rrjh; Type: FK CONSTRAINT; Schema: public; Owner: BikeMan
--

ALTER TABLE ONLY pedelec
    ADD CONSTRAINT fk_pkwstooc88kp0d7wglus9rrjh FOREIGN KEY (battery_batteryid) REFERENCES battery(battery_id);


--
-- TOC entry 2122 (class 2606 OID 72691)
-- Name: fk_po6my99ryuxvpkmajdshwx11; Type: FK CONSTRAINT; Schema: public; Owner: BikeMan
--

ALTER TABLE ONLY station_slots
    ADD CONSTRAINT fk_po6my99ryuxvpkmajdshwx11 FOREIGN KEY (slots_slotmanufacturerid) REFERENCES slot(slot_manufacturer_id);


--
-- TOC entry 2243 (class 0 OID 0)
-- Dependencies: 5
-- Name: public; Type: ACL; Schema: -; Owner: -
--

REVOKE ALL ON SCHEMA public FROM PUBLIC;
GRANT ALL ON SCHEMA public TO PUBLIC;


-- Completed on 2015-02-10 14:45:04 CET

--
-- PostgreSQL database dump complete
--

