--
-- PostgreSQL database dump
--

SET statement_timeout = 0;
SET lock_timeout = 0;
SET client_encoding = 'UTF8';
SET standard_conforming_strings = on;
SET check_function_bodies = false;
SET client_min_messages = warning;

SET search_path = public, pg_catalog;

--
-- Data for Name: battery; Type: TABLE DATA; Schema: public; Owner: dropvote
--

INSERT INTO battery (battery_id, current, cycle_count, soc, temperature, voltage) VALUES (1, 1, 86, 0.154490128667695514, 22.2512541005515097, 12);
INSERT INTO battery (battery_id, current, cycle_count, soc, temperature, voltage) VALUES (2, 1, 151, 0.257291357556354128, 20.1234642777162378, 12);
INSERT INTO battery (battery_id, current, cycle_count, soc, temperature, voltage) VALUES (3, 1, 155, 0.325314088863431272, 21.8975527672982011, 12);
INSERT INTO battery (battery_id, current, cycle_count, soc, temperature, voltage) VALUES (4, 1, 140, 0.390880108183221719, 19.650602287415186, 12);
INSERT INTO battery (battery_id, current, cycle_count, soc, temperature, voltage) VALUES (5, 1, 51, 0.311912895848072025, 22.4171923384106861, 12);
INSERT INTO battery (battery_id, current, cycle_count, soc, temperature, voltage) VALUES (6, 1, 27, 0.666597965175453777, 21.8943666483327206, 12);
INSERT INTO battery (battery_id, current, cycle_count, soc, temperature, voltage) VALUES (7, 1, 16, 0.721051454359690536, 18.4102332330842628, 12);
INSERT INTO battery (battery_id, current, cycle_count, soc, temperature, voltage) VALUES (8, 1, 136, 0.970255161444292469, 22.159551276197611, 12);
INSERT INTO battery (battery_id, current, cycle_count, soc, temperature, voltage) VALUES (9, 1, 188, 0.967172281979853277, 16.2866254316448362, 12);
INSERT INTO battery (battery_id, current, cycle_count, soc, temperature, voltage) VALUES (10, 1, 80, 0.21671948412154951, 22.026415555725201, 12);
INSERT INTO battery (battery_id, current, cycle_count, soc, temperature, voltage) VALUES (11, 1, 89, 0.00142097436141142008, 18.3542886965353205, 12);
INSERT INTO battery (battery_id, current, cycle_count, soc, temperature, voltage) VALUES (12, 1, 85, 0.929801721223990185, 15.9302931975770345, 12);
INSERT INTO battery (battery_id, current, cycle_count, soc, temperature, voltage) VALUES (13, 1, 24, 0.303139552117545064, 24.3422370885880213, 12);
INSERT INTO battery (battery_id, current, cycle_count, soc, temperature, voltage) VALUES (14, 1, 96, 0.180807455894301028, 23.2054845846790485, 12);
INSERT INTO battery (battery_id, current, cycle_count, soc, temperature, voltage) VALUES (15, 1, 115, 0.134609878585802201, 19.7372710228901873, 12);
INSERT INTO battery (battery_id, current, cycle_count, soc, temperature, voltage) VALUES (16, 1, 116, 0.0311536648526182791, 20.0059031788498061, 12);
INSERT INTO battery (battery_id, current, cycle_count, soc, temperature, voltage) VALUES (17, 1, 120, 0.604634300165225458, 20.3355656193465428, 12);
INSERT INTO battery (battery_id, current, cycle_count, soc, temperature, voltage) VALUES (18, 1, 64, 0.970726009845749194, 16.8031957448232525, 12);
INSERT INTO battery (battery_id, current, cycle_count, soc, temperature, voltage) VALUES (19, 1, 49, 0.234844908179267731, 20.4835622142878151, 12);
INSERT INTO battery (battery_id, current, cycle_count, soc, temperature, voltage) VALUES (20, 1, 21, 0.689119871163606734, 19.9312559047147531, 12);
INSERT INTO battery (battery_id, current, cycle_count, soc, temperature, voltage) VALUES (21, 1, 93, 0.95953883156412223, 15.4284543317111726, 12);
INSERT INTO battery (battery_id, current, cycle_count, soc, temperature, voltage) VALUES (22, 1, 92, 0.205421974697895582, 22.6963592607832894, 12);
INSERT INTO battery (battery_id, current, cycle_count, soc, temperature, voltage) VALUES (23, 1, 109, 0.22206786517596433, 15.4379173013175013, 12);
INSERT INTO battery (battery_id, current, cycle_count, soc, temperature, voltage) VALUES (24, 1, 169, 0.0456429243331731849, 22.3871580548435745, 12);
INSERT INTO battery (battery_id, current, cycle_count, soc, temperature, voltage) VALUES (25, 1, 125, 0.272491657938715104, 22.7328086732786154, 12);
INSERT INTO battery (battery_id, current, cycle_count, soc, temperature, voltage) VALUES (26, 1, 109, 0.170752686354734617, 15.056712325067247, 12);
INSERT INTO battery (battery_id, current, cycle_count, soc, temperature, voltage) VALUES (27, 1, 195, 0.0839116493155558363, 21.441874476052277, 12);
INSERT INTO battery (battery_id, current, cycle_count, soc, temperature, voltage) VALUES (28, 1, 52, 0.363452096409193293, 23.1785393747366797, 12);
INSERT INTO battery (battery_id, current, cycle_count, soc, temperature, voltage) VALUES (29, 1, 121, 0.851913818888046293, 24.389440389128584, 12);
INSERT INTO battery (battery_id, current, cycle_count, soc, temperature, voltage) VALUES (30, 1, 39, 0.377937226414247984, 23.5278770764929277, 12);
INSERT INTO battery (battery_id, current, cycle_count, soc, temperature, voltage) VALUES (31, 1, 165, 0.659886635673860189, 16.064127370169512, 12);
INSERT INTO battery (battery_id, current, cycle_count, soc, temperature, voltage) VALUES (32, 1, 33, 0.879443184787191301, 17.7547482676362378, 12);
INSERT INTO battery (battery_id, current, cycle_count, soc, temperature, voltage) VALUES (33, 1, 105, 0.520234189541821213, 23.8785527884821462, 12);
INSERT INTO battery (battery_id, current, cycle_count, soc, temperature, voltage) VALUES (34, 1, 200, 0.0584571286101763787, 15.1729495695243717, 12);
INSERT INTO battery (battery_id, current, cycle_count, soc, temperature, voltage) VALUES (35, 1, 59, 0.322649629259891269, 23.0137960341768562, 12);
INSERT INTO battery (battery_id, current, cycle_count, soc, temperature, voltage) VALUES (36, 1, 119, 0.349291903947128612, 20.2931561854180487, 12);
INSERT INTO battery (battery_id, current, cycle_count, soc, temperature, voltage) VALUES (37, 1, 3, 0.737137025201028306, 24.1688494111454588, 12);
INSERT INTO battery (battery_id, current, cycle_count, soc, temperature, voltage) VALUES (38, 1, 56, 0.0967955195755225706, 15.4974426205246516, 12);
INSERT INTO battery (battery_id, current, cycle_count, soc, temperature, voltage) VALUES (39, 1, 192, 0.475311538185182125, 19.7503704787609493, 12);
INSERT INTO battery (battery_id, current, cycle_count, soc, temperature, voltage) VALUES (40, 1, 168, 0.179131638494464562, 22.0885758455818646, 12);
INSERT INTO battery (battery_id, current, cycle_count, soc, temperature, voltage) VALUES (41, 1, 105, 0.894548237768598264, 19.4232487037874009, 12);
INSERT INTO battery (battery_id, current, cycle_count, soc, temperature, voltage) VALUES (42, 1, 146, 0.486988021410002414, 23.5180820265134152, 12);
INSERT INTO battery (battery_id, current, cycle_count, soc, temperature, voltage) VALUES (43, 1, 153, 0.162908592683361775, 15.4463842730648864, 12);
INSERT INTO battery (battery_id, current, cycle_count, soc, temperature, voltage) VALUES (44, 1, 130, 0.404433370061423214, 21.1449034714453497, 12);
INSERT INTO battery (battery_id, current, cycle_count, soc, temperature, voltage) VALUES (45, 1, 4, 0.836619194551971201, 22.5970216738937992, 12);
INSERT INTO battery (battery_id, current, cycle_count, soc, temperature, voltage) VALUES (46, 1, 191, 0.546667928788249657, 20.6651088568049168, 12);
INSERT INTO battery (battery_id, current, cycle_count, soc, temperature, voltage) VALUES (47, 1, 47, 0.849440490601467091, 18.5718926763200116, 12);
INSERT INTO battery (battery_id, current, cycle_count, soc, temperature, voltage) VALUES (48, 1, 3, 0.94718502710698449, 20.4953593502411024, 12);
INSERT INTO battery (battery_id, current, cycle_count, soc, temperature, voltage) VALUES (49, 1, 43, 0.426569330981641848, 21.9103749969746779, 12);
INSERT INTO battery (battery_id, current, cycle_count, soc, temperature, voltage) VALUES (50, 1, 195, 0.651805908135162371, 15.3857122473121404, 12);
INSERT INTO battery (battery_id, current, cycle_count, soc, temperature, voltage) VALUES (51, 1, 45, 0.640435307676243459, 16.3924815483288597, 12);
INSERT INTO battery (battery_id, current, cycle_count, soc, temperature, voltage) VALUES (52, 1, 153, 0.400136378022546424, 21.9665906559444011, 12);
INSERT INTO battery (battery_id, current, cycle_count, soc, temperature, voltage) VALUES (53, 1, 140, 0.157835568587669672, 18.4824500911330247, 12);
INSERT INTO battery (battery_id, current, cycle_count, soc, temperature, voltage) VALUES (54, 1, 122, 0.385684870818649106, 18.054496801268737, 12);
INSERT INTO battery (battery_id, current, cycle_count, soc, temperature, voltage) VALUES (55, 1, 156, 0.51380847934022833, 17.6521553366367172, 12);
INSERT INTO battery (battery_id, current, cycle_count, soc, temperature, voltage) VALUES (56, 1, 30, 0.446391248479296787, 20.904443608294379, 12);
INSERT INTO battery (battery_id, current, cycle_count, soc, temperature, voltage) VALUES (57, 1, 41, 0.70878944978818037, 24.0610848055187887, 12);


--
-- Name: hibernate_sequence; Type: SEQUENCE SET; Schema: public; Owner: dropvote
--

SELECT pg_catalog.setval('hibernate_sequence', 57, true);


--
-- Data for Name: station; Type: TABLE DATA; Schema: public; Owner: dropvote
--

INSERT INTO station (station_manufacturer_id, charging_status_inform_interval, cmsuri, firmware_version, heartbeat_interval, open_slot_timeout, reboot_retries, station_error_code, station_info, station_state) VALUES ('ddd152f7-6d9a-43e7-8bf1-2855437c9277', NULL, NULL, '0.1a', 30, NULL, NULL, '', '', 0);
INSERT INTO station (station_manufacturer_id, charging_status_inform_interval, cmsuri, firmware_version, heartbeat_interval, open_slot_timeout, reboot_retries, station_error_code, station_info, station_state) VALUES ('82449131-3f55-424b-af21-5777d8aa42b5', NULL, NULL, '0.1a', 30, NULL, NULL, '', '', 0);
INSERT INTO station (station_manufacturer_id, charging_status_inform_interval, cmsuri, firmware_version, heartbeat_interval, open_slot_timeout, reboot_retries, station_error_code, station_info, station_state) VALUES ('a7856fd3-31e2-4262-ae7d-8db94af83b56', NULL, NULL, '0.1a', 30, NULL, NULL, '', '', 0);
INSERT INTO station (station_manufacturer_id, charging_status_inform_interval, cmsuri, firmware_version, heartbeat_interval, open_slot_timeout, reboot_retries, station_error_code, station_info, station_state) VALUES ('71b5c6f8-c2de-4a22-9c64-c769306620aa', NULL, NULL, '0.1a', 30, NULL, NULL, '', '', 0);
INSERT INTO station (station_manufacturer_id, charging_status_inform_interval, cmsuri, firmware_version, heartbeat_interval, open_slot_timeout, reboot_retries, station_error_code, station_info, station_state) VALUES ('e298922b-db16-428e-8356-ff4e39dce591', NULL, NULL, '0.1a', 30, NULL, NULL, '', '', 0);


--
-- Data for Name: slot; Type: TABLE DATA; Schema: public; Owner: dropvote
--

INSERT INTO slot (slot_manufacturer_id, slot_error_code, slot_info, slot_position, slot_state, station_stationmanufacturerid) VALUES ('f1d31c07-3ca5-43e2-8208-75744297edc3', '', '', 1, 0, 'ddd152f7-6d9a-43e7-8bf1-2855437c9277');
INSERT INTO slot (slot_manufacturer_id, slot_error_code, slot_info, slot_position, slot_state, station_stationmanufacturerid) VALUES ('95ad0764-53e3-444d-946f-7720bc95db66', '', '', 2, 0, 'ddd152f7-6d9a-43e7-8bf1-2855437c9277');
INSERT INTO slot (slot_manufacturer_id, slot_error_code, slot_info, slot_position, slot_state, station_stationmanufacturerid) VALUES ('cf9b2c2d-65a1-4243-9552-f3ccefff3e66', '', '', 3, 0, 'ddd152f7-6d9a-43e7-8bf1-2855437c9277');
INSERT INTO slot (slot_manufacturer_id, slot_error_code, slot_info, slot_position, slot_state, station_stationmanufacturerid) VALUES ('7bfd65b8-09cc-41ab-8061-3c5ecb3e0570', '', '', 4, 0, 'ddd152f7-6d9a-43e7-8bf1-2855437c9277');
INSERT INTO slot (slot_manufacturer_id, slot_error_code, slot_info, slot_position, slot_state, station_stationmanufacturerid) VALUES ('f18614b2-cf3e-49d6-9555-a834ced0a549', '', '', 5, 0, 'ddd152f7-6d9a-43e7-8bf1-2855437c9277');
INSERT INTO slot (slot_manufacturer_id, slot_error_code, slot_info, slot_position, slot_state, station_stationmanufacturerid) VALUES ('bca968fc-bc2a-4070-be44-1ac572704df1', '', '', 6, 0, 'ddd152f7-6d9a-43e7-8bf1-2855437c9277');
INSERT INTO slot (slot_manufacturer_id, slot_error_code, slot_info, slot_position, slot_state, station_stationmanufacturerid) VALUES ('34f6805b-b85b-47b1-9b73-832d1db3cfc4', '', '', 7, 0, 'ddd152f7-6d9a-43e7-8bf1-2855437c9277');
INSERT INTO slot (slot_manufacturer_id, slot_error_code, slot_info, slot_position, slot_state, station_stationmanufacturerid) VALUES ('dd7281fb-d1e4-43fd-aa6f-6aec977bd1ba', '', '', 8, 0, 'ddd152f7-6d9a-43e7-8bf1-2855437c9277');
INSERT INTO slot (slot_manufacturer_id, slot_error_code, slot_info, slot_position, slot_state, station_stationmanufacturerid) VALUES ('70052dfd-302a-4d19-bcd4-031921cdcb10', '', '', 9, 0, 'ddd152f7-6d9a-43e7-8bf1-2855437c9277');
INSERT INTO slot (slot_manufacturer_id, slot_error_code, slot_info, slot_position, slot_state, station_stationmanufacturerid) VALUES ('73276752-c2ae-47cc-90f0-8cbf6ffcad55', '', '', 10, 0, 'ddd152f7-6d9a-43e7-8bf1-2855437c9277');
INSERT INTO slot (slot_manufacturer_id, slot_error_code, slot_info, slot_position, slot_state, station_stationmanufacturerid) VALUES ('94d7734f-7c62-42d4-9c4c-516f0fc294af', '', '', 11, 0, 'ddd152f7-6d9a-43e7-8bf1-2855437c9277');
INSERT INTO slot (slot_manufacturer_id, slot_error_code, slot_info, slot_position, slot_state, station_stationmanufacturerid) VALUES ('bdb44276-3802-4923-b98f-bb42bec34977', '', '', 12, 0, 'ddd152f7-6d9a-43e7-8bf1-2855437c9277');
INSERT INTO slot (slot_manufacturer_id, slot_error_code, slot_info, slot_position, slot_state, station_stationmanufacturerid) VALUES ('34561eba-cdc7-423b-9cfe-85a4c7277bfc', '', '', 13, 0, 'ddd152f7-6d9a-43e7-8bf1-2855437c9277');
INSERT INTO slot (slot_manufacturer_id, slot_error_code, slot_info, slot_position, slot_state, station_stationmanufacturerid) VALUES ('27b894d3-2e46-4b02-95bb-7390325232c8', '', '', 14, 0, 'ddd152f7-6d9a-43e7-8bf1-2855437c9277');
INSERT INTO slot (slot_manufacturer_id, slot_error_code, slot_info, slot_position, slot_state, station_stationmanufacturerid) VALUES ('7c7ed149-158e-43de-9dfd-912850318a0d', '', '', 15, 0, 'ddd152f7-6d9a-43e7-8bf1-2855437c9277');
INSERT INTO slot (slot_manufacturer_id, slot_error_code, slot_info, slot_position, slot_state, station_stationmanufacturerid) VALUES ('4958a7b0-aa37-4d7b-a3eb-fad53533a8ee', '', '', 16, 0, 'ddd152f7-6d9a-43e7-8bf1-2855437c9277');
INSERT INTO slot (slot_manufacturer_id, slot_error_code, slot_info, slot_position, slot_state, station_stationmanufacturerid) VALUES ('84a35b98-6958-4d2f-bb56-7e3bedb5033e', '', '', 17, 0, 'ddd152f7-6d9a-43e7-8bf1-2855437c9277');
INSERT INTO slot (slot_manufacturer_id, slot_error_code, slot_info, slot_position, slot_state, station_stationmanufacturerid) VALUES ('ec9dcccf-45e2-4868-a2e4-63196aa978c8', '', '', 18, 0, 'ddd152f7-6d9a-43e7-8bf1-2855437c9277');
INSERT INTO slot (slot_manufacturer_id, slot_error_code, slot_info, slot_position, slot_state, station_stationmanufacturerid) VALUES ('0a431785-e648-4587-bee5-f245ad780f9c', '', '', 19, 0, 'ddd152f7-6d9a-43e7-8bf1-2855437c9277');
INSERT INTO slot (slot_manufacturer_id, slot_error_code, slot_info, slot_position, slot_state, station_stationmanufacturerid) VALUES ('69b1a410-8c83-483c-89d7-988e3f81f218', '', '', 20, 0, 'ddd152f7-6d9a-43e7-8bf1-2855437c9277');
INSERT INTO slot (slot_manufacturer_id, slot_error_code, slot_info, slot_position, slot_state, station_stationmanufacturerid) VALUES ('b4f2fc88-ecbd-4e73-9b27-9979d855bbec', '', '', 1, 0, '82449131-3f55-424b-af21-5777d8aa42b5');
INSERT INTO slot (slot_manufacturer_id, slot_error_code, slot_info, slot_position, slot_state, station_stationmanufacturerid) VALUES ('3c3faad3-4747-456e-a949-93294807355b', '', '', 2, 0, '82449131-3f55-424b-af21-5777d8aa42b5');
INSERT INTO slot (slot_manufacturer_id, slot_error_code, slot_info, slot_position, slot_state, station_stationmanufacturerid) VALUES ('bab31673-8c06-4d9e-bf80-eb1cc479c81a', '', '', 3, 0, '82449131-3f55-424b-af21-5777d8aa42b5');
INSERT INTO slot (slot_manufacturer_id, slot_error_code, slot_info, slot_position, slot_state, station_stationmanufacturerid) VALUES ('a7191179-5eac-4adb-86b8-5d9453fdeece', '', '', 4, 0, '82449131-3f55-424b-af21-5777d8aa42b5');
INSERT INTO slot (slot_manufacturer_id, slot_error_code, slot_info, slot_position, slot_state, station_stationmanufacturerid) VALUES ('8b560b34-cd2c-4bbb-a91e-0d46483f645c', '', '', 5, 0, '82449131-3f55-424b-af21-5777d8aa42b5');
INSERT INTO slot (slot_manufacturer_id, slot_error_code, slot_info, slot_position, slot_state, station_stationmanufacturerid) VALUES ('c6751c57-3292-4349-984d-c6e816b18c57', '', '', 6, 0, '82449131-3f55-424b-af21-5777d8aa42b5');
INSERT INTO slot (slot_manufacturer_id, slot_error_code, slot_info, slot_position, slot_state, station_stationmanufacturerid) VALUES ('6226cb7d-3b6d-4df7-8afc-6443e6b64405', '', '', 7, 0, '82449131-3f55-424b-af21-5777d8aa42b5');
INSERT INTO slot (slot_manufacturer_id, slot_error_code, slot_info, slot_position, slot_state, station_stationmanufacturerid) VALUES ('5ce57775-53c6-4993-a519-25b46336d395', '', '', 8, 0, '82449131-3f55-424b-af21-5777d8aa42b5');
INSERT INTO slot (slot_manufacturer_id, slot_error_code, slot_info, slot_position, slot_state, station_stationmanufacturerid) VALUES ('a456715d-4471-40de-81b3-f79871106a59', '', '', 9, 0, '82449131-3f55-424b-af21-5777d8aa42b5');
INSERT INTO slot (slot_manufacturer_id, slot_error_code, slot_info, slot_position, slot_state, station_stationmanufacturerid) VALUES ('9672b986-c563-4dc4-b2bc-5ea46f46ec66', '', '', 10, 0, '82449131-3f55-424b-af21-5777d8aa42b5');
INSERT INTO slot (slot_manufacturer_id, slot_error_code, slot_info, slot_position, slot_state, station_stationmanufacturerid) VALUES ('a3bee834-2304-4b9c-999f-26606d147682', '', '', 11, 0, '82449131-3f55-424b-af21-5777d8aa42b5');
INSERT INTO slot (slot_manufacturer_id, slot_error_code, slot_info, slot_position, slot_state, station_stationmanufacturerid) VALUES ('da4bc23c-0082-426b-9f97-3bbc7f1a9f06', '', '', 12, 0, '82449131-3f55-424b-af21-5777d8aa42b5');
INSERT INTO slot (slot_manufacturer_id, slot_error_code, slot_info, slot_position, slot_state, station_stationmanufacturerid) VALUES ('598f2e76-4239-43d8-bf5a-42e5ddb0b718', '', '', 13, 0, '82449131-3f55-424b-af21-5777d8aa42b5');
INSERT INTO slot (slot_manufacturer_id, slot_error_code, slot_info, slot_position, slot_state, station_stationmanufacturerid) VALUES ('7f22ef54-7598-4353-8e09-05fddc43b4dd', '', '', 14, 0, '82449131-3f55-424b-af21-5777d8aa42b5');
INSERT INTO slot (slot_manufacturer_id, slot_error_code, slot_info, slot_position, slot_state, station_stationmanufacturerid) VALUES ('bd927549-6d48-4906-869e-6335324feec7', '', '', 15, 0, '82449131-3f55-424b-af21-5777d8aa42b5');
INSERT INTO slot (slot_manufacturer_id, slot_error_code, slot_info, slot_position, slot_state, station_stationmanufacturerid) VALUES ('4d9da125-70c9-4c1b-af4d-41162244e59a', '', '', 16, 0, '82449131-3f55-424b-af21-5777d8aa42b5');
INSERT INTO slot (slot_manufacturer_id, slot_error_code, slot_info, slot_position, slot_state, station_stationmanufacturerid) VALUES ('bfcd1729-731e-48b4-963a-445a47d6b19c', '', '', 17, 0, '82449131-3f55-424b-af21-5777d8aa42b5');
INSERT INTO slot (slot_manufacturer_id, slot_error_code, slot_info, slot_position, slot_state, station_stationmanufacturerid) VALUES ('31222dc6-e9fd-45a6-9059-ae78173d45d2', '', '', 18, 0, '82449131-3f55-424b-af21-5777d8aa42b5');
INSERT INTO slot (slot_manufacturer_id, slot_error_code, slot_info, slot_position, slot_state, station_stationmanufacturerid) VALUES ('e2a4c2c7-b137-4c74-b113-cef5b6ab78ec', '', '', 19, 0, '82449131-3f55-424b-af21-5777d8aa42b5');
INSERT INTO slot (slot_manufacturer_id, slot_error_code, slot_info, slot_position, slot_state, station_stationmanufacturerid) VALUES ('08aac5e0-977c-475b-8866-9fa25b5f1ed0', '', '', 20, 0, '82449131-3f55-424b-af21-5777d8aa42b5');
INSERT INTO slot (slot_manufacturer_id, slot_error_code, slot_info, slot_position, slot_state, station_stationmanufacturerid) VALUES ('87356aa3-6c66-4981-aca8-445001e4c670', '', '', 1, 0, 'a7856fd3-31e2-4262-ae7d-8db94af83b56');
INSERT INTO slot (slot_manufacturer_id, slot_error_code, slot_info, slot_position, slot_state, station_stationmanufacturerid) VALUES ('810cc260-6df0-4845-94c8-6a149399ce3e', '', '', 2, 0, 'a7856fd3-31e2-4262-ae7d-8db94af83b56');
INSERT INTO slot (slot_manufacturer_id, slot_error_code, slot_info, slot_position, slot_state, station_stationmanufacturerid) VALUES ('b4633008-3a21-478d-9f77-110b668d7e7f', '', '', 3, 0, 'a7856fd3-31e2-4262-ae7d-8db94af83b56');
INSERT INTO slot (slot_manufacturer_id, slot_error_code, slot_info, slot_position, slot_state, station_stationmanufacturerid) VALUES ('28a9e1d0-0669-4a3b-b2b4-566bb7435093', '', '', 4, 0, 'a7856fd3-31e2-4262-ae7d-8db94af83b56');
INSERT INTO slot (slot_manufacturer_id, slot_error_code, slot_info, slot_position, slot_state, station_stationmanufacturerid) VALUES ('cce1c728-b196-422c-8a1c-0b3d989d8004', '', '', 5, 0, 'a7856fd3-31e2-4262-ae7d-8db94af83b56');
INSERT INTO slot (slot_manufacturer_id, slot_error_code, slot_info, slot_position, slot_state, station_stationmanufacturerid) VALUES ('f7f449b9-33a3-4004-85f5-4432eaf7df8d', '', '', 6, 0, 'a7856fd3-31e2-4262-ae7d-8db94af83b56');
INSERT INTO slot (slot_manufacturer_id, slot_error_code, slot_info, slot_position, slot_state, station_stationmanufacturerid) VALUES ('176dfd25-946f-4ec5-922c-533b2428c525', '', '', 7, 0, 'a7856fd3-31e2-4262-ae7d-8db94af83b56');
INSERT INTO slot (slot_manufacturer_id, slot_error_code, slot_info, slot_position, slot_state, station_stationmanufacturerid) VALUES ('5649b18b-e3ed-4c65-aaf1-25873465ce54', '', '', 8, 0, 'a7856fd3-31e2-4262-ae7d-8db94af83b56');
INSERT INTO slot (slot_manufacturer_id, slot_error_code, slot_info, slot_position, slot_state, station_stationmanufacturerid) VALUES ('cde8e9c6-9567-42b7-99f3-6a05c1ad926b', '', '', 9, 0, 'a7856fd3-31e2-4262-ae7d-8db94af83b56');
INSERT INTO slot (slot_manufacturer_id, slot_error_code, slot_info, slot_position, slot_state, station_stationmanufacturerid) VALUES ('dc56ec23-3227-4861-b87c-d4bfb1b75ded', '', '', 10, 0, 'a7856fd3-31e2-4262-ae7d-8db94af83b56');
INSERT INTO slot (slot_manufacturer_id, slot_error_code, slot_info, slot_position, slot_state, station_stationmanufacturerid) VALUES ('1e9956e0-a124-4302-b1aa-778671b93f27', '', '', 11, 0, 'a7856fd3-31e2-4262-ae7d-8db94af83b56');
INSERT INTO slot (slot_manufacturer_id, slot_error_code, slot_info, slot_position, slot_state, station_stationmanufacturerid) VALUES ('cd5690e8-8f5f-4b19-9db3-b9a41ac5e1eb', '', '', 12, 0, 'a7856fd3-31e2-4262-ae7d-8db94af83b56');
INSERT INTO slot (slot_manufacturer_id, slot_error_code, slot_info, slot_position, slot_state, station_stationmanufacturerid) VALUES ('852adee7-5c1e-41c8-9929-11e7d2165051', '', '', 13, 0, 'a7856fd3-31e2-4262-ae7d-8db94af83b56');
INSERT INTO slot (slot_manufacturer_id, slot_error_code, slot_info, slot_position, slot_state, station_stationmanufacturerid) VALUES ('b455d2ff-7f0f-4472-a70d-320f9947dc34', '', '', 14, 0, 'a7856fd3-31e2-4262-ae7d-8db94af83b56');
INSERT INTO slot (slot_manufacturer_id, slot_error_code, slot_info, slot_position, slot_state, station_stationmanufacturerid) VALUES ('c2d83c5c-b96b-48c6-abb3-0f3344dfd0f7', '', '', 15, 0, 'a7856fd3-31e2-4262-ae7d-8db94af83b56');
INSERT INTO slot (slot_manufacturer_id, slot_error_code, slot_info, slot_position, slot_state, station_stationmanufacturerid) VALUES ('17f7540d-d652-4c10-8966-88a0c2843111', '', '', 16, 0, 'a7856fd3-31e2-4262-ae7d-8db94af83b56');
INSERT INTO slot (slot_manufacturer_id, slot_error_code, slot_info, slot_position, slot_state, station_stationmanufacturerid) VALUES ('920c0683-2c34-447c-beb1-f25b99e504a1', '', '', 17, 0, 'a7856fd3-31e2-4262-ae7d-8db94af83b56');
INSERT INTO slot (slot_manufacturer_id, slot_error_code, slot_info, slot_position, slot_state, station_stationmanufacturerid) VALUES ('6e20fa96-b5e0-44ba-b52d-8e39afac1d4f', '', '', 18, 0, 'a7856fd3-31e2-4262-ae7d-8db94af83b56');
INSERT INTO slot (slot_manufacturer_id, slot_error_code, slot_info, slot_position, slot_state, station_stationmanufacturerid) VALUES ('ed4675cc-6b6f-41a6-be44-5f7e1a6a875b', '', '', 19, 0, 'a7856fd3-31e2-4262-ae7d-8db94af83b56');
INSERT INTO slot (slot_manufacturer_id, slot_error_code, slot_info, slot_position, slot_state, station_stationmanufacturerid) VALUES ('c7d10120-9c83-46ce-a6a2-934835cb7534', '', '', 20, 0, 'a7856fd3-31e2-4262-ae7d-8db94af83b56');
INSERT INTO slot (slot_manufacturer_id, slot_error_code, slot_info, slot_position, slot_state, station_stationmanufacturerid) VALUES ('c07c2fa9-4305-4b19-88e1-75abeb8aa1d5', '', '', 1, 0, '71b5c6f8-c2de-4a22-9c64-c769306620aa');
INSERT INTO slot (slot_manufacturer_id, slot_error_code, slot_info, slot_position, slot_state, station_stationmanufacturerid) VALUES ('cf23fb1f-1cdd-47fd-abd6-1fb177c826f6', '', '', 2, 0, '71b5c6f8-c2de-4a22-9c64-c769306620aa');
INSERT INTO slot (slot_manufacturer_id, slot_error_code, slot_info, slot_position, slot_state, station_stationmanufacturerid) VALUES ('f9a6bc85-5655-4266-9643-b59357a8fb32', '', '', 3, 0, '71b5c6f8-c2de-4a22-9c64-c769306620aa');
INSERT INTO slot (slot_manufacturer_id, slot_error_code, slot_info, slot_position, slot_state, station_stationmanufacturerid) VALUES ('d2fb77f3-8e7e-48b7-955d-b91b28bf8d19', '', '', 4, 0, '71b5c6f8-c2de-4a22-9c64-c769306620aa');
INSERT INTO slot (slot_manufacturer_id, slot_error_code, slot_info, slot_position, slot_state, station_stationmanufacturerid) VALUES ('ae34639f-c519-4114-9a00-f5acbe3e4c6d', '', '', 5, 0, '71b5c6f8-c2de-4a22-9c64-c769306620aa');
INSERT INTO slot (slot_manufacturer_id, slot_error_code, slot_info, slot_position, slot_state, station_stationmanufacturerid) VALUES ('5ac93866-d47e-41f1-9153-dcbcd814c104', '', '', 6, 0, '71b5c6f8-c2de-4a22-9c64-c769306620aa');
INSERT INTO slot (slot_manufacturer_id, slot_error_code, slot_info, slot_position, slot_state, station_stationmanufacturerid) VALUES ('ac6060f4-7d5d-4f5f-af4e-ff573c0b77be', '', '', 7, 0, '71b5c6f8-c2de-4a22-9c64-c769306620aa');
INSERT INTO slot (slot_manufacturer_id, slot_error_code, slot_info, slot_position, slot_state, station_stationmanufacturerid) VALUES ('33006e95-ea64-4b08-82a9-00341c8c8b7c', '', '', 8, 0, '71b5c6f8-c2de-4a22-9c64-c769306620aa');
INSERT INTO slot (slot_manufacturer_id, slot_error_code, slot_info, slot_position, slot_state, station_stationmanufacturerid) VALUES ('fad05325-8e78-464b-a322-b7e57042dcad', '', '', 9, 0, '71b5c6f8-c2de-4a22-9c64-c769306620aa');
INSERT INTO slot (slot_manufacturer_id, slot_error_code, slot_info, slot_position, slot_state, station_stationmanufacturerid) VALUES ('6ad55803-7b26-4fb0-804d-a9a02bdcfe8e', '', '', 10, 0, '71b5c6f8-c2de-4a22-9c64-c769306620aa');
INSERT INTO slot (slot_manufacturer_id, slot_error_code, slot_info, slot_position, slot_state, station_stationmanufacturerid) VALUES ('d7737a3b-ba3f-4f40-9886-fb9522dc1044', '', '', 11, 0, '71b5c6f8-c2de-4a22-9c64-c769306620aa');
INSERT INTO slot (slot_manufacturer_id, slot_error_code, slot_info, slot_position, slot_state, station_stationmanufacturerid) VALUES ('d3d6a112-fb93-4a6d-b0e6-03057de28671', '', '', 12, 0, '71b5c6f8-c2de-4a22-9c64-c769306620aa');
INSERT INTO slot (slot_manufacturer_id, slot_error_code, slot_info, slot_position, slot_state, station_stationmanufacturerid) VALUES ('507e7961-3769-409d-a976-113702c9c854', '', '', 13, 0, '71b5c6f8-c2de-4a22-9c64-c769306620aa');
INSERT INTO slot (slot_manufacturer_id, slot_error_code, slot_info, slot_position, slot_state, station_stationmanufacturerid) VALUES ('539574b1-973c-4bad-9fd5-dd3be8002bdb', '', '', 14, 0, '71b5c6f8-c2de-4a22-9c64-c769306620aa');
INSERT INTO slot (slot_manufacturer_id, slot_error_code, slot_info, slot_position, slot_state, station_stationmanufacturerid) VALUES ('8449d469-2bec-40c5-be6b-a35aba2851bc', '', '', 15, 0, '71b5c6f8-c2de-4a22-9c64-c769306620aa');
INSERT INTO slot (slot_manufacturer_id, slot_error_code, slot_info, slot_position, slot_state, station_stationmanufacturerid) VALUES ('eeab0d68-d366-43a3-aee8-ec3b20d41fb5', '', '', 16, 0, '71b5c6f8-c2de-4a22-9c64-c769306620aa');
INSERT INTO slot (slot_manufacturer_id, slot_error_code, slot_info, slot_position, slot_state, station_stationmanufacturerid) VALUES ('0a1bfbd1-e7ca-4651-aa46-08af202e1ad3', '', '', 17, 0, '71b5c6f8-c2de-4a22-9c64-c769306620aa');
INSERT INTO slot (slot_manufacturer_id, slot_error_code, slot_info, slot_position, slot_state, station_stationmanufacturerid) VALUES ('a4c8ecd0-99c3-4430-a88c-903b6fb0cac6', '', '', 18, 0, '71b5c6f8-c2de-4a22-9c64-c769306620aa');
INSERT INTO slot (slot_manufacturer_id, slot_error_code, slot_info, slot_position, slot_state, station_stationmanufacturerid) VALUES ('983eddf0-4349-4ce3-9d39-c724c602edbf', '', '', 19, 0, '71b5c6f8-c2de-4a22-9c64-c769306620aa');
INSERT INTO slot (slot_manufacturer_id, slot_error_code, slot_info, slot_position, slot_state, station_stationmanufacturerid) VALUES ('7c99e2f4-24ff-4dde-9368-b9087c8460b0', '', '', 20, 0, '71b5c6f8-c2de-4a22-9c64-c769306620aa');
INSERT INTO slot (slot_manufacturer_id, slot_error_code, slot_info, slot_position, slot_state, station_stationmanufacturerid) VALUES ('c3bc6e30-821a-4e4c-9fcc-bd381f6e08d5', '', '', 1, 0, 'e298922b-db16-428e-8356-ff4e39dce591');
INSERT INTO slot (slot_manufacturer_id, slot_error_code, slot_info, slot_position, slot_state, station_stationmanufacturerid) VALUES ('8ee59cc0-7d9e-4b25-8955-50d4d62c9f15', '', '', 2, 0, 'e298922b-db16-428e-8356-ff4e39dce591');
INSERT INTO slot (slot_manufacturer_id, slot_error_code, slot_info, slot_position, slot_state, station_stationmanufacturerid) VALUES ('66df0dbe-b051-495f-8375-7c3412f5d108', '', '', 3, 0, 'e298922b-db16-428e-8356-ff4e39dce591');
INSERT INTO slot (slot_manufacturer_id, slot_error_code, slot_info, slot_position, slot_state, station_stationmanufacturerid) VALUES ('f10d2e52-ece1-47af-b9f8-dfab5e102e6a', '', '', 4, 0, 'e298922b-db16-428e-8356-ff4e39dce591');
INSERT INTO slot (slot_manufacturer_id, slot_error_code, slot_info, slot_position, slot_state, station_stationmanufacturerid) VALUES ('ff0bca47-5253-4107-969f-98169e96eabb', '', '', 5, 0, 'e298922b-db16-428e-8356-ff4e39dce591');
INSERT INTO slot (slot_manufacturer_id, slot_error_code, slot_info, slot_position, slot_state, station_stationmanufacturerid) VALUES ('103ac071-70be-449e-923a-cb187dae3bf1', '', '', 6, 0, 'e298922b-db16-428e-8356-ff4e39dce591');
INSERT INTO slot (slot_manufacturer_id, slot_error_code, slot_info, slot_position, slot_state, station_stationmanufacturerid) VALUES ('edad4cc0-850f-430b-8893-175923556b40', '', '', 7, 0, 'e298922b-db16-428e-8356-ff4e39dce591');
INSERT INTO slot (slot_manufacturer_id, slot_error_code, slot_info, slot_position, slot_state, station_stationmanufacturerid) VALUES ('f2f8b0f3-c440-40ca-ae16-174c12818e13', '', '', 8, 0, 'e298922b-db16-428e-8356-ff4e39dce591');
INSERT INTO slot (slot_manufacturer_id, slot_error_code, slot_info, slot_position, slot_state, station_stationmanufacturerid) VALUES ('45a7e317-55e3-40c4-97f4-89b02d22318b', '', '', 9, 0, 'e298922b-db16-428e-8356-ff4e39dce591');
INSERT INTO slot (slot_manufacturer_id, slot_error_code, slot_info, slot_position, slot_state, station_stationmanufacturerid) VALUES ('696b103d-61a9-44b0-9307-c9288cab8fc7', '', '', 10, 0, 'e298922b-db16-428e-8356-ff4e39dce591');
INSERT INTO slot (slot_manufacturer_id, slot_error_code, slot_info, slot_position, slot_state, station_stationmanufacturerid) VALUES ('cc083a8c-8202-4963-92a1-9f13981d6984', '', '', 11, 0, 'e298922b-db16-428e-8356-ff4e39dce591');
INSERT INTO slot (slot_manufacturer_id, slot_error_code, slot_info, slot_position, slot_state, station_stationmanufacturerid) VALUES ('76e6b6b8-98a8-4300-a089-03d86af5ad4e', '', '', 12, 0, 'e298922b-db16-428e-8356-ff4e39dce591');
INSERT INTO slot (slot_manufacturer_id, slot_error_code, slot_info, slot_position, slot_state, station_stationmanufacturerid) VALUES ('591f1aa7-79f9-467e-9629-9fb854c10911', '', '', 13, 0, 'e298922b-db16-428e-8356-ff4e39dce591');
INSERT INTO slot (slot_manufacturer_id, slot_error_code, slot_info, slot_position, slot_state, station_stationmanufacturerid) VALUES ('04c401a2-6b84-440e-8467-3429fffa7efd', '', '', 14, 0, 'e298922b-db16-428e-8356-ff4e39dce591');
INSERT INTO slot (slot_manufacturer_id, slot_error_code, slot_info, slot_position, slot_state, station_stationmanufacturerid) VALUES ('3007537b-0985-44c5-9b66-e0db3b5e239a', '', '', 15, 0, 'e298922b-db16-428e-8356-ff4e39dce591');
INSERT INTO slot (slot_manufacturer_id, slot_error_code, slot_info, slot_position, slot_state, station_stationmanufacturerid) VALUES ('d2cf3b02-58e7-4013-ae66-c36f6492e4f1', '', '', 16, 0, 'e298922b-db16-428e-8356-ff4e39dce591');
INSERT INTO slot (slot_manufacturer_id, slot_error_code, slot_info, slot_position, slot_state, station_stationmanufacturerid) VALUES ('3745015b-f452-408e-a3d2-aa250441d602', '', '', 17, 0, 'e298922b-db16-428e-8356-ff4e39dce591');
INSERT INTO slot (slot_manufacturer_id, slot_error_code, slot_info, slot_position, slot_state, station_stationmanufacturerid) VALUES ('c6b1e0c0-eda9-4522-9d5f-64333db84241', '', '', 18, 0, 'e298922b-db16-428e-8356-ff4e39dce591');
INSERT INTO slot (slot_manufacturer_id, slot_error_code, slot_info, slot_position, slot_state, station_stationmanufacturerid) VALUES ('3e5c93a8-8e24-4a19-8e86-75e7a7428e9d', '', '', 19, 0, 'e298922b-db16-428e-8356-ff4e39dce591');
INSERT INTO slot (slot_manufacturer_id, slot_error_code, slot_info, slot_position, slot_state, station_stationmanufacturerid) VALUES ('5fa8a16e-d1b3-4444-846d-e9d7c29d78ce', '', '', 20, 0, 'e298922b-db16-428e-8356-ff4e39dce591');


--
-- Data for Name: pedelec; Type: TABLE DATA; Schema: public; Owner: dropvote
--

INSERT INTO pedelec (pedelec_manufacturer_id, charging_state, max_battery_level, max_current_value, meter_value, owner, pedelec_error_code, pedelec_info, pedelec_state, battery_batteryid, slot_slotmanufacturerid) VALUES ('433ef0b0-09d9-4824-b4e7-b52239549be2', 'CHARGING', NULL, NULL, 0.090478903015651313, NULL, '', '', 0, 1, 'f1d31c07-3ca5-43e2-8208-75744297edc3');
INSERT INTO pedelec (pedelec_manufacturer_id, charging_state, max_battery_level, max_current_value, meter_value, owner, pedelec_error_code, pedelec_info, pedelec_state, battery_batteryid, slot_slotmanufacturerid) VALUES ('8b54ce63-3779-4dfa-ac5f-df092cb5950c', 'CHARGING', NULL, NULL, 0.0529404735819285488, NULL, '', '', 0, 2, '95ad0764-53e3-444d-946f-7720bc95db66');
INSERT INTO pedelec (pedelec_manufacturer_id, charging_state, max_battery_level, max_current_value, meter_value, owner, pedelec_error_code, pedelec_info, pedelec_state, battery_batteryid, slot_slotmanufacturerid) VALUES ('627812a6-f1be-472c-91d4-a996e83f7298', 'CHARGING', NULL, NULL, 0.290967055166170829, NULL, '', '', 0, 3, '34f6805b-b85b-47b1-9b73-832d1db3cfc4');
INSERT INTO pedelec (pedelec_manufacturer_id, charging_state, max_battery_level, max_current_value, meter_value, owner, pedelec_error_code, pedelec_info, pedelec_state, battery_batteryid, slot_slotmanufacturerid) VALUES ('20507fdf-02d3-40a9-93d6-c44e90d4f91c', 'CHARGING', NULL, NULL, 0.819663871225782215, NULL, '', '', 0, 4, 'dd7281fb-d1e4-43fd-aa6f-6aec977bd1ba');
INSERT INTO pedelec (pedelec_manufacturer_id, charging_state, max_battery_level, max_current_value, meter_value, owner, pedelec_error_code, pedelec_info, pedelec_state, battery_batteryid, slot_slotmanufacturerid) VALUES ('3b24d044-c135-4c7d-b771-c07f5a8e4527', 'CHARGING', NULL, NULL, 0.786967236270048165, NULL, '', '', 0, 5, '94d7734f-7c62-42d4-9c4c-516f0fc294af');
INSERT INTO pedelec (pedelec_manufacturer_id, charging_state, max_battery_level, max_current_value, meter_value, owner, pedelec_error_code, pedelec_info, pedelec_state, battery_batteryid, slot_slotmanufacturerid) VALUES ('0f3c5a5a-2b60-4869-b9a4-e298227f55cc', 'CHARGING', NULL, NULL, 0.585570312569867801, NULL, '', '', 0, 6, '34561eba-cdc7-423b-9cfe-85a4c7277bfc');
INSERT INTO pedelec (pedelec_manufacturer_id, charging_state, max_battery_level, max_current_value, meter_value, owner, pedelec_error_code, pedelec_info, pedelec_state, battery_batteryid, slot_slotmanufacturerid) VALUES ('bcce0097-9cc4-49a1-aa29-6299223c7f81', 'CHARGING', NULL, NULL, 0.909228477930451362, NULL, '', '', 0, 7, '27b894d3-2e46-4b02-95bb-7390325232c8');
INSERT INTO pedelec (pedelec_manufacturer_id, charging_state, max_battery_level, max_current_value, meter_value, owner, pedelec_error_code, pedelec_info, pedelec_state, battery_batteryid, slot_slotmanufacturerid) VALUES ('b274d273-535d-4fe2-80f4-2f2a92d3be3e', 'CHARGING', NULL, NULL, 0.848005356216427253, NULL, '', '', 0, 8, '7c7ed149-158e-43de-9dfd-912850318a0d');
INSERT INTO pedelec (pedelec_manufacturer_id, charging_state, max_battery_level, max_current_value, meter_value, owner, pedelec_error_code, pedelec_info, pedelec_state, battery_batteryid, slot_slotmanufacturerid) VALUES ('dfaa282e-0665-4ed0-a0c8-6ebfef89608e', 'CHARGING', NULL, NULL, 0.370922652871565117, NULL, '', '', 0, 9, '4958a7b0-aa37-4d7b-a3eb-fad53533a8ee');
INSERT INTO pedelec (pedelec_manufacturer_id, charging_state, max_battery_level, max_current_value, meter_value, owner, pedelec_error_code, pedelec_info, pedelec_state, battery_batteryid, slot_slotmanufacturerid) VALUES ('699d6d65-da10-4c8a-b993-e21790058b8c', 'CHARGING', NULL, NULL, 0.417639250229905445, NULL, '', '', 0, 10, '84a35b98-6958-4d2f-bb56-7e3bedb5033e');
INSERT INTO pedelec (pedelec_manufacturer_id, charging_state, max_battery_level, max_current_value, meter_value, owner, pedelec_error_code, pedelec_info, pedelec_state, battery_batteryid, slot_slotmanufacturerid) VALUES ('91da058b-6753-4905-9e3a-e462e3bc4cda', 'CHARGING', NULL, NULL, 0.88187423343573812, NULL, '', '', 0, 11, 'ec9dcccf-45e2-4868-a2e4-63196aa978c8');
INSERT INTO pedelec (pedelec_manufacturer_id, charging_state, max_battery_level, max_current_value, meter_value, owner, pedelec_error_code, pedelec_info, pedelec_state, battery_batteryid, slot_slotmanufacturerid) VALUES ('856c419e-b086-42a8-b8cc-e274677cc0ef', 'CHARGING', NULL, NULL, 0.760055552995253403, NULL, '', '', 0, 12, '0a431785-e648-4587-bee5-f245ad780f9c');
INSERT INTO pedelec (pedelec_manufacturer_id, charging_state, max_battery_level, max_current_value, meter_value, owner, pedelec_error_code, pedelec_info, pedelec_state, battery_batteryid, slot_slotmanufacturerid) VALUES ('56bb7d12-9d6f-4f76-9eaf-a1da911dfdd8', 'CHARGING', NULL, NULL, 0.18976864806251037, NULL, '', '', 0, 13, '69b1a410-8c83-483c-89d7-988e3f81f218');
INSERT INTO pedelec (pedelec_manufacturer_id, charging_state, max_battery_level, max_current_value, meter_value, owner, pedelec_error_code, pedelec_info, pedelec_state, battery_batteryid, slot_slotmanufacturerid) VALUES ('c7be1428-50e2-41eb-83da-33e279a6cb1e', 'CHARGING', NULL, NULL, 0.460143454216404013, NULL, '', '', 0, 14, '3c3faad3-4747-456e-a949-93294807355b');
INSERT INTO pedelec (pedelec_manufacturer_id, charging_state, max_battery_level, max_current_value, meter_value, owner, pedelec_error_code, pedelec_info, pedelec_state, battery_batteryid, slot_slotmanufacturerid) VALUES ('3bd79a78-3ccf-41b7-a13b-6c4c3924b8f2', 'CHARGING', NULL, NULL, 0.200079155583816171, NULL, '', '', 0, 15, 'a7191179-5eac-4adb-86b8-5d9453fdeece');
INSERT INTO pedelec (pedelec_manufacturer_id, charging_state, max_battery_level, max_current_value, meter_value, owner, pedelec_error_code, pedelec_info, pedelec_state, battery_batteryid, slot_slotmanufacturerid) VALUES ('5ad21239-f914-4fef-a89b-62fafc1bd7a0', 'CHARGING', NULL, NULL, 0.0658207796532823686, NULL, '', '', 0, 16, '8b560b34-cd2c-4bbb-a91e-0d46483f645c');
INSERT INTO pedelec (pedelec_manufacturer_id, charging_state, max_battery_level, max_current_value, meter_value, owner, pedelec_error_code, pedelec_info, pedelec_state, battery_batteryid, slot_slotmanufacturerid) VALUES ('adfe110c-c570-4dd8-8518-93d248949044', 'CHARGING', NULL, NULL, 0.140647492752973835, NULL, '', '', 0, 17, 'c6751c57-3292-4349-984d-c6e816b18c57');
INSERT INTO pedelec (pedelec_manufacturer_id, charging_state, max_battery_level, max_current_value, meter_value, owner, pedelec_error_code, pedelec_info, pedelec_state, battery_batteryid, slot_slotmanufacturerid) VALUES ('dd023f07-9601-4431-83d3-a365eadbfb0a', 'CHARGING', NULL, NULL, 0.713277543842771089, NULL, '', '', 0, 18, '6226cb7d-3b6d-4df7-8afc-6443e6b64405');
INSERT INTO pedelec (pedelec_manufacturer_id, charging_state, max_battery_level, max_current_value, meter_value, owner, pedelec_error_code, pedelec_info, pedelec_state, battery_batteryid, slot_slotmanufacturerid) VALUES ('f928b181-2d67-414b-9c75-06c81813975c', 'CHARGING', NULL, NULL, 0.599478039771196958, NULL, '', '', 0, 19, '5ce57775-53c6-4993-a519-25b46336d395');
INSERT INTO pedelec (pedelec_manufacturer_id, charging_state, max_battery_level, max_current_value, meter_value, owner, pedelec_error_code, pedelec_info, pedelec_state, battery_batteryid, slot_slotmanufacturerid) VALUES ('08ab9ee5-5e12-41fb-b9c0-cf03233507ef', 'CHARGING', NULL, NULL, 0.634187830344387748, NULL, '', '', 0, 20, 'a3bee834-2304-4b9c-999f-26606d147682');
INSERT INTO pedelec (pedelec_manufacturer_id, charging_state, max_battery_level, max_current_value, meter_value, owner, pedelec_error_code, pedelec_info, pedelec_state, battery_batteryid, slot_slotmanufacturerid) VALUES ('9981feab-47f5-4ca6-84d2-ac3b004c09d5', 'CHARGING', NULL, NULL, 0.89959408789719586, NULL, '', '', 0, 21, '598f2e76-4239-43d8-bf5a-42e5ddb0b718');
INSERT INTO pedelec (pedelec_manufacturer_id, charging_state, max_battery_level, max_current_value, meter_value, owner, pedelec_error_code, pedelec_info, pedelec_state, battery_batteryid, slot_slotmanufacturerid) VALUES ('8a1861a3-a7d0-4ba4-a016-6fe9c018caf1', 'CHARGING', NULL, NULL, 0.788097341638679394, NULL, '', '', 0, 22, 'bd927549-6d48-4906-869e-6335324feec7');
INSERT INTO pedelec (pedelec_manufacturer_id, charging_state, max_battery_level, max_current_value, meter_value, owner, pedelec_error_code, pedelec_info, pedelec_state, battery_batteryid, slot_slotmanufacturerid) VALUES ('209aeec7-e16c-47fa-9c58-4f3fcb703a8e', 'CHARGING', NULL, NULL, 0.509053320491832495, NULL, '', '', 0, 23, 'bfcd1729-731e-48b4-963a-445a47d6b19c');
INSERT INTO pedelec (pedelec_manufacturer_id, charging_state, max_battery_level, max_current_value, meter_value, owner, pedelec_error_code, pedelec_info, pedelec_state, battery_batteryid, slot_slotmanufacturerid) VALUES ('08369924-a9e6-4592-a9d5-af44c123b5b1', 'CHARGING', NULL, NULL, 0.747876531992875626, NULL, '', '', 0, 24, 'e2a4c2c7-b137-4c74-b113-cef5b6ab78ec');
INSERT INTO pedelec (pedelec_manufacturer_id, charging_state, max_battery_level, max_current_value, meter_value, owner, pedelec_error_code, pedelec_info, pedelec_state, battery_batteryid, slot_slotmanufacturerid) VALUES ('ded409cc-6422-4a8d-bfcb-8a2d31bdf3c5', 'CHARGING', NULL, NULL, 0.31024792078864738, NULL, '', '', 0, 25, '08aac5e0-977c-475b-8866-9fa25b5f1ed0');
INSERT INTO pedelec (pedelec_manufacturer_id, charging_state, max_battery_level, max_current_value, meter_value, owner, pedelec_error_code, pedelec_info, pedelec_state, battery_batteryid, slot_slotmanufacturerid) VALUES ('ad162bbc-cd5d-4a3a-8fd6-9b5dad8e2889', 'CHARGING', NULL, NULL, 0.64229965714002768, NULL, '', '', 0, 26, '810cc260-6df0-4845-94c8-6a149399ce3e');
INSERT INTO pedelec (pedelec_manufacturer_id, charging_state, max_battery_level, max_current_value, meter_value, owner, pedelec_error_code, pedelec_info, pedelec_state, battery_batteryid, slot_slotmanufacturerid) VALUES ('c77866da-b3bb-4d07-8d13-ccf01c837a7b', 'CHARGING', NULL, NULL, 0.0744287883079616241, NULL, '', '', 0, 27, 'cce1c728-b196-422c-8a1c-0b3d989d8004');
INSERT INTO pedelec (pedelec_manufacturer_id, charging_state, max_battery_level, max_current_value, meter_value, owner, pedelec_error_code, pedelec_info, pedelec_state, battery_batteryid, slot_slotmanufacturerid) VALUES ('d20b5562-6fa3-40bd-9f9b-7959b733c51f', 'CHARGING', NULL, NULL, 0.532576394417225929, NULL, '', '', 0, 28, 'f7f449b9-33a3-4004-85f5-4432eaf7df8d');
INSERT INTO pedelec (pedelec_manufacturer_id, charging_state, max_battery_level, max_current_value, meter_value, owner, pedelec_error_code, pedelec_info, pedelec_state, battery_batteryid, slot_slotmanufacturerid) VALUES ('bbf9d980-0ade-4e0f-a4ad-417fbecf73d1', 'CHARGING', NULL, NULL, 0.837192784562915793, NULL, '', '', 0, 29, '176dfd25-946f-4ec5-922c-533b2428c525');
INSERT INTO pedelec (pedelec_manufacturer_id, charging_state, max_battery_level, max_current_value, meter_value, owner, pedelec_error_code, pedelec_info, pedelec_state, battery_batteryid, slot_slotmanufacturerid) VALUES ('541fdc2b-5970-41a3-abc1-5fb25396665f', 'CHARGING', NULL, NULL, 0.543033336314736936, NULL, '', '', 0, 30, 'dc56ec23-3227-4861-b87c-d4bfb1b75ded');
INSERT INTO pedelec (pedelec_manufacturer_id, charging_state, max_battery_level, max_current_value, meter_value, owner, pedelec_error_code, pedelec_info, pedelec_state, battery_batteryid, slot_slotmanufacturerid) VALUES ('4fe9aba3-cc81-4eee-8bab-ad7be25db171', 'CHARGING', NULL, NULL, 0.781784340249031762, NULL, '', '', 0, 31, '1e9956e0-a124-4302-b1aa-778671b93f27');
INSERT INTO pedelec (pedelec_manufacturer_id, charging_state, max_battery_level, max_current_value, meter_value, owner, pedelec_error_code, pedelec_info, pedelec_state, battery_batteryid, slot_slotmanufacturerid) VALUES ('b86ba9a4-0fc0-473c-a208-a8f00c1e8df0', 'CHARGING', NULL, NULL, 0.645295994606280843, NULL, '', '', 0, 32, 'cd5690e8-8f5f-4b19-9db3-b9a41ac5e1eb');
INSERT INTO pedelec (pedelec_manufacturer_id, charging_state, max_battery_level, max_current_value, meter_value, owner, pedelec_error_code, pedelec_info, pedelec_state, battery_batteryid, slot_slotmanufacturerid) VALUES ('ea14467c-4cad-4718-b728-ada91199c703', 'CHARGING', NULL, NULL, 0.301538580381447319, NULL, '', '', 0, 33, 'b455d2ff-7f0f-4472-a70d-320f9947dc34');
INSERT INTO pedelec (pedelec_manufacturer_id, charging_state, max_battery_level, max_current_value, meter_value, owner, pedelec_error_code, pedelec_info, pedelec_state, battery_batteryid, slot_slotmanufacturerid) VALUES ('223dcd8b-61c8-4954-b0b4-fcea6d7f123b', 'CHARGING', NULL, NULL, 0.868387471083986617, NULL, '', '', 0, 34, 'c2d83c5c-b96b-48c6-abb3-0f3344dfd0f7');
INSERT INTO pedelec (pedelec_manufacturer_id, charging_state, max_battery_level, max_current_value, meter_value, owner, pedelec_error_code, pedelec_info, pedelec_state, battery_batteryid, slot_slotmanufacturerid) VALUES ('9be2002d-64ba-4eba-8464-c15eeec24bbf', 'CHARGING', NULL, NULL, 0.0103308152576165879, NULL, '', '', 0, 35, '920c0683-2c34-447c-beb1-f25b99e504a1');
INSERT INTO pedelec (pedelec_manufacturer_id, charging_state, max_battery_level, max_current_value, meter_value, owner, pedelec_error_code, pedelec_info, pedelec_state, battery_batteryid, slot_slotmanufacturerid) VALUES ('66aaa0be-1f00-4195-b6c6-fbf091867a72', 'CHARGING', NULL, NULL, 0.170585069892539298, NULL, '', '', 0, 36, '6e20fa96-b5e0-44ba-b52d-8e39afac1d4f');
INSERT INTO pedelec (pedelec_manufacturer_id, charging_state, max_battery_level, max_current_value, meter_value, owner, pedelec_error_code, pedelec_info, pedelec_state, battery_batteryid, slot_slotmanufacturerid) VALUES ('2e5fe5d3-75c0-4d51-b3cb-f98d4558fc12', 'CHARGING', NULL, NULL, 0.326952628298210368, NULL, '', '', 0, 37, 'ed4675cc-6b6f-41a6-be44-5f7e1a6a875b');
INSERT INTO pedelec (pedelec_manufacturer_id, charging_state, max_battery_level, max_current_value, meter_value, owner, pedelec_error_code, pedelec_info, pedelec_state, battery_batteryid, slot_slotmanufacturerid) VALUES ('aa985c62-bde6-4ca5-8676-e3034fe3ad8a', 'CHARGING', NULL, NULL, 0.401926745546632214, NULL, '', '', 0, 38, 'c07c2fa9-4305-4b19-88e1-75abeb8aa1d5');
INSERT INTO pedelec (pedelec_manufacturer_id, charging_state, max_battery_level, max_current_value, meter_value, owner, pedelec_error_code, pedelec_info, pedelec_state, battery_batteryid, slot_slotmanufacturerid) VALUES ('a20217b5-bdb5-4df6-bd34-965545be37b5', 'CHARGING', NULL, NULL, 0.933124872956957008, NULL, '', '', 0, 39, 'cf23fb1f-1cdd-47fd-abd6-1fb177c826f6');
INSERT INTO pedelec (pedelec_manufacturer_id, charging_state, max_battery_level, max_current_value, meter_value, owner, pedelec_error_code, pedelec_info, pedelec_state, battery_batteryid, slot_slotmanufacturerid) VALUES ('21741fad-46c9-40bc-97a5-35851bf788ca', 'CHARGING', NULL, NULL, 0.976581733075443492, NULL, '', '', 0, 40, '5ac93866-d47e-41f1-9153-dcbcd814c104');
INSERT INTO pedelec (pedelec_manufacturer_id, charging_state, max_battery_level, max_current_value, meter_value, owner, pedelec_error_code, pedelec_info, pedelec_state, battery_batteryid, slot_slotmanufacturerid) VALUES ('e57ab8ff-aa53-4797-ada6-f2cd345d46fe', 'CHARGING', NULL, NULL, 0.911706876744544203, NULL, '', '', 0, 41, 'ac6060f4-7d5d-4f5f-af4e-ff573c0b77be');
INSERT INTO pedelec (pedelec_manufacturer_id, charging_state, max_battery_level, max_current_value, meter_value, owner, pedelec_error_code, pedelec_info, pedelec_state, battery_batteryid, slot_slotmanufacturerid) VALUES ('83487f58-a2c6-4545-8cee-da437f752c52', 'CHARGING', NULL, NULL, 0.408937864710947618, NULL, '', '', 0, 42, '33006e95-ea64-4b08-82a9-00341c8c8b7c');
INSERT INTO pedelec (pedelec_manufacturer_id, charging_state, max_battery_level, max_current_value, meter_value, owner, pedelec_error_code, pedelec_info, pedelec_state, battery_batteryid, slot_slotmanufacturerid) VALUES ('591d753e-087b-436d-9f9e-3be0ce8f62f9', 'CHARGING', NULL, NULL, 0.358977062266473967, NULL, '', '', 0, 43, '6ad55803-7b26-4fb0-804d-a9a02bdcfe8e');
INSERT INTO pedelec (pedelec_manufacturer_id, charging_state, max_battery_level, max_current_value, meter_value, owner, pedelec_error_code, pedelec_info, pedelec_state, battery_batteryid, slot_slotmanufacturerid) VALUES ('d4f6d9ac-36b0-4f3f-a8f3-c6d1c87fa625', 'CHARGING', NULL, NULL, 0.374556206812460823, NULL, '', '', 0, 44, 'd7737a3b-ba3f-4f40-9886-fb9522dc1044');
INSERT INTO pedelec (pedelec_manufacturer_id, charging_state, max_battery_level, max_current_value, meter_value, owner, pedelec_error_code, pedelec_info, pedelec_state, battery_batteryid, slot_slotmanufacturerid) VALUES ('068f0089-6b33-4177-b063-59298fd51e8f', 'CHARGING', NULL, NULL, 0.243936640073788236, NULL, '', '', 0, 45, 'd3d6a112-fb93-4a6d-b0e6-03057de28671');
INSERT INTO pedelec (pedelec_manufacturer_id, charging_state, max_battery_level, max_current_value, meter_value, owner, pedelec_error_code, pedelec_info, pedelec_state, battery_batteryid, slot_slotmanufacturerid) VALUES ('a7b5eb80-2703-4546-86d4-ec9687feea04', 'CHARGING', NULL, NULL, 0.00913388287258998233, NULL, '', '', 0, 46, '507e7961-3769-409d-a976-113702c9c854');
INSERT INTO pedelec (pedelec_manufacturer_id, charging_state, max_battery_level, max_current_value, meter_value, owner, pedelec_error_code, pedelec_info, pedelec_state, battery_batteryid, slot_slotmanufacturerid) VALUES ('611a999f-a197-4e37-a70a-f95ce95ecb21', 'CHARGING', NULL, NULL, 0.986789068825413285, NULL, '', '', 0, 47, 'eeab0d68-d366-43a3-aee8-ec3b20d41fb5');
INSERT INTO pedelec (pedelec_manufacturer_id, charging_state, max_battery_level, max_current_value, meter_value, owner, pedelec_error_code, pedelec_info, pedelec_state, battery_batteryid, slot_slotmanufacturerid) VALUES ('e528ae73-a793-4437-98e3-7c79f20a785a', 'CHARGING', NULL, NULL, 0.910712481223238557, NULL, '', '', 0, 48, '7c99e2f4-24ff-4dde-9368-b9087c8460b0');
INSERT INTO pedelec (pedelec_manufacturer_id, charging_state, max_battery_level, max_current_value, meter_value, owner, pedelec_error_code, pedelec_info, pedelec_state, battery_batteryid, slot_slotmanufacturerid) VALUES ('3086c43b-1a2a-41ae-82a8-dce2810731dd', 'CHARGING', NULL, NULL, 0.930026244807898417, NULL, '', '', 0, 49, '8ee59cc0-7d9e-4b25-8955-50d4d62c9f15');
INSERT INTO pedelec (pedelec_manufacturer_id, charging_state, max_battery_level, max_current_value, meter_value, owner, pedelec_error_code, pedelec_info, pedelec_state, battery_batteryid, slot_slotmanufacturerid) VALUES ('e4294502-fdc9-4cb6-9dcc-7bbfbcc12bdc', 'CHARGING', NULL, NULL, 0.872476312189934822, NULL, '', '', 0, 50, '103ac071-70be-449e-923a-cb187dae3bf1');
INSERT INTO pedelec (pedelec_manufacturer_id, charging_state, max_battery_level, max_current_value, meter_value, owner, pedelec_error_code, pedelec_info, pedelec_state, battery_batteryid, slot_slotmanufacturerid) VALUES ('f97adf36-6a7d-481b-b66a-125839d9d77d', 'CHARGING', NULL, NULL, 0.44016306133955263, NULL, '', '', 0, 51, 'edad4cc0-850f-430b-8893-175923556b40');
INSERT INTO pedelec (pedelec_manufacturer_id, charging_state, max_battery_level, max_current_value, meter_value, owner, pedelec_error_code, pedelec_info, pedelec_state, battery_batteryid, slot_slotmanufacturerid) VALUES ('36b66f7f-b908-4d3d-adb0-5045b8954bef', 'CHARGING', NULL, NULL, 0.931045683388576073, NULL, '', '', 0, 52, '76e6b6b8-98a8-4300-a089-03d86af5ad4e');
INSERT INTO pedelec (pedelec_manufacturer_id, charging_state, max_battery_level, max_current_value, meter_value, owner, pedelec_error_code, pedelec_info, pedelec_state, battery_batteryid, slot_slotmanufacturerid) VALUES ('7d4b5b4a-0421-4f62-87a3-e1dfc0c767a1', 'CHARGING', NULL, NULL, 0.838861562197837363, NULL, '', '', 0, 53, '04c401a2-6b84-440e-8467-3429fffa7efd');
INSERT INTO pedelec (pedelec_manufacturer_id, charging_state, max_battery_level, max_current_value, meter_value, owner, pedelec_error_code, pedelec_info, pedelec_state, battery_batteryid, slot_slotmanufacturerid) VALUES ('ae9eb302-319e-49b4-b5b5-2971392da0f0', 'CHARGING', NULL, NULL, 0.777323551362369192, NULL, '', '', 0, 54, '3007537b-0985-44c5-9b66-e0db3b5e239a');
INSERT INTO pedelec (pedelec_manufacturer_id, charging_state, max_battery_level, max_current_value, meter_value, owner, pedelec_error_code, pedelec_info, pedelec_state, battery_batteryid, slot_slotmanufacturerid) VALUES ('473afad8-9abb-4437-9b60-f403372352d9', 'CHARGING', NULL, NULL, 0.801644098528692894, NULL, '', '', 0, 55, 'd2cf3b02-58e7-4013-ae66-c36f6492e4f1');
INSERT INTO pedelec (pedelec_manufacturer_id, charging_state, max_battery_level, max_current_value, meter_value, owner, pedelec_error_code, pedelec_info, pedelec_state, battery_batteryid, slot_slotmanufacturerid) VALUES ('9bf87cfa-4e60-470a-a9e3-c918c92606e0', 'CHARGING', NULL, NULL, 0.727659907784365623, NULL, '', '', 0, 56, '3745015b-f452-408e-a3d2-aa250441d602');
INSERT INTO pedelec (pedelec_manufacturer_id, charging_state, max_battery_level, max_current_value, meter_value, owner, pedelec_error_code, pedelec_info, pedelec_state, battery_batteryid, slot_slotmanufacturerid) VALUES ('02f621ef-27a8-485f-8e5d-ee267ead2ac4', 'CHARGING', NULL, NULL, 0.584491597944597152, NULL, '', '', 0, 57, '3e5c93a8-8e24-4a19-8e86-75e7a7428e9d');


--
-- Data for Name: station_slots; Type: TABLE DATA; Schema: public; Owner: dropvote
--

INSERT INTO station_slots (station_stationmanufacturerid, slots_slotmanufacturerid) VALUES ('ddd152f7-6d9a-43e7-8bf1-2855437c9277', 'f1d31c07-3ca5-43e2-8208-75744297edc3');
INSERT INTO station_slots (station_stationmanufacturerid, slots_slotmanufacturerid) VALUES ('ddd152f7-6d9a-43e7-8bf1-2855437c9277', '95ad0764-53e3-444d-946f-7720bc95db66');
INSERT INTO station_slots (station_stationmanufacturerid, slots_slotmanufacturerid) VALUES ('ddd152f7-6d9a-43e7-8bf1-2855437c9277', 'cf9b2c2d-65a1-4243-9552-f3ccefff3e66');
INSERT INTO station_slots (station_stationmanufacturerid, slots_slotmanufacturerid) VALUES ('ddd152f7-6d9a-43e7-8bf1-2855437c9277', '7bfd65b8-09cc-41ab-8061-3c5ecb3e0570');
INSERT INTO station_slots (station_stationmanufacturerid, slots_slotmanufacturerid) VALUES ('ddd152f7-6d9a-43e7-8bf1-2855437c9277', 'f18614b2-cf3e-49d6-9555-a834ced0a549');
INSERT INTO station_slots (station_stationmanufacturerid, slots_slotmanufacturerid) VALUES ('ddd152f7-6d9a-43e7-8bf1-2855437c9277', 'bca968fc-bc2a-4070-be44-1ac572704df1');
INSERT INTO station_slots (station_stationmanufacturerid, slots_slotmanufacturerid) VALUES ('ddd152f7-6d9a-43e7-8bf1-2855437c9277', '34f6805b-b85b-47b1-9b73-832d1db3cfc4');
INSERT INTO station_slots (station_stationmanufacturerid, slots_slotmanufacturerid) VALUES ('ddd152f7-6d9a-43e7-8bf1-2855437c9277', 'dd7281fb-d1e4-43fd-aa6f-6aec977bd1ba');
INSERT INTO station_slots (station_stationmanufacturerid, slots_slotmanufacturerid) VALUES ('ddd152f7-6d9a-43e7-8bf1-2855437c9277', '70052dfd-302a-4d19-bcd4-031921cdcb10');
INSERT INTO station_slots (station_stationmanufacturerid, slots_slotmanufacturerid) VALUES ('ddd152f7-6d9a-43e7-8bf1-2855437c9277', '73276752-c2ae-47cc-90f0-8cbf6ffcad55');
INSERT INTO station_slots (station_stationmanufacturerid, slots_slotmanufacturerid) VALUES ('ddd152f7-6d9a-43e7-8bf1-2855437c9277', '94d7734f-7c62-42d4-9c4c-516f0fc294af');
INSERT INTO station_slots (station_stationmanufacturerid, slots_slotmanufacturerid) VALUES ('ddd152f7-6d9a-43e7-8bf1-2855437c9277', 'bdb44276-3802-4923-b98f-bb42bec34977');
INSERT INTO station_slots (station_stationmanufacturerid, slots_slotmanufacturerid) VALUES ('ddd152f7-6d9a-43e7-8bf1-2855437c9277', '34561eba-cdc7-423b-9cfe-85a4c7277bfc');
INSERT INTO station_slots (station_stationmanufacturerid, slots_slotmanufacturerid) VALUES ('ddd152f7-6d9a-43e7-8bf1-2855437c9277', '27b894d3-2e46-4b02-95bb-7390325232c8');
INSERT INTO station_slots (station_stationmanufacturerid, slots_slotmanufacturerid) VALUES ('ddd152f7-6d9a-43e7-8bf1-2855437c9277', '7c7ed149-158e-43de-9dfd-912850318a0d');
INSERT INTO station_slots (station_stationmanufacturerid, slots_slotmanufacturerid) VALUES ('ddd152f7-6d9a-43e7-8bf1-2855437c9277', '4958a7b0-aa37-4d7b-a3eb-fad53533a8ee');
INSERT INTO station_slots (station_stationmanufacturerid, slots_slotmanufacturerid) VALUES ('ddd152f7-6d9a-43e7-8bf1-2855437c9277', '84a35b98-6958-4d2f-bb56-7e3bedb5033e');
INSERT INTO station_slots (station_stationmanufacturerid, slots_slotmanufacturerid) VALUES ('ddd152f7-6d9a-43e7-8bf1-2855437c9277', 'ec9dcccf-45e2-4868-a2e4-63196aa978c8');
INSERT INTO station_slots (station_stationmanufacturerid, slots_slotmanufacturerid) VALUES ('ddd152f7-6d9a-43e7-8bf1-2855437c9277', '0a431785-e648-4587-bee5-f245ad780f9c');
INSERT INTO station_slots (station_stationmanufacturerid, slots_slotmanufacturerid) VALUES ('ddd152f7-6d9a-43e7-8bf1-2855437c9277', '69b1a410-8c83-483c-89d7-988e3f81f218');
INSERT INTO station_slots (station_stationmanufacturerid, slots_slotmanufacturerid) VALUES ('82449131-3f55-424b-af21-5777d8aa42b5', 'b4f2fc88-ecbd-4e73-9b27-9979d855bbec');
INSERT INTO station_slots (station_stationmanufacturerid, slots_slotmanufacturerid) VALUES ('82449131-3f55-424b-af21-5777d8aa42b5', '3c3faad3-4747-456e-a949-93294807355b');
INSERT INTO station_slots (station_stationmanufacturerid, slots_slotmanufacturerid) VALUES ('82449131-3f55-424b-af21-5777d8aa42b5', 'bab31673-8c06-4d9e-bf80-eb1cc479c81a');
INSERT INTO station_slots (station_stationmanufacturerid, slots_slotmanufacturerid) VALUES ('82449131-3f55-424b-af21-5777d8aa42b5', 'a7191179-5eac-4adb-86b8-5d9453fdeece');
INSERT INTO station_slots (station_stationmanufacturerid, slots_slotmanufacturerid) VALUES ('82449131-3f55-424b-af21-5777d8aa42b5', '8b560b34-cd2c-4bbb-a91e-0d46483f645c');
INSERT INTO station_slots (station_stationmanufacturerid, slots_slotmanufacturerid) VALUES ('82449131-3f55-424b-af21-5777d8aa42b5', 'c6751c57-3292-4349-984d-c6e816b18c57');
INSERT INTO station_slots (station_stationmanufacturerid, slots_slotmanufacturerid) VALUES ('82449131-3f55-424b-af21-5777d8aa42b5', '6226cb7d-3b6d-4df7-8afc-6443e6b64405');
INSERT INTO station_slots (station_stationmanufacturerid, slots_slotmanufacturerid) VALUES ('82449131-3f55-424b-af21-5777d8aa42b5', '5ce57775-53c6-4993-a519-25b46336d395');
INSERT INTO station_slots (station_stationmanufacturerid, slots_slotmanufacturerid) VALUES ('82449131-3f55-424b-af21-5777d8aa42b5', 'a456715d-4471-40de-81b3-f79871106a59');
INSERT INTO station_slots (station_stationmanufacturerid, slots_slotmanufacturerid) VALUES ('82449131-3f55-424b-af21-5777d8aa42b5', '9672b986-c563-4dc4-b2bc-5ea46f46ec66');
INSERT INTO station_slots (station_stationmanufacturerid, slots_slotmanufacturerid) VALUES ('82449131-3f55-424b-af21-5777d8aa42b5', 'a3bee834-2304-4b9c-999f-26606d147682');
INSERT INTO station_slots (station_stationmanufacturerid, slots_slotmanufacturerid) VALUES ('82449131-3f55-424b-af21-5777d8aa42b5', 'da4bc23c-0082-426b-9f97-3bbc7f1a9f06');
INSERT INTO station_slots (station_stationmanufacturerid, slots_slotmanufacturerid) VALUES ('82449131-3f55-424b-af21-5777d8aa42b5', '598f2e76-4239-43d8-bf5a-42e5ddb0b718');
INSERT INTO station_slots (station_stationmanufacturerid, slots_slotmanufacturerid) VALUES ('82449131-3f55-424b-af21-5777d8aa42b5', '7f22ef54-7598-4353-8e09-05fddc43b4dd');
INSERT INTO station_slots (station_stationmanufacturerid, slots_slotmanufacturerid) VALUES ('82449131-3f55-424b-af21-5777d8aa42b5', 'bd927549-6d48-4906-869e-6335324feec7');
INSERT INTO station_slots (station_stationmanufacturerid, slots_slotmanufacturerid) VALUES ('82449131-3f55-424b-af21-5777d8aa42b5', '4d9da125-70c9-4c1b-af4d-41162244e59a');
INSERT INTO station_slots (station_stationmanufacturerid, slots_slotmanufacturerid) VALUES ('82449131-3f55-424b-af21-5777d8aa42b5', 'bfcd1729-731e-48b4-963a-445a47d6b19c');
INSERT INTO station_slots (station_stationmanufacturerid, slots_slotmanufacturerid) VALUES ('82449131-3f55-424b-af21-5777d8aa42b5', '31222dc6-e9fd-45a6-9059-ae78173d45d2');
INSERT INTO station_slots (station_stationmanufacturerid, slots_slotmanufacturerid) VALUES ('82449131-3f55-424b-af21-5777d8aa42b5', 'e2a4c2c7-b137-4c74-b113-cef5b6ab78ec');
INSERT INTO station_slots (station_stationmanufacturerid, slots_slotmanufacturerid) VALUES ('82449131-3f55-424b-af21-5777d8aa42b5', '08aac5e0-977c-475b-8866-9fa25b5f1ed0');
INSERT INTO station_slots (station_stationmanufacturerid, slots_slotmanufacturerid) VALUES ('a7856fd3-31e2-4262-ae7d-8db94af83b56', '87356aa3-6c66-4981-aca8-445001e4c670');
INSERT INTO station_slots (station_stationmanufacturerid, slots_slotmanufacturerid) VALUES ('a7856fd3-31e2-4262-ae7d-8db94af83b56', '810cc260-6df0-4845-94c8-6a149399ce3e');
INSERT INTO station_slots (station_stationmanufacturerid, slots_slotmanufacturerid) VALUES ('a7856fd3-31e2-4262-ae7d-8db94af83b56', 'b4633008-3a21-478d-9f77-110b668d7e7f');
INSERT INTO station_slots (station_stationmanufacturerid, slots_slotmanufacturerid) VALUES ('a7856fd3-31e2-4262-ae7d-8db94af83b56', '28a9e1d0-0669-4a3b-b2b4-566bb7435093');
INSERT INTO station_slots (station_stationmanufacturerid, slots_slotmanufacturerid) VALUES ('a7856fd3-31e2-4262-ae7d-8db94af83b56', 'cce1c728-b196-422c-8a1c-0b3d989d8004');
INSERT INTO station_slots (station_stationmanufacturerid, slots_slotmanufacturerid) VALUES ('a7856fd3-31e2-4262-ae7d-8db94af83b56', 'f7f449b9-33a3-4004-85f5-4432eaf7df8d');
INSERT INTO station_slots (station_stationmanufacturerid, slots_slotmanufacturerid) VALUES ('a7856fd3-31e2-4262-ae7d-8db94af83b56', '176dfd25-946f-4ec5-922c-533b2428c525');
INSERT INTO station_slots (station_stationmanufacturerid, slots_slotmanufacturerid) VALUES ('a7856fd3-31e2-4262-ae7d-8db94af83b56', '5649b18b-e3ed-4c65-aaf1-25873465ce54');
INSERT INTO station_slots (station_stationmanufacturerid, slots_slotmanufacturerid) VALUES ('a7856fd3-31e2-4262-ae7d-8db94af83b56', 'cde8e9c6-9567-42b7-99f3-6a05c1ad926b');
INSERT INTO station_slots (station_stationmanufacturerid, slots_slotmanufacturerid) VALUES ('a7856fd3-31e2-4262-ae7d-8db94af83b56', 'dc56ec23-3227-4861-b87c-d4bfb1b75ded');
INSERT INTO station_slots (station_stationmanufacturerid, slots_slotmanufacturerid) VALUES ('a7856fd3-31e2-4262-ae7d-8db94af83b56', '1e9956e0-a124-4302-b1aa-778671b93f27');
INSERT INTO station_slots (station_stationmanufacturerid, slots_slotmanufacturerid) VALUES ('a7856fd3-31e2-4262-ae7d-8db94af83b56', 'cd5690e8-8f5f-4b19-9db3-b9a41ac5e1eb');
INSERT INTO station_slots (station_stationmanufacturerid, slots_slotmanufacturerid) VALUES ('a7856fd3-31e2-4262-ae7d-8db94af83b56', '852adee7-5c1e-41c8-9929-11e7d2165051');
INSERT INTO station_slots (station_stationmanufacturerid, slots_slotmanufacturerid) VALUES ('a7856fd3-31e2-4262-ae7d-8db94af83b56', 'b455d2ff-7f0f-4472-a70d-320f9947dc34');
INSERT INTO station_slots (station_stationmanufacturerid, slots_slotmanufacturerid) VALUES ('a7856fd3-31e2-4262-ae7d-8db94af83b56', 'c2d83c5c-b96b-48c6-abb3-0f3344dfd0f7');
INSERT INTO station_slots (station_stationmanufacturerid, slots_slotmanufacturerid) VALUES ('a7856fd3-31e2-4262-ae7d-8db94af83b56', '17f7540d-d652-4c10-8966-88a0c2843111');
INSERT INTO station_slots (station_stationmanufacturerid, slots_slotmanufacturerid) VALUES ('a7856fd3-31e2-4262-ae7d-8db94af83b56', '920c0683-2c34-447c-beb1-f25b99e504a1');
INSERT INTO station_slots (station_stationmanufacturerid, slots_slotmanufacturerid) VALUES ('a7856fd3-31e2-4262-ae7d-8db94af83b56', '6e20fa96-b5e0-44ba-b52d-8e39afac1d4f');
INSERT INTO station_slots (station_stationmanufacturerid, slots_slotmanufacturerid) VALUES ('a7856fd3-31e2-4262-ae7d-8db94af83b56', 'ed4675cc-6b6f-41a6-be44-5f7e1a6a875b');
INSERT INTO station_slots (station_stationmanufacturerid, slots_slotmanufacturerid) VALUES ('a7856fd3-31e2-4262-ae7d-8db94af83b56', 'c7d10120-9c83-46ce-a6a2-934835cb7534');
INSERT INTO station_slots (station_stationmanufacturerid, slots_slotmanufacturerid) VALUES ('71b5c6f8-c2de-4a22-9c64-c769306620aa', 'c07c2fa9-4305-4b19-88e1-75abeb8aa1d5');
INSERT INTO station_slots (station_stationmanufacturerid, slots_slotmanufacturerid) VALUES ('71b5c6f8-c2de-4a22-9c64-c769306620aa', 'cf23fb1f-1cdd-47fd-abd6-1fb177c826f6');
INSERT INTO station_slots (station_stationmanufacturerid, slots_slotmanufacturerid) VALUES ('71b5c6f8-c2de-4a22-9c64-c769306620aa', 'f9a6bc85-5655-4266-9643-b59357a8fb32');
INSERT INTO station_slots (station_stationmanufacturerid, slots_slotmanufacturerid) VALUES ('71b5c6f8-c2de-4a22-9c64-c769306620aa', 'd2fb77f3-8e7e-48b7-955d-b91b28bf8d19');
INSERT INTO station_slots (station_stationmanufacturerid, slots_slotmanufacturerid) VALUES ('71b5c6f8-c2de-4a22-9c64-c769306620aa', 'ae34639f-c519-4114-9a00-f5acbe3e4c6d');
INSERT INTO station_slots (station_stationmanufacturerid, slots_slotmanufacturerid) VALUES ('71b5c6f8-c2de-4a22-9c64-c769306620aa', '5ac93866-d47e-41f1-9153-dcbcd814c104');
INSERT INTO station_slots (station_stationmanufacturerid, slots_slotmanufacturerid) VALUES ('71b5c6f8-c2de-4a22-9c64-c769306620aa', 'ac6060f4-7d5d-4f5f-af4e-ff573c0b77be');
INSERT INTO station_slots (station_stationmanufacturerid, slots_slotmanufacturerid) VALUES ('71b5c6f8-c2de-4a22-9c64-c769306620aa', '33006e95-ea64-4b08-82a9-00341c8c8b7c');
INSERT INTO station_slots (station_stationmanufacturerid, slots_slotmanufacturerid) VALUES ('71b5c6f8-c2de-4a22-9c64-c769306620aa', 'fad05325-8e78-464b-a322-b7e57042dcad');
INSERT INTO station_slots (station_stationmanufacturerid, slots_slotmanufacturerid) VALUES ('71b5c6f8-c2de-4a22-9c64-c769306620aa', '6ad55803-7b26-4fb0-804d-a9a02bdcfe8e');
INSERT INTO station_slots (station_stationmanufacturerid, slots_slotmanufacturerid) VALUES ('71b5c6f8-c2de-4a22-9c64-c769306620aa', 'd7737a3b-ba3f-4f40-9886-fb9522dc1044');
INSERT INTO station_slots (station_stationmanufacturerid, slots_slotmanufacturerid) VALUES ('71b5c6f8-c2de-4a22-9c64-c769306620aa', 'd3d6a112-fb93-4a6d-b0e6-03057de28671');
INSERT INTO station_slots (station_stationmanufacturerid, slots_slotmanufacturerid) VALUES ('71b5c6f8-c2de-4a22-9c64-c769306620aa', '507e7961-3769-409d-a976-113702c9c854');
INSERT INTO station_slots (station_stationmanufacturerid, slots_slotmanufacturerid) VALUES ('71b5c6f8-c2de-4a22-9c64-c769306620aa', '539574b1-973c-4bad-9fd5-dd3be8002bdb');
INSERT INTO station_slots (station_stationmanufacturerid, slots_slotmanufacturerid) VALUES ('71b5c6f8-c2de-4a22-9c64-c769306620aa', '8449d469-2bec-40c5-be6b-a35aba2851bc');
INSERT INTO station_slots (station_stationmanufacturerid, slots_slotmanufacturerid) VALUES ('71b5c6f8-c2de-4a22-9c64-c769306620aa', 'eeab0d68-d366-43a3-aee8-ec3b20d41fb5');
INSERT INTO station_slots (station_stationmanufacturerid, slots_slotmanufacturerid) VALUES ('71b5c6f8-c2de-4a22-9c64-c769306620aa', '0a1bfbd1-e7ca-4651-aa46-08af202e1ad3');
INSERT INTO station_slots (station_stationmanufacturerid, slots_slotmanufacturerid) VALUES ('71b5c6f8-c2de-4a22-9c64-c769306620aa', 'a4c8ecd0-99c3-4430-a88c-903b6fb0cac6');
INSERT INTO station_slots (station_stationmanufacturerid, slots_slotmanufacturerid) VALUES ('71b5c6f8-c2de-4a22-9c64-c769306620aa', '983eddf0-4349-4ce3-9d39-c724c602edbf');
INSERT INTO station_slots (station_stationmanufacturerid, slots_slotmanufacturerid) VALUES ('71b5c6f8-c2de-4a22-9c64-c769306620aa', '7c99e2f4-24ff-4dde-9368-b9087c8460b0');
INSERT INTO station_slots (station_stationmanufacturerid, slots_slotmanufacturerid) VALUES ('e298922b-db16-428e-8356-ff4e39dce591', 'c3bc6e30-821a-4e4c-9fcc-bd381f6e08d5');
INSERT INTO station_slots (station_stationmanufacturerid, slots_slotmanufacturerid) VALUES ('e298922b-db16-428e-8356-ff4e39dce591', '8ee59cc0-7d9e-4b25-8955-50d4d62c9f15');
INSERT INTO station_slots (station_stationmanufacturerid, slots_slotmanufacturerid) VALUES ('e298922b-db16-428e-8356-ff4e39dce591', '66df0dbe-b051-495f-8375-7c3412f5d108');
INSERT INTO station_slots (station_stationmanufacturerid, slots_slotmanufacturerid) VALUES ('e298922b-db16-428e-8356-ff4e39dce591', 'f10d2e52-ece1-47af-b9f8-dfab5e102e6a');
INSERT INTO station_slots (station_stationmanufacturerid, slots_slotmanufacturerid) VALUES ('e298922b-db16-428e-8356-ff4e39dce591', 'ff0bca47-5253-4107-969f-98169e96eabb');
INSERT INTO station_slots (station_stationmanufacturerid, slots_slotmanufacturerid) VALUES ('e298922b-db16-428e-8356-ff4e39dce591', '103ac071-70be-449e-923a-cb187dae3bf1');
INSERT INTO station_slots (station_stationmanufacturerid, slots_slotmanufacturerid) VALUES ('e298922b-db16-428e-8356-ff4e39dce591', 'edad4cc0-850f-430b-8893-175923556b40');
INSERT INTO station_slots (station_stationmanufacturerid, slots_slotmanufacturerid) VALUES ('e298922b-db16-428e-8356-ff4e39dce591', 'f2f8b0f3-c440-40ca-ae16-174c12818e13');
INSERT INTO station_slots (station_stationmanufacturerid, slots_slotmanufacturerid) VALUES ('e298922b-db16-428e-8356-ff4e39dce591', '45a7e317-55e3-40c4-97f4-89b02d22318b');
INSERT INTO station_slots (station_stationmanufacturerid, slots_slotmanufacturerid) VALUES ('e298922b-db16-428e-8356-ff4e39dce591', '696b103d-61a9-44b0-9307-c9288cab8fc7');
INSERT INTO station_slots (station_stationmanufacturerid, slots_slotmanufacturerid) VALUES ('e298922b-db16-428e-8356-ff4e39dce591', 'cc083a8c-8202-4963-92a1-9f13981d6984');
INSERT INTO station_slots (station_stationmanufacturerid, slots_slotmanufacturerid) VALUES ('e298922b-db16-428e-8356-ff4e39dce591', '76e6b6b8-98a8-4300-a089-03d86af5ad4e');
INSERT INTO station_slots (station_stationmanufacturerid, slots_slotmanufacturerid) VALUES ('e298922b-db16-428e-8356-ff4e39dce591', '591f1aa7-79f9-467e-9629-9fb854c10911');
INSERT INTO station_slots (station_stationmanufacturerid, slots_slotmanufacturerid) VALUES ('e298922b-db16-428e-8356-ff4e39dce591', '04c401a2-6b84-440e-8467-3429fffa7efd');
INSERT INTO station_slots (station_stationmanufacturerid, slots_slotmanufacturerid) VALUES ('e298922b-db16-428e-8356-ff4e39dce591', '3007537b-0985-44c5-9b66-e0db3b5e239a');
INSERT INTO station_slots (station_stationmanufacturerid, slots_slotmanufacturerid) VALUES ('e298922b-db16-428e-8356-ff4e39dce591', 'd2cf3b02-58e7-4013-ae66-c36f6492e4f1');
INSERT INTO station_slots (station_stationmanufacturerid, slots_slotmanufacturerid) VALUES ('e298922b-db16-428e-8356-ff4e39dce591', '3745015b-f452-408e-a3d2-aa250441d602');
INSERT INTO station_slots (station_stationmanufacturerid, slots_slotmanufacturerid) VALUES ('e298922b-db16-428e-8356-ff4e39dce591', 'c6b1e0c0-eda9-4522-9d5f-64333db84241');
INSERT INTO station_slots (station_stationmanufacturerid, slots_slotmanufacturerid) VALUES ('e298922b-db16-428e-8356-ff4e39dce591', '3e5c93a8-8e24-4a19-8e86-75e7a7428e9d');
INSERT INTO station_slots (station_stationmanufacturerid, slots_slotmanufacturerid) VALUES ('e298922b-db16-428e-8356-ff4e39dce591', '5fa8a16e-d1b3-4444-846d-e9d7c29d78ce');


--
-- PostgreSQL database dump complete
--

