INSERT INTO battery (battery_id, current, cycle_count, soc, temperature, voltage) VALUES (1, 1, 97, 0.456719458014126056, 23.8728332067027402, 12);
INSERT INTO battery (battery_id, current, cycle_count, soc, temperature, voltage) VALUES (2, 1, 100, 0.479960929073365294, 17.0349217297879321, 12);
INSERT INTO battery (battery_id, current, cycle_count, soc, temperature, voltage) VALUES (3, 1, 152, 0.845125218485938801, 22.8195315736636601, 12);
INSERT INTO battery (battery_id, current, cycle_count, soc, temperature, voltage) VALUES (4, 1, 177, 0.747977631762300477, 20.7947448520252465, 12);
INSERT INTO battery (battery_id, current, cycle_count, soc, temperature, voltage) VALUES (5, 1, 37, 0.962641035506749621, 22.5256893844640125, 12);
INSERT INTO battery (battery_id, current, cycle_count, soc, temperature, voltage) VALUES (6, 1, 173, 0.348074706625822849, 22.5436253718161907, 12);
INSERT INTO battery (battery_id, current, cycle_count, soc, temperature, voltage) VALUES (7, 1, 182, 0.700308525372467572, 24.0580798080094453, 12);
INSERT INTO battery (battery_id, current, cycle_count, soc, temperature, voltage) VALUES (8, 1, 96, 0.993579990162108184, 16.8626431121998586, 12);
INSERT INTO battery (battery_id, current, cycle_count, soc, temperature, voltage) VALUES (9, 1, 41, 0.274451943300862422, 21.4047295309731211, 12);
INSERT INTO battery (battery_id, current, cycle_count, soc, temperature, voltage) VALUES (10, 1, 184, 0.0111652751384537785, 23.05346339560014, 12);
INSERT INTO battery (battery_id, current, cycle_count, soc, temperature, voltage) VALUES (11, 1, 85, 0.252950570298405952, 15.4866543322228001, 12);
INSERT INTO battery (battery_id, current, cycle_count, soc, temperature, voltage) VALUES (12, 1, 70, 0.957411585120221398, 16.9928949426490412, 12);
INSERT INTO battery (battery_id, current, cycle_count, soc, temperature, voltage) VALUES (13, 1, 120, 0.522738051242319202, 20.4452751554189902, 12);
INSERT INTO battery (battery_id, current, cycle_count, soc, temperature, voltage) VALUES (14, 1, 39, 0.26753795383345802, 20.7325919599310566, 12);
INSERT INTO battery (battery_id, current, cycle_count, soc, temperature, voltage) VALUES (15, 1, 77, 0.874449133661838851, 23.0675470021669007, 12);
INSERT INTO battery (battery_id, current, cycle_count, soc, temperature, voltage) VALUES (16, 1, 11, 0.109022607015813011, 24.5943107456122618, 12);
INSERT INTO battery (battery_id, current, cycle_count, soc, temperature, voltage) VALUES (17, 1, 77, 0.146389251856289926, 24.9786959480201247, 12);
INSERT INTO battery (battery_id, current, cycle_count, soc, temperature, voltage) VALUES (18, 1, 111, 0.994704545872945989, 17.3297838422699009, 12);
INSERT INTO battery (battery_id, current, cycle_count, soc, temperature, voltage) VALUES (19, 1, 151, 0.352313184375308008, 21.4347820984939901, 12);
INSERT INTO battery (battery_id, current, cycle_count, soc, temperature, voltage) VALUES (20, 1, 41, 0.237346069648781355, 18.0636442173674716, 12);
INSERT INTO battery (battery_id, current, cycle_count, soc, temperature, voltage) VALUES (21, 1, 52, 0.339758815335025721, 24.0225404741427013, 12);
INSERT INTO battery (battery_id, current, cycle_count, soc, temperature, voltage) VALUES (22, 1, 83, 0.560371348918264678, 16.0221582483873632, 12);
INSERT INTO battery (battery_id, current, cycle_count, soc, temperature, voltage) VALUES (23, 1, 148, 0.121667336710657437, 16.1919589988630719, 12);
INSERT INTO battery (battery_id, current, cycle_count, soc, temperature, voltage) VALUES (24, 1, 125, 0.0267811196557600217, 21.7005171060893787, 12);
INSERT INTO battery (battery_id, current, cycle_count, soc, temperature, voltage) VALUES (25, 1, 136, 0.237240428806073655, 23.8180568251384841, 12);
INSERT INTO battery (battery_id, current, cycle_count, soc, temperature, voltage) VALUES (26, 1, 4, 0.705631408640480129, 19.3928869938339261, 12);
INSERT INTO battery (battery_id, current, cycle_count, soc, temperature, voltage) VALUES (27, 1, 151, 0.765917988143363537, 21.456660576613352, 12);
INSERT INTO battery (battery_id, current, cycle_count, soc, temperature, voltage) VALUES (28, 1, 112, 0.00132485639924173615, 15.4182549289850481, 12);
INSERT INTO battery (battery_id, current, cycle_count, soc, temperature, voltage) VALUES (29, 1, 83, 0.519394349419093126, 16.3580866158503646, 12);
INSERT INTO battery (battery_id, current, cycle_count, soc, temperature, voltage) VALUES (30, 1, 56, 0.720059657844620671, 21.200115010282687, 12);
INSERT INTO battery (battery_id, current, cycle_count, soc, temperature, voltage) VALUES (31, 1, 35, 0.539883682086451877, 23.7479404030509862, 12);
INSERT INTO battery (battery_id, current, cycle_count, soc, temperature, voltage) VALUES (32, 1, 165, 0.0659111863988542934, 24.6590226615471551, 12);
INSERT INTO battery (battery_id, current, cycle_count, soc, temperature, voltage) VALUES (33, 1, 128, 0.791402347937251061, 19.5995165703887047, 12);
INSERT INTO battery (battery_id, current, cycle_count, soc, temperature, voltage) VALUES (34, 1, 67, 0.178309526215014169, 20.7023399595674071, 12);
INSERT INTO battery (battery_id, current, cycle_count, soc, temperature, voltage) VALUES (35, 1, 39, 0.0683522251571642148, 19.2457166897832366, 12);
INSERT INTO battery (battery_id, current, cycle_count, soc, temperature, voltage) VALUES (36, 1, 190, 0.0761647734324975012, 24.5721757948137309, 12);
INSERT INTO battery (battery_id, current, cycle_count, soc, temperature, voltage) VALUES (37, 1, 94, 0.237776110037442034, 16.2495512031224223, 12);
INSERT INTO battery (battery_id, current, cycle_count, soc, temperature, voltage) VALUES (38, 1, 77, 0.884135304979436043, 16.6370604082601226, 12);
INSERT INTO battery (battery_id, current, cycle_count, soc, temperature, voltage) VALUES (39, 1, 91, 0.0940652568813417078, 16.2011738836580079, 12);
INSERT INTO battery (battery_id, current, cycle_count, soc, temperature, voltage) VALUES (40, 1, 168, 0.299259421373874734, 18.8295640124677064, 12);
INSERT INTO battery (battery_id, current, cycle_count, soc, temperature, voltage) VALUES (41, 1, 95, 0.179618024405634791, 19.1313023493457983, 12);
INSERT INTO battery (battery_id, current, cycle_count, soc, temperature, voltage) VALUES (42, 1, 42, 0.760050778873044397, 17.2459474351832966, 12);
INSERT INTO battery (battery_id, current, cycle_count, soc, temperature, voltage) VALUES (43, 1, 132, 0.983319529779507762, 18.6279990166237468, 12);
INSERT INTO battery (battery_id, current, cycle_count, soc, temperature, voltage) VALUES (44, 1, 92, 0.293373317610379325, 15.4317017400853267, 12);
INSERT INTO battery (battery_id, current, cycle_count, soc, temperature, voltage) VALUES (45, 1, 49, 0.756637616111283662, 20.8908781471148473, 12);
INSERT INTO battery (battery_id, current, cycle_count, soc, temperature, voltage) VALUES (46, 1, 81, 0.931052655401393814, 21.8807390288284154, 12);
INSERT INTO battery (battery_id, current, cycle_count, soc, temperature, voltage) VALUES (47, 1, 76, 0.740197724531182821, 17.6940585248626654, 12);
INSERT INTO battery (battery_id, current, cycle_count, soc, temperature, voltage) VALUES (48, 1, 131, 0.260242363030924406, 15.1730560130577654, 12);
INSERT INTO battery (battery_id, current, cycle_count, soc, temperature, voltage) VALUES (49, 1, 34, 0.246799250283547877, 15.3234485089056829, 12);
INSERT INTO battery (battery_id, current, cycle_count, soc, temperature, voltage) VALUES (50, 1, 15, 0.616174133322047068, 20.5971625914340351, 12);
INSERT INTO battery (battery_id, current, cycle_count, soc, temperature, voltage) VALUES (51, 1, 24, 0.280524393130873961, 20.7646854058453201, 12);
INSERT INTO battery (battery_id, current, cycle_count, soc, temperature, voltage) VALUES (52, 1, 104, 0.131734521731619481, 23.8288976832407045, 12);
INSERT INTO battery (battery_id, current, cycle_count, soc, temperature, voltage) VALUES (53, 1, 34, 0.929834204354453298, 18.4646829377117569, 12);
INSERT INTO battery (battery_id, current, cycle_count, soc, temperature, voltage) VALUES (54, 1, 167, 0.965617852570786028, 15.0931259493414576, 12);
INSERT INTO battery (battery_id, current, cycle_count, soc, temperature, voltage) VALUES (55, 1, 97, 0.681017805216518557, 16.8248083858603685, 12);
INSERT INTO battery (battery_id, current, cycle_count, soc, temperature, voltage) VALUES (56, 1, 16, 0.352721798548913279, 18.648106766420387, 12);
INSERT INTO battery (battery_id, current, cycle_count, soc, temperature, voltage) VALUES (57, 1, 167, 0.296907231052353393, 15.9281438879058239, 12);
INSERT INTO battery (battery_id, current, cycle_count, soc, temperature, voltage) VALUES (58, 1, 76, 0.771226432212882784, 22.6149017782571704, 12);


--
-- TOC entry 2245 (class 0 OID 0)
-- Dependencies: 175
-- Name: hibernate_sequence; Type: SEQUENCE SET; Schema: public; Owner: dropvote
--

SELECT pg_catalog.setval('hibernate_sequence', 58, true);


--
-- TOC entry 2232 (class 0 OID 109146)
-- Dependencies: 171
-- Data for Name: pedelec; Type: TABLE DATA; Schema: public; Owner: dropvote
--

INSERT INTO pedelec (pedelec_manufacturer_id, charging_state, max_battery_level, max_current_value, meter_value, owner, pedelec_error_code, pedelec_info, pedelec_state, battery_batteryid, slot_slotmanufacturerid) VALUES ('d4125155-52d3-4e5c-88e6-f6223b58a4da', 'CHARGING', NULL, NULL, 0.733198634167769314, NULL, '', '', 0, 1, '756b44b4-b4f9-4239-81c5-40d299834ca6');
INSERT INTO pedelec (pedelec_manufacturer_id, charging_state, max_battery_level, max_current_value, meter_value, owner, pedelec_error_code, pedelec_info, pedelec_state, battery_batteryid, slot_slotmanufacturerid) VALUES ('67b3f649-bd33-42df-b865-514809f7bf72', 'CHARGING', NULL, NULL, 0.0183868763072660979, NULL, '', '', 0, 2, '201b348e-2bf3-4312-871f-94ce11fd77ce');
INSERT INTO pedelec (pedelec_manufacturer_id, charging_state, max_battery_level, max_current_value, meter_value, owner, pedelec_error_code, pedelec_info, pedelec_state, battery_batteryid, slot_slotmanufacturerid) VALUES ('d0113c27-a5c1-4208-8195-3eea86ba2ccb', 'CHARGING', NULL, NULL, 0.573710809206842476, NULL, '', '', 0, 3, '83529795-18d3-452a-a384-4d1e5cfc6695');
INSERT INTO pedelec (pedelec_manufacturer_id, charging_state, max_battery_level, max_current_value, meter_value, owner, pedelec_error_code, pedelec_info, pedelec_state, battery_batteryid, slot_slotmanufacturerid) VALUES ('7b7d3516-169a-459f-b398-af004cc93f89', 'CHARGING', NULL, NULL, 0.988458785563051112, NULL, '', '', 0, 4, 'a825f5ed-aa03-4e33-8529-6233e470be6f');
INSERT INTO pedelec (pedelec_manufacturer_id, charging_state, max_battery_level, max_current_value, meter_value, owner, pedelec_error_code, pedelec_info, pedelec_state, battery_batteryid, slot_slotmanufacturerid) VALUES ('99cc8ee9-af90-4550-a38a-69b52af03fff', 'CHARGING', NULL, NULL, 0.0263744143513502394, NULL, '', '', 0, 5, '9e096a7d-cf25-4ded-9938-437865688ebe');
INSERT INTO pedelec (pedelec_manufacturer_id, charging_state, max_battery_level, max_current_value, meter_value, owner, pedelec_error_code, pedelec_info, pedelec_state, battery_batteryid, slot_slotmanufacturerid) VALUES ('b0cc44d7-c115-49e9-b4ca-ec15e5f73c2e', 'CHARGING', NULL, NULL, 0.50697386241609621, NULL, '', '', 0, 6, 'e0207dea-4ff7-48d3-a4e7-5a1a9161b46b');
INSERT INTO pedelec (pedelec_manufacturer_id, charging_state, max_battery_level, max_current_value, meter_value, owner, pedelec_error_code, pedelec_info, pedelec_state, battery_batteryid, slot_slotmanufacturerid) VALUES ('c4ed93a0-71ae-4d41-be9f-b3ffd7fc1228', 'CHARGING', NULL, NULL, 0.428082330451364457, NULL, '', '', 0, 7, '0b29646f-f3c7-4dc4-9c21-5c33ccd561c2');
INSERT INTO pedelec (pedelec_manufacturer_id, charging_state, max_battery_level, max_current_value, meter_value, owner, pedelec_error_code, pedelec_info, pedelec_state, battery_batteryid, slot_slotmanufacturerid) VALUES ('4d8ccafb-daf0-4da0-bba8-52e0a03aab30', 'CHARGING', NULL, NULL, 0.660746501297687971, NULL, '', '', 0, 8, '1a93a4ad-d5b0-4108-b4e9-82016722081e');
INSERT INTO pedelec (pedelec_manufacturer_id, charging_state, max_battery_level, max_current_value, meter_value, owner, pedelec_error_code, pedelec_info, pedelec_state, battery_batteryid, slot_slotmanufacturerid) VALUES ('7542285f-3f2b-48bf-b617-a46af395cbce', 'CHARGING', NULL, NULL, 0.640493189420561992, NULL, '', '', 0, 9, 'dbd604e6-4403-4a21-8eb7-648d2badbbe5');
INSERT INTO pedelec (pedelec_manufacturer_id, charging_state, max_battery_level, max_current_value, meter_value, owner, pedelec_error_code, pedelec_info, pedelec_state, battery_batteryid, slot_slotmanufacturerid) VALUES ('f89293a9-32b5-4ccb-a703-57cadacd1e8e', 'CHARGING', NULL, NULL, 0.189266807692440087, NULL, '', '', 0, 10, '55b9a21f-0530-4fc2-a1ef-d52f6496badd');
INSERT INTO pedelec (pedelec_manufacturer_id, charging_state, max_battery_level, max_current_value, meter_value, owner, pedelec_error_code, pedelec_info, pedelec_state, battery_batteryid, slot_slotmanufacturerid) VALUES ('cffb5052-de37-44c4-9edd-147119ff63de', 'CHARGING', NULL, NULL, 0.128125231651156968, NULL, '', '', 0, 11, 'a8e7cc82-5f39-4544-9464-10f37aa8e09b');
INSERT INTO pedelec (pedelec_manufacturer_id, charging_state, max_battery_level, max_current_value, meter_value, owner, pedelec_error_code, pedelec_info, pedelec_state, battery_batteryid, slot_slotmanufacturerid) VALUES ('a3ac3122-baf7-45b6-92ae-1851f6f0fa19', 'CHARGING', NULL, NULL, 0.635384840277820717, NULL, '', '', 0, 12, '389f0a8b-f3a8-4a6c-baec-19a392cf3cf9');
INSERT INTO pedelec (pedelec_manufacturer_id, charging_state, max_battery_level, max_current_value, meter_value, owner, pedelec_error_code, pedelec_info, pedelec_state, battery_batteryid, slot_slotmanufacturerid) VALUES ('66ead02a-36d6-4de0-9f5f-04814ddaf636', 'CHARGING', NULL, NULL, 0.971595237556863167, NULL, '', '', 0, 13, 'f80102c4-9378-47fb-8405-5506035c54aa');
INSERT INTO pedelec (pedelec_manufacturer_id, charging_state, max_battery_level, max_current_value, meter_value, owner, pedelec_error_code, pedelec_info, pedelec_state, battery_batteryid, slot_slotmanufacturerid) VALUES ('d46c2a1e-27a8-44b5-8aa8-befe16a98bc4', 'CHARGING', NULL, NULL, 0.829316175871549044, NULL, '', '', 0, 14, 'c968b9f8-a552-4005-ab7f-b4c50f0129ed');
INSERT INTO pedelec (pedelec_manufacturer_id, charging_state, max_battery_level, max_current_value, meter_value, owner, pedelec_error_code, pedelec_info, pedelec_state, battery_batteryid, slot_slotmanufacturerid) VALUES ('ee0c9cc5-b410-4721-a9ec-490c2476377c', 'CHARGING', NULL, NULL, 0.90402579792108273, NULL, '', '', 0, 15, '3c5ed9d4-5a83-4ffa-8388-d4851d23f18c');
INSERT INTO pedelec (pedelec_manufacturer_id, charging_state, max_battery_level, max_current_value, meter_value, owner, pedelec_error_code, pedelec_info, pedelec_state, battery_batteryid, slot_slotmanufacturerid) VALUES ('bbe96a78-52b4-4a6e-bf5b-00129bcd68f8', 'CHARGING', NULL, NULL, 0.666856801240099384, NULL, '', '', 0, 16, '6896ae7b-ccf6-413d-8931-d0f1eef6f012');
INSERT INTO pedelec (pedelec_manufacturer_id, charging_state, max_battery_level, max_current_value, meter_value, owner, pedelec_error_code, pedelec_info, pedelec_state, battery_batteryid, slot_slotmanufacturerid) VALUES ('c3e39b87-9418-4e7c-b603-2adfbb1c6509', 'CHARGING', NULL, NULL, 0.526425566657677813, NULL, '', '', 0, 17, '98e421be-d38b-4370-90a8-2d9221c539b6');
INSERT INTO pedelec (pedelec_manufacturer_id, charging_state, max_battery_level, max_current_value, meter_value, owner, pedelec_error_code, pedelec_info, pedelec_state, battery_batteryid, slot_slotmanufacturerid) VALUES ('890cdf7f-5d12-4616-b201-d9971aa1d897', 'CHARGING', NULL, NULL, 0.0793643805128578794, NULL, '', '', 0, 18, '688f7ee8-56ee-4698-9390-0d6a4368a900');
INSERT INTO pedelec (pedelec_manufacturer_id, charging_state, max_battery_level, max_current_value, meter_value, owner, pedelec_error_code, pedelec_info, pedelec_state, battery_batteryid, slot_slotmanufacturerid) VALUES ('ba0f4465-d7ef-4c85-b687-aa5050a748ba', 'CHARGING', NULL, NULL, 0.129055061369099389, NULL, '', '', 0, 19, '52b1838b-6f5f-407a-a19f-46707960e9e9');
INSERT INTO pedelec (pedelec_manufacturer_id, charging_state, max_battery_level, max_current_value, meter_value, owner, pedelec_error_code, pedelec_info, pedelec_state, battery_batteryid, slot_slotmanufacturerid) VALUES ('b2081b59-49d5-49d6-8654-c00a0aa4eeb1', 'CHARGING', NULL, NULL, 0.565378088510064325, NULL, '', '', 0, 20, '9211ac50-ed18-486c-8602-7c29ed20f65b');
INSERT INTO pedelec (pedelec_manufacturer_id, charging_state, max_battery_level, max_current_value, meter_value, owner, pedelec_error_code, pedelec_info, pedelec_state, battery_batteryid, slot_slotmanufacturerid) VALUES ('7b707d82-4702-4a21-a609-283133017a3a', 'CHARGING', NULL, NULL, 0.0808646083127239068, NULL, '', '', 0, 21, '553117de-bdb0-4f51-ab31-4837d1ffe117');
INSERT INTO pedelec (pedelec_manufacturer_id, charging_state, max_battery_level, max_current_value, meter_value, owner, pedelec_error_code, pedelec_info, pedelec_state, battery_batteryid, slot_slotmanufacturerid) VALUES ('d08cfba5-7765-4bea-af84-6dfbbbd51bef', 'CHARGING', NULL, NULL, 0.017096613071654776, NULL, '', '', 0, 22, '2436dd50-8ae8-4c9c-bac9-03102f278014');
INSERT INTO pedelec (pedelec_manufacturer_id, charging_state, max_battery_level, max_current_value, meter_value, owner, pedelec_error_code, pedelec_info, pedelec_state, battery_batteryid, slot_slotmanufacturerid) VALUES ('3da807b8-8b44-4e45-bcab-01d0e47d167e', 'CHARGING', NULL, NULL, 0.195412758432773725, NULL, '', '', 0, 23, '363274b2-e337-448c-bd49-c0a37e09eceb');
INSERT INTO pedelec (pedelec_manufacturer_id, charging_state, max_battery_level, max_current_value, meter_value, owner, pedelec_error_code, pedelec_info, pedelec_state, battery_batteryid, slot_slotmanufacturerid) VALUES ('31e6d727-b758-4822-bee7-36665b400cf2', 'CHARGING', NULL, NULL, 0.119091474164739197, NULL, '', '', 0, 24, 'b02a0742-bec6-4e79-9104-6029f70e48f0');
INSERT INTO pedelec (pedelec_manufacturer_id, charging_state, max_battery_level, max_current_value, meter_value, owner, pedelec_error_code, pedelec_info, pedelec_state, battery_batteryid, slot_slotmanufacturerid) VALUES ('cb4dd209-8bc3-4fcc-b4ca-2a81c39829a5', 'CHARGING', NULL, NULL, 0.197391437403285686, NULL, '', '', 0, 25, '840aec50-f827-47d8-89ec-809069fa7988');
INSERT INTO pedelec (pedelec_manufacturer_id, charging_state, max_battery_level, max_current_value, meter_value, owner, pedelec_error_code, pedelec_info, pedelec_state, battery_batteryid, slot_slotmanufacturerid) VALUES ('d16ea9f8-f072-482e-b43d-33f76be55276', 'CHARGING', NULL, NULL, 0.389807572603394381, NULL, '', '', 0, 26, '3af72189-92b3-496e-97bd-1a0812adbbf0');
INSERT INTO pedelec (pedelec_manufacturer_id, charging_state, max_battery_level, max_current_value, meter_value, owner, pedelec_error_code, pedelec_info, pedelec_state, battery_batteryid, slot_slotmanufacturerid) VALUES ('6e1ac927-fae4-4e68-9139-a211b77c3aae', 'CHARGING', NULL, NULL, 0.15998584887120848, NULL, '', '', 0, 27, 'c56df2b9-b677-4284-bf50-6746d3d55788');
INSERT INTO pedelec (pedelec_manufacturer_id, charging_state, max_battery_level, max_current_value, meter_value, owner, pedelec_error_code, pedelec_info, pedelec_state, battery_batteryid, slot_slotmanufacturerid) VALUES ('57feb2a3-4ede-448c-967e-da31c82e8a39', 'CHARGING', NULL, NULL, 0.0906057415820542555, NULL, '', '', 0, 28, 'd7fa3811-ee91-46fa-bda8-762c3eb7a40b');
INSERT INTO pedelec (pedelec_manufacturer_id, charging_state, max_battery_level, max_current_value, meter_value, owner, pedelec_error_code, pedelec_info, pedelec_state, battery_batteryid, slot_slotmanufacturerid) VALUES ('2ac98453-b6eb-45ba-8140-54c1de4354a5', 'CHARGING', NULL, NULL, 0.48492414273455553, NULL, '', '', 0, 29, '512d340e-3743-4445-8da2-ced96d604ec6');
INSERT INTO pedelec (pedelec_manufacturer_id, charging_state, max_battery_level, max_current_value, meter_value, owner, pedelec_error_code, pedelec_info, pedelec_state, battery_batteryid, slot_slotmanufacturerid) VALUES ('2c348697-8ea3-415e-a458-2803bc27c1d6', 'CHARGING', NULL, NULL, 0.308260792420484653, NULL, '', '', 0, 30, 'd0459717-24a1-464a-b70a-0e7781d204c9');
INSERT INTO pedelec (pedelec_manufacturer_id, charging_state, max_battery_level, max_current_value, meter_value, owner, pedelec_error_code, pedelec_info, pedelec_state, battery_batteryid, slot_slotmanufacturerid) VALUES ('09c2ed4d-6025-4a21-965c-ed208cdf1288', 'CHARGING', NULL, NULL, 0.217225472152469345, NULL, '', '', 0, 31, 'ca79a881-a195-490b-a682-4b6e93cdd425');
INSERT INTO pedelec (pedelec_manufacturer_id, charging_state, max_battery_level, max_current_value, meter_value, owner, pedelec_error_code, pedelec_info, pedelec_state, battery_batteryid, slot_slotmanufacturerid) VALUES ('3ddfa783-2b8b-4ed0-8c9d-54cd94d9eed0', 'CHARGING', NULL, NULL, 0.784671466191298461, NULL, '', '', 0, 32, 'f581028f-431a-4955-8df8-dc03e00fb6dc');
INSERT INTO pedelec (pedelec_manufacturer_id, charging_state, max_battery_level, max_current_value, meter_value, owner, pedelec_error_code, pedelec_info, pedelec_state, battery_batteryid, slot_slotmanufacturerid) VALUES ('340ddc1d-c2ab-4fd1-8d90-34392eabec90', 'CHARGING', NULL, NULL, 0.949553618311425152, NULL, '', '', 0, 33, '0175ebf3-1d79-4827-8c78-aa66ff63bbd5');
INSERT INTO pedelec (pedelec_manufacturer_id, charging_state, max_battery_level, max_current_value, meter_value, owner, pedelec_error_code, pedelec_info, pedelec_state, battery_batteryid, slot_slotmanufacturerid) VALUES ('f61f03c4-80f0-4ced-9d34-62b6aa9af087', 'CHARGING', NULL, NULL, 0.737479704613943632, NULL, '', '', 0, 34, 'cb0a62bc-2fd0-4d37-859f-c13c15ef53d8');
INSERT INTO pedelec (pedelec_manufacturer_id, charging_state, max_battery_level, max_current_value, meter_value, owner, pedelec_error_code, pedelec_info, pedelec_state, battery_batteryid, slot_slotmanufacturerid) VALUES ('2b298c35-7cfc-4161-a53d-a7c3ad4b29ae', 'CHARGING', NULL, NULL, 0.533375720474590809, NULL, '', '', 0, 35, '177013ba-8614-4e71-adb0-f0de5b58d7bc');
INSERT INTO pedelec (pedelec_manufacturer_id, charging_state, max_battery_level, max_current_value, meter_value, owner, pedelec_error_code, pedelec_info, pedelec_state, battery_batteryid, slot_slotmanufacturerid) VALUES ('722421ff-8c4f-4e19-aaa6-c0b3e3a21a5e', 'CHARGING', NULL, NULL, 0.867590822697844155, NULL, '', '', 0, 36, '12549f67-c2d1-4765-b32e-2079230c50a3');
INSERT INTO pedelec (pedelec_manufacturer_id, charging_state, max_battery_level, max_current_value, meter_value, owner, pedelec_error_code, pedelec_info, pedelec_state, battery_batteryid, slot_slotmanufacturerid) VALUES ('c33bfd61-7a4d-41e5-8857-72f684767309', 'CHARGING', NULL, NULL, 0.896542232908201453, NULL, '', '', 0, 37, '5b4e08c5-78fe-47a6-9ca9-359bc927c618');
INSERT INTO pedelec (pedelec_manufacturer_id, charging_state, max_battery_level, max_current_value, meter_value, owner, pedelec_error_code, pedelec_info, pedelec_state, battery_batteryid, slot_slotmanufacturerid) VALUES ('eac392f1-a1fd-4cc1-a38f-ae16ebd0b732', 'CHARGING', NULL, NULL, 0.647664397346654375, NULL, '', '', 0, 38, '0bc217e9-80a2-496e-bceb-87cc58d545ef');
INSERT INTO pedelec (pedelec_manufacturer_id, charging_state, max_battery_level, max_current_value, meter_value, owner, pedelec_error_code, pedelec_info, pedelec_state, battery_batteryid, slot_slotmanufacturerid) VALUES ('a7957631-b725-49c8-ab1d-6f5fc8ca0902', 'CHARGING', NULL, NULL, 0.975492171237986483, NULL, '', '', 0, 39, '62608177-d0ae-4ddf-b1db-77741272a6de');
INSERT INTO pedelec (pedelec_manufacturer_id, charging_state, max_battery_level, max_current_value, meter_value, owner, pedelec_error_code, pedelec_info, pedelec_state, battery_batteryid, slot_slotmanufacturerid) VALUES ('5a1fcf90-02a4-4594-a888-397502be4807', 'CHARGING', NULL, NULL, 0.972745808240208398, NULL, '', '', 0, 40, '970063fe-9b81-4246-8c3c-ffd29cf50851');
INSERT INTO pedelec (pedelec_manufacturer_id, charging_state, max_battery_level, max_current_value, meter_value, owner, pedelec_error_code, pedelec_info, pedelec_state, battery_batteryid, slot_slotmanufacturerid) VALUES ('590c296e-1f98-4bae-9ccd-d35e20d7b829', 'CHARGING', NULL, NULL, 0.752583800510260859, NULL, '', '', 0, 41, '8a078ffc-2195-4028-ad11-7a941eb60bd2');
INSERT INTO pedelec (pedelec_manufacturer_id, charging_state, max_battery_level, max_current_value, meter_value, owner, pedelec_error_code, pedelec_info, pedelec_state, battery_batteryid, slot_slotmanufacturerid) VALUES ('5322b5b8-05f6-41af-9a2e-5b59f9556fa0', 'CHARGING', NULL, NULL, 0.321038304848331846, NULL, '', '', 0, 42, 'e8ca2518-f899-4f90-9741-e849c7a9a1a2');
INSERT INTO pedelec (pedelec_manufacturer_id, charging_state, max_battery_level, max_current_value, meter_value, owner, pedelec_error_code, pedelec_info, pedelec_state, battery_batteryid, slot_slotmanufacturerid) VALUES ('30ad37a2-7299-4a71-a63a-be90f0b26446', 'CHARGING', NULL, NULL, 0.824545711460325403, NULL, '', '', 0, 43, '45ce6ec1-f46e-4971-9dba-2b4fcee3ab71');
INSERT INTO pedelec (pedelec_manufacturer_id, charging_state, max_battery_level, max_current_value, meter_value, owner, pedelec_error_code, pedelec_info, pedelec_state, battery_batteryid, slot_slotmanufacturerid) VALUES ('3cbee330-56ee-4092-9bb3-042f54a852f6', 'CHARGING', NULL, NULL, 0.472053020052673689, NULL, '', '', 0, 44, 'cef3ce00-a7b6-4541-a22f-4b8bfaae9b9c');
INSERT INTO pedelec (pedelec_manufacturer_id, charging_state, max_battery_level, max_current_value, meter_value, owner, pedelec_error_code, pedelec_info, pedelec_state, battery_batteryid, slot_slotmanufacturerid) VALUES ('d59ff43d-4cfe-4341-82dc-0fc6f1cfe911', 'CHARGING', NULL, NULL, 0.668379561896702556, NULL, '', '', 0, 45, '7ff0f2d4-c85c-45f8-9f9a-2ff95f8b34be');
INSERT INTO pedelec (pedelec_manufacturer_id, charging_state, max_battery_level, max_current_value, meter_value, owner, pedelec_error_code, pedelec_info, pedelec_state, battery_batteryid, slot_slotmanufacturerid) VALUES ('6d456b3e-9354-4754-87d9-5774bff2c454', 'CHARGING', NULL, NULL, 0.281611165429962007, NULL, '', '', 0, 46, '8bf1e996-ddb2-4065-a1c6-42ddba85ff81');
INSERT INTO pedelec (pedelec_manufacturer_id, charging_state, max_battery_level, max_current_value, meter_value, owner, pedelec_error_code, pedelec_info, pedelec_state, battery_batteryid, slot_slotmanufacturerid) VALUES ('e49d8bb2-0395-47b5-ab8c-5ff6b87d3551', 'CHARGING', NULL, NULL, 0.769848838082474618, NULL, '', '', 0, 47, '3d061dcb-f80e-4e82-bfa3-10d7a91fd821');
INSERT INTO pedelec (pedelec_manufacturer_id, charging_state, max_battery_level, max_current_value, meter_value, owner, pedelec_error_code, pedelec_info, pedelec_state, battery_batteryid, slot_slotmanufacturerid) VALUES ('c272c0a2-4afa-42c9-b6ad-fab8d3619536', 'CHARGING', NULL, NULL, 0.335378336879656014, NULL, '', '', 0, 48, 'ac1b2234-b11c-477c-99fb-9bf9b7c32ba4');
INSERT INTO pedelec (pedelec_manufacturer_id, charging_state, max_battery_level, max_current_value, meter_value, owner, pedelec_error_code, pedelec_info, pedelec_state, battery_batteryid, slot_slotmanufacturerid) VALUES ('359fc963-f494-43ef-aa3e-824691706c9d', 'CHARGING', NULL, NULL, 0.189606899339755719, NULL, '', '', 0, 49, 'b75ee123-924e-4226-b887-3df3034883fb');
INSERT INTO pedelec (pedelec_manufacturer_id, charging_state, max_battery_level, max_current_value, meter_value, owner, pedelec_error_code, pedelec_info, pedelec_state, battery_batteryid, slot_slotmanufacturerid) VALUES ('593b0069-7d7a-4852-a402-ea5e8ff84005', 'CHARGING', NULL, NULL, 0.422905971238800138, NULL, '', '', 0, 50, '39d9b1f0-f599-4163-af34-b9bc7098543b');
INSERT INTO pedelec (pedelec_manufacturer_id, charging_state, max_battery_level, max_current_value, meter_value, owner, pedelec_error_code, pedelec_info, pedelec_state, battery_batteryid, slot_slotmanufacturerid) VALUES ('d0de7c73-3506-40c1-a91f-2e62d791f990', 'CHARGING', NULL, NULL, 0.762681666894722166, NULL, '', '', 0, 51, '118c85be-07f6-4c05-8710-1be15d049cf6');
INSERT INTO pedelec (pedelec_manufacturer_id, charging_state, max_battery_level, max_current_value, meter_value, owner, pedelec_error_code, pedelec_info, pedelec_state, battery_batteryid, slot_slotmanufacturerid) VALUES ('5c848e68-1759-4d08-ab0a-992de0581db5', 'CHARGING', NULL, NULL, 0.754956837652588031, NULL, '', '', 0, 52, '1272e5ea-a889-4d5e-8cb5-67b24486efad');
INSERT INTO pedelec (pedelec_manufacturer_id, charging_state, max_battery_level, max_current_value, meter_value, owner, pedelec_error_code, pedelec_info, pedelec_state, battery_batteryid, slot_slotmanufacturerid) VALUES ('37a7c1f0-8c7b-4fd0-adcb-2237e300d847', 'CHARGING', NULL, NULL, 0.35695198099390113, NULL, '', '', 0, 53, '182b14c9-3ea0-49db-b2c4-81e8a10ce03e');
INSERT INTO pedelec (pedelec_manufacturer_id, charging_state, max_battery_level, max_current_value, meter_value, owner, pedelec_error_code, pedelec_info, pedelec_state, battery_batteryid, slot_slotmanufacturerid) VALUES ('8b2fc3d8-fe02-4c73-8767-bbc206da5491', 'CHARGING', NULL, NULL, 0.636829094286243902, NULL, '', '', 0, 54, 'c60b8dbb-f7c2-44a4-b118-0e92abd465d3');
INSERT INTO pedelec (pedelec_manufacturer_id, charging_state, max_battery_level, max_current_value, meter_value, owner, pedelec_error_code, pedelec_info, pedelec_state, battery_batteryid, slot_slotmanufacturerid) VALUES ('83faadce-2308-4572-8b39-5a9336ac382c', 'CHARGING', NULL, NULL, 0.918129366637067235, NULL, '', '', 0, 55, '8e6db458-0b93-416f-be73-343837f9e1b2');
INSERT INTO pedelec (pedelec_manufacturer_id, charging_state, max_battery_level, max_current_value, meter_value, owner, pedelec_error_code, pedelec_info, pedelec_state, battery_batteryid, slot_slotmanufacturerid) VALUES ('6e3e6253-9137-4cb9-a270-de1545cbfb10', 'CHARGING', NULL, NULL, 0.322203754277629484, NULL, '', '', 0, 56, 'f05bf73a-3c99-4bf7-b4d6-a88ab320fa1d');
INSERT INTO pedelec (pedelec_manufacturer_id, charging_state, max_battery_level, max_current_value, meter_value, owner, pedelec_error_code, pedelec_info, pedelec_state, battery_batteryid, slot_slotmanufacturerid) VALUES ('99291964-19c2-404d-b193-b4d108975377', 'CHARGING', NULL, NULL, 0.381425306421947052, NULL, '', '', 0, 57, 'c5b33d21-5f3d-4b7c-835a-cca399c7915c');
INSERT INTO pedelec (pedelec_manufacturer_id, charging_state, max_battery_level, max_current_value, meter_value, owner, pedelec_error_code, pedelec_info, pedelec_state, battery_batteryid, slot_slotmanufacturerid) VALUES ('61f9620e-b4e7-4ead-87e2-dd3357a6880f', 'CHARGING', NULL, NULL, 0.379271605374683518, NULL, '', '', 0, 58, '7d9d9958-c063-4ebd-b685-331cc9a37795');


--
-- TOC entry 2233 (class 0 OID 109154)
-- Dependencies: 172
-- Data for Name: slot; Type: TABLE DATA; Schema: public; Owner: dropvote
--

INSERT INTO slot (slot_manufacturer_id, slot_error_code, slot_info, slot_position, slot_state, station_stationmanufacturerid) VALUES ('756b44b4-b4f9-4239-81c5-40d299834ca6', '', '', 1, 0, '6675cc7b-0dc8-4a88-9003-cb27dd223abd');
INSERT INTO slot (slot_manufacturer_id, slot_error_code, slot_info, slot_position, slot_state, station_stationmanufacturerid) VALUES ('201b348e-2bf3-4312-871f-94ce11fd77ce', '', '', 2, 0, '6675cc7b-0dc8-4a88-9003-cb27dd223abd');
INSERT INTO slot (slot_manufacturer_id, slot_error_code, slot_info, slot_position, slot_state, station_stationmanufacturerid) VALUES ('83529795-18d3-452a-a384-4d1e5cfc6695', '', '', 3, 0, '6675cc7b-0dc8-4a88-9003-cb27dd223abd');
INSERT INTO slot (slot_manufacturer_id, slot_error_code, slot_info, slot_position, slot_state, station_stationmanufacturerid) VALUES ('a825f5ed-aa03-4e33-8529-6233e470be6f', '', '', 4, 0, '6675cc7b-0dc8-4a88-9003-cb27dd223abd');
INSERT INTO slot (slot_manufacturer_id, slot_error_code, slot_info, slot_position, slot_state, station_stationmanufacturerid) VALUES ('9e096a7d-cf25-4ded-9938-437865688ebe', '', '', 5, 0, '6675cc7b-0dc8-4a88-9003-cb27dd223abd');
INSERT INTO slot (slot_manufacturer_id, slot_error_code, slot_info, slot_position, slot_state, station_stationmanufacturerid) VALUES ('c012ecee-e464-4079-95c7-e2c5803e1399', '', '', 6, 0, '6675cc7b-0dc8-4a88-9003-cb27dd223abd');
INSERT INTO slot (slot_manufacturer_id, slot_error_code, slot_info, slot_position, slot_state, station_stationmanufacturerid) VALUES ('53eb8ecf-4c7b-4cfb-92be-d9fa38894069', '', '', 7, 0, '6675cc7b-0dc8-4a88-9003-cb27dd223abd');
INSERT INTO slot (slot_manufacturer_id, slot_error_code, slot_info, slot_position, slot_state, station_stationmanufacturerid) VALUES ('e0207dea-4ff7-48d3-a4e7-5a1a9161b46b', '', '', 8, 0, '6675cc7b-0dc8-4a88-9003-cb27dd223abd');
INSERT INTO slot (slot_manufacturer_id, slot_error_code, slot_info, slot_position, slot_state, station_stationmanufacturerid) VALUES ('0b29646f-f3c7-4dc4-9c21-5c33ccd561c2', '', '', 9, 0, '6675cc7b-0dc8-4a88-9003-cb27dd223abd');
INSERT INTO slot (slot_manufacturer_id, slot_error_code, slot_info, slot_position, slot_state, station_stationmanufacturerid) VALUES ('1a93a4ad-d5b0-4108-b4e9-82016722081e', '', '', 10, 0, '6675cc7b-0dc8-4a88-9003-cb27dd223abd');
INSERT INTO slot (slot_manufacturer_id, slot_error_code, slot_info, slot_position, slot_state, station_stationmanufacturerid) VALUES ('18d05f49-dd10-4494-ac81-f7a5e085dae2', '', '', 11, 0, '6675cc7b-0dc8-4a88-9003-cb27dd223abd');
INSERT INTO slot (slot_manufacturer_id, slot_error_code, slot_info, slot_position, slot_state, station_stationmanufacturerid) VALUES ('471559fb-4c03-4c54-a626-4fd201c78f51', '', '', 12, 0, '6675cc7b-0dc8-4a88-9003-cb27dd223abd');
INSERT INTO slot (slot_manufacturer_id, slot_error_code, slot_info, slot_position, slot_state, station_stationmanufacturerid) VALUES ('dbd604e6-4403-4a21-8eb7-648d2badbbe5', '', '', 13, 0, '6675cc7b-0dc8-4a88-9003-cb27dd223abd');
INSERT INTO slot (slot_manufacturer_id, slot_error_code, slot_info, slot_position, slot_state, station_stationmanufacturerid) VALUES ('2e15f041-352f-47ba-90ca-3c01b0ec4717', '', '', 14, 0, '6675cc7b-0dc8-4a88-9003-cb27dd223abd');
INSERT INTO slot (slot_manufacturer_id, slot_error_code, slot_info, slot_position, slot_state, station_stationmanufacturerid) VALUES ('55b9a21f-0530-4fc2-a1ef-d52f6496badd', '', '', 15, 0, '6675cc7b-0dc8-4a88-9003-cb27dd223abd');
INSERT INTO slot (slot_manufacturer_id, slot_error_code, slot_info, slot_position, slot_state, station_stationmanufacturerid) VALUES ('de62172d-bc2c-490d-8816-98411e49f6c5', '', '', 16, 0, '6675cc7b-0dc8-4a88-9003-cb27dd223abd');
INSERT INTO slot (slot_manufacturer_id, slot_error_code, slot_info, slot_position, slot_state, station_stationmanufacturerid) VALUES ('f22bcf91-f631-46c1-81ee-30e25a34e8a7', '', '', 17, 0, '6675cc7b-0dc8-4a88-9003-cb27dd223abd');
INSERT INTO slot (slot_manufacturer_id, slot_error_code, slot_info, slot_position, slot_state, station_stationmanufacturerid) VALUES ('b22e982d-0bd2-416c-bdac-e42af54da5f2', '', '', 18, 0, '6675cc7b-0dc8-4a88-9003-cb27dd223abd');
INSERT INTO slot (slot_manufacturer_id, slot_error_code, slot_info, slot_position, slot_state, station_stationmanufacturerid) VALUES ('a8e7cc82-5f39-4544-9464-10f37aa8e09b', '', '', 19, 0, '6675cc7b-0dc8-4a88-9003-cb27dd223abd');
INSERT INTO slot (slot_manufacturer_id, slot_error_code, slot_info, slot_position, slot_state, station_stationmanufacturerid) VALUES ('719cb138-6ef8-4d42-aa56-b6b01e70d350', '', '', 20, 0, '6675cc7b-0dc8-4a88-9003-cb27dd223abd');
INSERT INTO slot (slot_manufacturer_id, slot_error_code, slot_info, slot_position, slot_state, station_stationmanufacturerid) VALUES ('389f0a8b-f3a8-4a6c-baec-19a392cf3cf9', '', '', 1, 0, '5c2728da-8f20-4db9-aab6-6c80509c62f1');
INSERT INTO slot (slot_manufacturer_id, slot_error_code, slot_info, slot_position, slot_state, station_stationmanufacturerid) VALUES ('11fb852d-f439-44ef-86ea-c6a2f968edf6', '', '', 2, 0, '5c2728da-8f20-4db9-aab6-6c80509c62f1');
INSERT INTO slot (slot_manufacturer_id, slot_error_code, slot_info, slot_position, slot_state, station_stationmanufacturerid) VALUES ('d97cfd63-79a4-42f4-b290-3122465a3d94', '', '', 3, 0, '5c2728da-8f20-4db9-aab6-6c80509c62f1');
INSERT INTO slot (slot_manufacturer_id, slot_error_code, slot_info, slot_position, slot_state, station_stationmanufacturerid) VALUES ('f80102c4-9378-47fb-8405-5506035c54aa', '', '', 4, 0, '5c2728da-8f20-4db9-aab6-6c80509c62f1');
INSERT INTO slot (slot_manufacturer_id, slot_error_code, slot_info, slot_position, slot_state, station_stationmanufacturerid) VALUES ('c77ca605-5bf0-4c7a-8c54-1dd94574e75a', '', '', 5, 0, '5c2728da-8f20-4db9-aab6-6c80509c62f1');
INSERT INTO slot (slot_manufacturer_id, slot_error_code, slot_info, slot_position, slot_state, station_stationmanufacturerid) VALUES ('c80d5e7c-51b1-4ccf-87f6-68acb6c3d3a5', '', '', 6, 0, '5c2728da-8f20-4db9-aab6-6c80509c62f1');
INSERT INTO slot (slot_manufacturer_id, slot_error_code, slot_info, slot_position, slot_state, station_stationmanufacturerid) VALUES ('c968b9f8-a552-4005-ab7f-b4c50f0129ed', '', '', 7, 0, '5c2728da-8f20-4db9-aab6-6c80509c62f1');
INSERT INTO slot (slot_manufacturer_id, slot_error_code, slot_info, slot_position, slot_state, station_stationmanufacturerid) VALUES ('3c5ed9d4-5a83-4ffa-8388-d4851d23f18c', '', '', 8, 0, '5c2728da-8f20-4db9-aab6-6c80509c62f1');
INSERT INTO slot (slot_manufacturer_id, slot_error_code, slot_info, slot_position, slot_state, station_stationmanufacturerid) VALUES ('6896ae7b-ccf6-413d-8931-d0f1eef6f012', '', '', 9, 0, '5c2728da-8f20-4db9-aab6-6c80509c62f1');
INSERT INTO slot (slot_manufacturer_id, slot_error_code, slot_info, slot_position, slot_state, station_stationmanufacturerid) VALUES ('98e421be-d38b-4370-90a8-2d9221c539b6', '', '', 10, 0, '5c2728da-8f20-4db9-aab6-6c80509c62f1');
INSERT INTO slot (slot_manufacturer_id, slot_error_code, slot_info, slot_position, slot_state, station_stationmanufacturerid) VALUES ('7a128218-5d3f-4edb-8071-091ff2895853', '', '', 11, 0, '5c2728da-8f20-4db9-aab6-6c80509c62f1');
INSERT INTO slot (slot_manufacturer_id, slot_error_code, slot_info, slot_position, slot_state, station_stationmanufacturerid) VALUES ('688f7ee8-56ee-4698-9390-0d6a4368a900', '', '', 12, 0, '5c2728da-8f20-4db9-aab6-6c80509c62f1');
INSERT INTO slot (slot_manufacturer_id, slot_error_code, slot_info, slot_position, slot_state, station_stationmanufacturerid) VALUES ('5aac2628-664c-426c-8ca0-d762134c3006', '', '', 13, 0, '5c2728da-8f20-4db9-aab6-6c80509c62f1');
INSERT INTO slot (slot_manufacturer_id, slot_error_code, slot_info, slot_position, slot_state, station_stationmanufacturerid) VALUES ('52b1838b-6f5f-407a-a19f-46707960e9e9', '', '', 14, 0, '5c2728da-8f20-4db9-aab6-6c80509c62f1');
INSERT INTO slot (slot_manufacturer_id, slot_error_code, slot_info, slot_position, slot_state, station_stationmanufacturerid) VALUES ('9211ac50-ed18-486c-8602-7c29ed20f65b', '', '', 15, 0, '5c2728da-8f20-4db9-aab6-6c80509c62f1');
INSERT INTO slot (slot_manufacturer_id, slot_error_code, slot_info, slot_position, slot_state, station_stationmanufacturerid) VALUES ('553117de-bdb0-4f51-ab31-4837d1ffe117', '', '', 16, 0, '5c2728da-8f20-4db9-aab6-6c80509c62f1');
INSERT INTO slot (slot_manufacturer_id, slot_error_code, slot_info, slot_position, slot_state, station_stationmanufacturerid) VALUES ('4f00ac1b-2a47-4dcf-9b18-2df7f548bd10', '', '', 17, 0, '5c2728da-8f20-4db9-aab6-6c80509c62f1');
INSERT INTO slot (slot_manufacturer_id, slot_error_code, slot_info, slot_position, slot_state, station_stationmanufacturerid) VALUES ('2436dd50-8ae8-4c9c-bac9-03102f278014', '', '', 18, 0, '5c2728da-8f20-4db9-aab6-6c80509c62f1');
INSERT INTO slot (slot_manufacturer_id, slot_error_code, slot_info, slot_position, slot_state, station_stationmanufacturerid) VALUES ('28aa2c05-1569-469d-abf8-59346aff4ad2', '', '', 19, 0, '5c2728da-8f20-4db9-aab6-6c80509c62f1');
INSERT INTO slot (slot_manufacturer_id, slot_error_code, slot_info, slot_position, slot_state, station_stationmanufacturerid) VALUES ('363274b2-e337-448c-bd49-c0a37e09eceb', '', '', 20, 0, '5c2728da-8f20-4db9-aab6-6c80509c62f1');
INSERT INTO slot (slot_manufacturer_id, slot_error_code, slot_info, slot_position, slot_state, station_stationmanufacturerid) VALUES ('b02a0742-bec6-4e79-9104-6029f70e48f0', '', '', 1, 0, '11076ed8-a5c1-40aa-be8c-2c5d672ae98b');
INSERT INTO slot (slot_manufacturer_id, slot_error_code, slot_info, slot_position, slot_state, station_stationmanufacturerid) VALUES ('840aec50-f827-47d8-89ec-809069fa7988', '', '', 2, 0, '11076ed8-a5c1-40aa-be8c-2c5d672ae98b');
INSERT INTO slot (slot_manufacturer_id, slot_error_code, slot_info, slot_position, slot_state, station_stationmanufacturerid) VALUES ('203d7982-5fae-4ef1-8cda-be2f4ebd26e3', '', '', 3, 0, '11076ed8-a5c1-40aa-be8c-2c5d672ae98b');
INSERT INTO slot (slot_manufacturer_id, slot_error_code, slot_info, slot_position, slot_state, station_stationmanufacturerid) VALUES ('3af72189-92b3-496e-97bd-1a0812adbbf0', '', '', 4, 0, '11076ed8-a5c1-40aa-be8c-2c5d672ae98b');
INSERT INTO slot (slot_manufacturer_id, slot_error_code, slot_info, slot_position, slot_state, station_stationmanufacturerid) VALUES ('c56df2b9-b677-4284-bf50-6746d3d55788', '', '', 5, 0, '11076ed8-a5c1-40aa-be8c-2c5d672ae98b');
INSERT INTO slot (slot_manufacturer_id, slot_error_code, slot_info, slot_position, slot_state, station_stationmanufacturerid) VALUES ('d7fa3811-ee91-46fa-bda8-762c3eb7a40b', '', '', 6, 0, '11076ed8-a5c1-40aa-be8c-2c5d672ae98b');
INSERT INTO slot (slot_manufacturer_id, slot_error_code, slot_info, slot_position, slot_state, station_stationmanufacturerid) VALUES ('512d340e-3743-4445-8da2-ced96d604ec6', '', '', 7, 0, '11076ed8-a5c1-40aa-be8c-2c5d672ae98b');
INSERT INTO slot (slot_manufacturer_id, slot_error_code, slot_info, slot_position, slot_state, station_stationmanufacturerid) VALUES ('d0459717-24a1-464a-b70a-0e7781d204c9', '', '', 8, 0, '11076ed8-a5c1-40aa-be8c-2c5d672ae98b');
INSERT INTO slot (slot_manufacturer_id, slot_error_code, slot_info, slot_position, slot_state, station_stationmanufacturerid) VALUES ('ca79a881-a195-490b-a682-4b6e93cdd425', '', '', 9, 0, '11076ed8-a5c1-40aa-be8c-2c5d672ae98b');
INSERT INTO slot (slot_manufacturer_id, slot_error_code, slot_info, slot_position, slot_state, station_stationmanufacturerid) VALUES ('f581028f-431a-4955-8df8-dc03e00fb6dc', '', '', 10, 0, '11076ed8-a5c1-40aa-be8c-2c5d672ae98b');
INSERT INTO slot (slot_manufacturer_id, slot_error_code, slot_info, slot_position, slot_state, station_stationmanufacturerid) VALUES ('0175ebf3-1d79-4827-8c78-aa66ff63bbd5', '', '', 11, 0, '11076ed8-a5c1-40aa-be8c-2c5d672ae98b');
INSERT INTO slot (slot_manufacturer_id, slot_error_code, slot_info, slot_position, slot_state, station_stationmanufacturerid) VALUES ('aaad39f8-9499-4b51-a24a-cb8120d90b59', '', '', 12, 0, '11076ed8-a5c1-40aa-be8c-2c5d672ae98b');
INSERT INTO slot (slot_manufacturer_id, slot_error_code, slot_info, slot_position, slot_state, station_stationmanufacturerid) VALUES ('cb0a62bc-2fd0-4d37-859f-c13c15ef53d8', '', '', 13, 0, '11076ed8-a5c1-40aa-be8c-2c5d672ae98b');
INSERT INTO slot (slot_manufacturer_id, slot_error_code, slot_info, slot_position, slot_state, station_stationmanufacturerid) VALUES ('177013ba-8614-4e71-adb0-f0de5b58d7bc', '', '', 14, 0, '11076ed8-a5c1-40aa-be8c-2c5d672ae98b');
INSERT INTO slot (slot_manufacturer_id, slot_error_code, slot_info, slot_position, slot_state, station_stationmanufacturerid) VALUES ('033cb008-38ca-4126-9152-c3416583b330', '', '', 15, 0, '11076ed8-a5c1-40aa-be8c-2c5d672ae98b');
INSERT INTO slot (slot_manufacturer_id, slot_error_code, slot_info, slot_position, slot_state, station_stationmanufacturerid) VALUES ('12549f67-c2d1-4765-b32e-2079230c50a3', '', '', 16, 0, '11076ed8-a5c1-40aa-be8c-2c5d672ae98b');
INSERT INTO slot (slot_manufacturer_id, slot_error_code, slot_info, slot_position, slot_state, station_stationmanufacturerid) VALUES ('5b4e08c5-78fe-47a6-9ca9-359bc927c618', '', '', 17, 0, '11076ed8-a5c1-40aa-be8c-2c5d672ae98b');
INSERT INTO slot (slot_manufacturer_id, slot_error_code, slot_info, slot_position, slot_state, station_stationmanufacturerid) VALUES ('0bc217e9-80a2-496e-bceb-87cc58d545ef', '', '', 18, 0, '11076ed8-a5c1-40aa-be8c-2c5d672ae98b');
INSERT INTO slot (slot_manufacturer_id, slot_error_code, slot_info, slot_position, slot_state, station_stationmanufacturerid) VALUES ('f121f64f-d92a-476e-9c5f-2f1970eeefa3', '', '', 19, 0, '11076ed8-a5c1-40aa-be8c-2c5d672ae98b');
INSERT INTO slot (slot_manufacturer_id, slot_error_code, slot_info, slot_position, slot_state, station_stationmanufacturerid) VALUES ('62608177-d0ae-4ddf-b1db-77741272a6de', '', '', 20, 0, '11076ed8-a5c1-40aa-be8c-2c5d672ae98b');
INSERT INTO slot (slot_manufacturer_id, slot_error_code, slot_info, slot_position, slot_state, station_stationmanufacturerid) VALUES ('970063fe-9b81-4246-8c3c-ffd29cf50851', '', '', 1, 0, 'ae948ffa-d208-4024-bacc-c436ea9a37c0');
INSERT INTO slot (slot_manufacturer_id, slot_error_code, slot_info, slot_position, slot_state, station_stationmanufacturerid) VALUES ('8a078ffc-2195-4028-ad11-7a941eb60bd2', '', '', 2, 0, 'ae948ffa-d208-4024-bacc-c436ea9a37c0');
INSERT INTO slot (slot_manufacturer_id, slot_error_code, slot_info, slot_position, slot_state, station_stationmanufacturerid) VALUES ('b6ebe46b-fe73-4867-9aaf-498d5dc20d2a', '', '', 3, 0, 'ae948ffa-d208-4024-bacc-c436ea9a37c0');
INSERT INTO slot (slot_manufacturer_id, slot_error_code, slot_info, slot_position, slot_state, station_stationmanufacturerid) VALUES ('976c84d4-ac72-4fa0-b8f7-92a95d2dc6dc', '', '', 4, 0, 'ae948ffa-d208-4024-bacc-c436ea9a37c0');
INSERT INTO slot (slot_manufacturer_id, slot_error_code, slot_info, slot_position, slot_state, station_stationmanufacturerid) VALUES ('e8ca2518-f899-4f90-9741-e849c7a9a1a2', '', '', 5, 0, 'ae948ffa-d208-4024-bacc-c436ea9a37c0');
INSERT INTO slot (slot_manufacturer_id, slot_error_code, slot_info, slot_position, slot_state, station_stationmanufacturerid) VALUES ('5c5c3d92-de91-450a-8fc6-640dd6f3fa40', '', '', 6, 0, 'ae948ffa-d208-4024-bacc-c436ea9a37c0');
INSERT INTO slot (slot_manufacturer_id, slot_error_code, slot_info, slot_position, slot_state, station_stationmanufacturerid) VALUES ('45ce6ec1-f46e-4971-9dba-2b4fcee3ab71', '', '', 7, 0, 'ae948ffa-d208-4024-bacc-c436ea9a37c0');
INSERT INTO slot (slot_manufacturer_id, slot_error_code, slot_info, slot_position, slot_state, station_stationmanufacturerid) VALUES ('6df59d4d-99c3-40ef-b522-a11da91bc65b', '', '', 8, 0, 'ae948ffa-d208-4024-bacc-c436ea9a37c0');
INSERT INTO slot (slot_manufacturer_id, slot_error_code, slot_info, slot_position, slot_state, station_stationmanufacturerid) VALUES ('e3d47eca-a6cd-4374-b668-1499a86a013d', '', '', 9, 0, 'ae948ffa-d208-4024-bacc-c436ea9a37c0');
INSERT INTO slot (slot_manufacturer_id, slot_error_code, slot_info, slot_position, slot_state, station_stationmanufacturerid) VALUES ('cef3ce00-a7b6-4541-a22f-4b8bfaae9b9c', '', '', 10, 0, 'ae948ffa-d208-4024-bacc-c436ea9a37c0');
INSERT INTO slot (slot_manufacturer_id, slot_error_code, slot_info, slot_position, slot_state, station_stationmanufacturerid) VALUES ('93f7822b-2617-4aa8-8aeb-8f3f95ffa727', '', '', 11, 0, 'ae948ffa-d208-4024-bacc-c436ea9a37c0');
INSERT INTO slot (slot_manufacturer_id, slot_error_code, slot_info, slot_position, slot_state, station_stationmanufacturerid) VALUES ('7ff0f2d4-c85c-45f8-9f9a-2ff95f8b34be', '', '', 12, 0, 'ae948ffa-d208-4024-bacc-c436ea9a37c0');
INSERT INTO slot (slot_manufacturer_id, slot_error_code, slot_info, slot_position, slot_state, station_stationmanufacturerid) VALUES ('8bf1e996-ddb2-4065-a1c6-42ddba85ff81', '', '', 13, 0, 'ae948ffa-d208-4024-bacc-c436ea9a37c0');
INSERT INTO slot (slot_manufacturer_id, slot_error_code, slot_info, slot_position, slot_state, station_stationmanufacturerid) VALUES ('3d061dcb-f80e-4e82-bfa3-10d7a91fd821', '', '', 14, 0, 'ae948ffa-d208-4024-bacc-c436ea9a37c0');
INSERT INTO slot (slot_manufacturer_id, slot_error_code, slot_info, slot_position, slot_state, station_stationmanufacturerid) VALUES ('ac1b2234-b11c-477c-99fb-9bf9b7c32ba4', '', '', 15, 0, 'ae948ffa-d208-4024-bacc-c436ea9a37c0');
INSERT INTO slot (slot_manufacturer_id, slot_error_code, slot_info, slot_position, slot_state, station_stationmanufacturerid) VALUES ('b75ee123-924e-4226-b887-3df3034883fb', '', '', 16, 0, 'ae948ffa-d208-4024-bacc-c436ea9a37c0');
INSERT INTO slot (slot_manufacturer_id, slot_error_code, slot_info, slot_position, slot_state, station_stationmanufacturerid) VALUES ('39d9b1f0-f599-4163-af34-b9bc7098543b', '', '', 17, 0, 'ae948ffa-d208-4024-bacc-c436ea9a37c0');
INSERT INTO slot (slot_manufacturer_id, slot_error_code, slot_info, slot_position, slot_state, station_stationmanufacturerid) VALUES ('118c85be-07f6-4c05-8710-1be15d049cf6', '', '', 18, 0, 'ae948ffa-d208-4024-bacc-c436ea9a37c0');
INSERT INTO slot (slot_manufacturer_id, slot_error_code, slot_info, slot_position, slot_state, station_stationmanufacturerid) VALUES ('1272e5ea-a889-4d5e-8cb5-67b24486efad', '', '', 19, 0, 'ae948ffa-d208-4024-bacc-c436ea9a37c0');
INSERT INTO slot (slot_manufacturer_id, slot_error_code, slot_info, slot_position, slot_state, station_stationmanufacturerid) VALUES ('6dce9ae2-bc13-4c0d-9e3f-8f7ea8701bff', '', '', 20, 0, 'ae948ffa-d208-4024-bacc-c436ea9a37c0');
INSERT INTO slot (slot_manufacturer_id, slot_error_code, slot_info, slot_position, slot_state, station_stationmanufacturerid) VALUES ('82a6f433-3a42-483c-8932-c499675766bd', '', '', 1, 0, 'baedda75-0bb2-4ae0-afb7-16c1edd0e8e1');
INSERT INTO slot (slot_manufacturer_id, slot_error_code, slot_info, slot_position, slot_state, station_stationmanufacturerid) VALUES ('182b14c9-3ea0-49db-b2c4-81e8a10ce03e', '', '', 2, 0, 'baedda75-0bb2-4ae0-afb7-16c1edd0e8e1');
INSERT INTO slot (slot_manufacturer_id, slot_error_code, slot_info, slot_position, slot_state, station_stationmanufacturerid) VALUES ('11a2f739-719b-47e0-9a10-ef42467b99ca', '', '', 3, 0, 'baedda75-0bb2-4ae0-afb7-16c1edd0e8e1');
INSERT INTO slot (slot_manufacturer_id, slot_error_code, slot_info, slot_position, slot_state, station_stationmanufacturerid) VALUES ('005005ce-adcb-4b66-a285-72d3a4ad74ea', '', '', 4, 0, 'baedda75-0bb2-4ae0-afb7-16c1edd0e8e1');
INSERT INTO slot (slot_manufacturer_id, slot_error_code, slot_info, slot_position, slot_state, station_stationmanufacturerid) VALUES ('833082aa-3c20-452c-963b-16e8fcbc9aaa', '', '', 5, 0, 'baedda75-0bb2-4ae0-afb7-16c1edd0e8e1');
INSERT INTO slot (slot_manufacturer_id, slot_error_code, slot_info, slot_position, slot_state, station_stationmanufacturerid) VALUES ('c60b8dbb-f7c2-44a4-b118-0e92abd465d3', '', '', 6, 0, 'baedda75-0bb2-4ae0-afb7-16c1edd0e8e1');
INSERT INTO slot (slot_manufacturer_id, slot_error_code, slot_info, slot_position, slot_state, station_stationmanufacturerid) VALUES ('8e6db458-0b93-416f-be73-343837f9e1b2', '', '', 7, 0, 'baedda75-0bb2-4ae0-afb7-16c1edd0e8e1');
INSERT INTO slot (slot_manufacturer_id, slot_error_code, slot_info, slot_position, slot_state, station_stationmanufacturerid) VALUES ('e043d697-6b22-4bd1-a996-c4cdf1fe3972', '', '', 8, 0, 'baedda75-0bb2-4ae0-afb7-16c1edd0e8e1');
INSERT INTO slot (slot_manufacturer_id, slot_error_code, slot_info, slot_position, slot_state, station_stationmanufacturerid) VALUES ('f05bf73a-3c99-4bf7-b4d6-a88ab320fa1d', '', '', 9, 0, 'baedda75-0bb2-4ae0-afb7-16c1edd0e8e1');
INSERT INTO slot (slot_manufacturer_id, slot_error_code, slot_info, slot_position, slot_state, station_stationmanufacturerid) VALUES ('c46547f5-40f6-42c9-9670-f0e9096668fe', '', '', 10, 0, 'baedda75-0bb2-4ae0-afb7-16c1edd0e8e1');
INSERT INTO slot (slot_manufacturer_id, slot_error_code, slot_info, slot_position, slot_state, station_stationmanufacturerid) VALUES ('3227f542-9e04-45b5-a6f9-6de63b77f82a', '', '', 11, 0, 'baedda75-0bb2-4ae0-afb7-16c1edd0e8e1');
INSERT INTO slot (slot_manufacturer_id, slot_error_code, slot_info, slot_position, slot_state, station_stationmanufacturerid) VALUES ('c5b33d21-5f3d-4b7c-835a-cca399c7915c', '', '', 12, 0, 'baedda75-0bb2-4ae0-afb7-16c1edd0e8e1');
INSERT INTO slot (slot_manufacturer_id, slot_error_code, slot_info, slot_position, slot_state, station_stationmanufacturerid) VALUES ('3695352f-d295-4228-8690-845aaf197aa1', '', '', 13, 0, 'baedda75-0bb2-4ae0-afb7-16c1edd0e8e1');
INSERT INTO slot (slot_manufacturer_id, slot_error_code, slot_info, slot_position, slot_state, station_stationmanufacturerid) VALUES ('5e39276f-13a6-4d7b-9d02-be597377a352', '', '', 14, 0, 'baedda75-0bb2-4ae0-afb7-16c1edd0e8e1');
INSERT INTO slot (slot_manufacturer_id, slot_error_code, slot_info, slot_position, slot_state, station_stationmanufacturerid) VALUES ('8200fe70-85ab-4457-966c-b4e747f34057', '', '', 15, 0, 'baedda75-0bb2-4ae0-afb7-16c1edd0e8e1');
INSERT INTO slot (slot_manufacturer_id, slot_error_code, slot_info, slot_position, slot_state, station_stationmanufacturerid) VALUES ('a48495c5-ebda-429b-9748-9f49ad7a5482', '', '', 16, 0, 'baedda75-0bb2-4ae0-afb7-16c1edd0e8e1');
INSERT INTO slot (slot_manufacturer_id, slot_error_code, slot_info, slot_position, slot_state, station_stationmanufacturerid) VALUES ('cf90bb0b-48bd-4786-b673-b8241fd199ba', '', '', 17, 0, 'baedda75-0bb2-4ae0-afb7-16c1edd0e8e1');
INSERT INTO slot (slot_manufacturer_id, slot_error_code, slot_info, slot_position, slot_state, station_stationmanufacturerid) VALUES ('a2a96ac9-db28-4380-9049-ce878459ddb2', '', '', 18, 0, 'baedda75-0bb2-4ae0-afb7-16c1edd0e8e1');
INSERT INTO slot (slot_manufacturer_id, slot_error_code, slot_info, slot_position, slot_state, station_stationmanufacturerid) VALUES ('7d9d9958-c063-4ebd-b685-331cc9a37795', '', '', 19, 0, 'baedda75-0bb2-4ae0-afb7-16c1edd0e8e1');
INSERT INTO slot (slot_manufacturer_id, slot_error_code, slot_info, slot_position, slot_state, station_stationmanufacturerid) VALUES ('31c94d06-0473-43fa-bd64-5715cfb2e483', '', '', 20, 0, 'baedda75-0bb2-4ae0-afb7-16c1edd0e8e1');


--
-- TOC entry 2234 (class 0 OID 109162)
-- Dependencies: 173
-- Data for Name: station; Type: TABLE DATA; Schema: public; Owner: dropvote
--

INSERT INTO station (station_manufacturer_id, charging_status_inform_interval, cmsuri, firmware_version, heartbeat_interval, open_slot_timeout, reboot_retries, station_error_code, station_info, station_state) VALUES ('6675cc7b-0dc8-4a88-9003-cb27dd223abd', NULL, NULL, '0.1a', 30, NULL, NULL, '', '', 0);
INSERT INTO station (station_manufacturer_id, charging_status_inform_interval, cmsuri, firmware_version, heartbeat_interval, open_slot_timeout, reboot_retries, station_error_code, station_info, station_state) VALUES ('5c2728da-8f20-4db9-aab6-6c80509c62f1', NULL, NULL, '0.1a', 30, NULL, NULL, '', '', 0);
INSERT INTO station (station_manufacturer_id, charging_status_inform_interval, cmsuri, firmware_version, heartbeat_interval, open_slot_timeout, reboot_retries, station_error_code, station_info, station_state) VALUES ('11076ed8-a5c1-40aa-be8c-2c5d672ae98b', NULL, NULL, '0.1a', 30, NULL, NULL, '', '', 0);
INSERT INTO station (station_manufacturer_id, charging_status_inform_interval, cmsuri, firmware_version, heartbeat_interval, open_slot_timeout, reboot_retries, station_error_code, station_info, station_state) VALUES ('ae948ffa-d208-4024-bacc-c436ea9a37c0', NULL, NULL, '0.1a', 30, NULL, NULL, '', '', 0);
INSERT INTO station (station_manufacturer_id, charging_status_inform_interval, cmsuri, firmware_version, heartbeat_interval, open_slot_timeout, reboot_retries, station_error_code, station_info, station_state) VALUES ('baedda75-0bb2-4ae0-afb7-16c1edd0e8e1', NULL, NULL, '0.1a', 30, NULL, NULL, '', '', 0);


--
-- TOC entry 2235 (class 0 OID 109170)
-- Dependencies: 174
-- Data for Name: station_slots; Type: TABLE DATA; Schema: public; Owner: dropvote
--

INSERT INTO station_slots (station_stationmanufacturerid, slots_slotmanufacturerid) VALUES ('6675cc7b-0dc8-4a88-9003-cb27dd223abd', '756b44b4-b4f9-4239-81c5-40d299834ca6');
INSERT INTO station_slots (station_stationmanufacturerid, slots_slotmanufacturerid) VALUES ('6675cc7b-0dc8-4a88-9003-cb27dd223abd', '201b348e-2bf3-4312-871f-94ce11fd77ce');
INSERT INTO station_slots (station_stationmanufacturerid, slots_slotmanufacturerid) VALUES ('6675cc7b-0dc8-4a88-9003-cb27dd223abd', '83529795-18d3-452a-a384-4d1e5cfc6695');
INSERT INTO station_slots (station_stationmanufacturerid, slots_slotmanufacturerid) VALUES ('6675cc7b-0dc8-4a88-9003-cb27dd223abd', 'a825f5ed-aa03-4e33-8529-6233e470be6f');
INSERT INTO station_slots (station_stationmanufacturerid, slots_slotmanufacturerid) VALUES ('6675cc7b-0dc8-4a88-9003-cb27dd223abd', '9e096a7d-cf25-4ded-9938-437865688ebe');
INSERT INTO station_slots (station_stationmanufacturerid, slots_slotmanufacturerid) VALUES ('6675cc7b-0dc8-4a88-9003-cb27dd223abd', 'c012ecee-e464-4079-95c7-e2c5803e1399');
INSERT INTO station_slots (station_stationmanufacturerid, slots_slotmanufacturerid) VALUES ('6675cc7b-0dc8-4a88-9003-cb27dd223abd', '53eb8ecf-4c7b-4cfb-92be-d9fa38894069');
INSERT INTO station_slots (station_stationmanufacturerid, slots_slotmanufacturerid) VALUES ('6675cc7b-0dc8-4a88-9003-cb27dd223abd', 'e0207dea-4ff7-48d3-a4e7-5a1a9161b46b');
INSERT INTO station_slots (station_stationmanufacturerid, slots_slotmanufacturerid) VALUES ('6675cc7b-0dc8-4a88-9003-cb27dd223abd', '0b29646f-f3c7-4dc4-9c21-5c33ccd561c2');
INSERT INTO station_slots (station_stationmanufacturerid, slots_slotmanufacturerid) VALUES ('6675cc7b-0dc8-4a88-9003-cb27dd223abd', '1a93a4ad-d5b0-4108-b4e9-82016722081e');
INSERT INTO station_slots (station_stationmanufacturerid, slots_slotmanufacturerid) VALUES ('6675cc7b-0dc8-4a88-9003-cb27dd223abd', '18d05f49-dd10-4494-ac81-f7a5e085dae2');
INSERT INTO station_slots (station_stationmanufacturerid, slots_slotmanufacturerid) VALUES ('6675cc7b-0dc8-4a88-9003-cb27dd223abd', '471559fb-4c03-4c54-a626-4fd201c78f51');
INSERT INTO station_slots (station_stationmanufacturerid, slots_slotmanufacturerid) VALUES ('6675cc7b-0dc8-4a88-9003-cb27dd223abd', 'dbd604e6-4403-4a21-8eb7-648d2badbbe5');
INSERT INTO station_slots (station_stationmanufacturerid, slots_slotmanufacturerid) VALUES ('6675cc7b-0dc8-4a88-9003-cb27dd223abd', '2e15f041-352f-47ba-90ca-3c01b0ec4717');
INSERT INTO station_slots (station_stationmanufacturerid, slots_slotmanufacturerid) VALUES ('6675cc7b-0dc8-4a88-9003-cb27dd223abd', '55b9a21f-0530-4fc2-a1ef-d52f6496badd');
INSERT INTO station_slots (station_stationmanufacturerid, slots_slotmanufacturerid) VALUES ('6675cc7b-0dc8-4a88-9003-cb27dd223abd', 'de62172d-bc2c-490d-8816-98411e49f6c5');
INSERT INTO station_slots (station_stationmanufacturerid, slots_slotmanufacturerid) VALUES ('6675cc7b-0dc8-4a88-9003-cb27dd223abd', 'f22bcf91-f631-46c1-81ee-30e25a34e8a7');
INSERT INTO station_slots (station_stationmanufacturerid, slots_slotmanufacturerid) VALUES ('6675cc7b-0dc8-4a88-9003-cb27dd223abd', 'b22e982d-0bd2-416c-bdac-e42af54da5f2');
INSERT INTO station_slots (station_stationmanufacturerid, slots_slotmanufacturerid) VALUES ('6675cc7b-0dc8-4a88-9003-cb27dd223abd', 'a8e7cc82-5f39-4544-9464-10f37aa8e09b');
INSERT INTO station_slots (station_stationmanufacturerid, slots_slotmanufacturerid) VALUES ('6675cc7b-0dc8-4a88-9003-cb27dd223abd', '719cb138-6ef8-4d42-aa56-b6b01e70d350');
INSERT INTO station_slots (station_stationmanufacturerid, slots_slotmanufacturerid) VALUES ('5c2728da-8f20-4db9-aab6-6c80509c62f1', '389f0a8b-f3a8-4a6c-baec-19a392cf3cf9');
INSERT INTO station_slots (station_stationmanufacturerid, slots_slotmanufacturerid) VALUES ('5c2728da-8f20-4db9-aab6-6c80509c62f1', '11fb852d-f439-44ef-86ea-c6a2f968edf6');
INSERT INTO station_slots (station_stationmanufacturerid, slots_slotmanufacturerid) VALUES ('5c2728da-8f20-4db9-aab6-6c80509c62f1', 'd97cfd63-79a4-42f4-b290-3122465a3d94');
INSERT INTO station_slots (station_stationmanufacturerid, slots_slotmanufacturerid) VALUES ('5c2728da-8f20-4db9-aab6-6c80509c62f1', 'f80102c4-9378-47fb-8405-5506035c54aa');
INSERT INTO station_slots (station_stationmanufacturerid, slots_slotmanufacturerid) VALUES ('5c2728da-8f20-4db9-aab6-6c80509c62f1', 'c77ca605-5bf0-4c7a-8c54-1dd94574e75a');
INSERT INTO station_slots (station_stationmanufacturerid, slots_slotmanufacturerid) VALUES ('5c2728da-8f20-4db9-aab6-6c80509c62f1', 'c80d5e7c-51b1-4ccf-87f6-68acb6c3d3a5');
INSERT INTO station_slots (station_stationmanufacturerid, slots_slotmanufacturerid) VALUES ('5c2728da-8f20-4db9-aab6-6c80509c62f1', 'c968b9f8-a552-4005-ab7f-b4c50f0129ed');
INSERT INTO station_slots (station_stationmanufacturerid, slots_slotmanufacturerid) VALUES ('5c2728da-8f20-4db9-aab6-6c80509c62f1', '3c5ed9d4-5a83-4ffa-8388-d4851d23f18c');
INSERT INTO station_slots (station_stationmanufacturerid, slots_slotmanufacturerid) VALUES ('5c2728da-8f20-4db9-aab6-6c80509c62f1', '6896ae7b-ccf6-413d-8931-d0f1eef6f012');
INSERT INTO station_slots (station_stationmanufacturerid, slots_slotmanufacturerid) VALUES ('5c2728da-8f20-4db9-aab6-6c80509c62f1', '98e421be-d38b-4370-90a8-2d9221c539b6');
INSERT INTO station_slots (station_stationmanufacturerid, slots_slotmanufacturerid) VALUES ('5c2728da-8f20-4db9-aab6-6c80509c62f1', '7a128218-5d3f-4edb-8071-091ff2895853');
INSERT INTO station_slots (station_stationmanufacturerid, slots_slotmanufacturerid) VALUES ('5c2728da-8f20-4db9-aab6-6c80509c62f1', '688f7ee8-56ee-4698-9390-0d6a4368a900');
INSERT INTO station_slots (station_stationmanufacturerid, slots_slotmanufacturerid) VALUES ('5c2728da-8f20-4db9-aab6-6c80509c62f1', '5aac2628-664c-426c-8ca0-d762134c3006');
INSERT INTO station_slots (station_stationmanufacturerid, slots_slotmanufacturerid) VALUES ('5c2728da-8f20-4db9-aab6-6c80509c62f1', '52b1838b-6f5f-407a-a19f-46707960e9e9');
INSERT INTO station_slots (station_stationmanufacturerid, slots_slotmanufacturerid) VALUES ('5c2728da-8f20-4db9-aab6-6c80509c62f1', '9211ac50-ed18-486c-8602-7c29ed20f65b');
INSERT INTO station_slots (station_stationmanufacturerid, slots_slotmanufacturerid) VALUES ('5c2728da-8f20-4db9-aab6-6c80509c62f1', '553117de-bdb0-4f51-ab31-4837d1ffe117');
INSERT INTO station_slots (station_stationmanufacturerid, slots_slotmanufacturerid) VALUES ('5c2728da-8f20-4db9-aab6-6c80509c62f1', '4f00ac1b-2a47-4dcf-9b18-2df7f548bd10');
INSERT INTO station_slots (station_stationmanufacturerid, slots_slotmanufacturerid) VALUES ('5c2728da-8f20-4db9-aab6-6c80509c62f1', '2436dd50-8ae8-4c9c-bac9-03102f278014');
INSERT INTO station_slots (station_stationmanufacturerid, slots_slotmanufacturerid) VALUES ('5c2728da-8f20-4db9-aab6-6c80509c62f1', '28aa2c05-1569-469d-abf8-59346aff4ad2');
INSERT INTO station_slots (station_stationmanufacturerid, slots_slotmanufacturerid) VALUES ('5c2728da-8f20-4db9-aab6-6c80509c62f1', '363274b2-e337-448c-bd49-c0a37e09eceb');
INSERT INTO station_slots (station_stationmanufacturerid, slots_slotmanufacturerid) VALUES ('11076ed8-a5c1-40aa-be8c-2c5d672ae98b', 'b02a0742-bec6-4e79-9104-6029f70e48f0');
INSERT INTO station_slots (station_stationmanufacturerid, slots_slotmanufacturerid) VALUES ('11076ed8-a5c1-40aa-be8c-2c5d672ae98b', '840aec50-f827-47d8-89ec-809069fa7988');
INSERT INTO station_slots (station_stationmanufacturerid, slots_slotmanufacturerid) VALUES ('11076ed8-a5c1-40aa-be8c-2c5d672ae98b', '203d7982-5fae-4ef1-8cda-be2f4ebd26e3');
INSERT INTO station_slots (station_stationmanufacturerid, slots_slotmanufacturerid) VALUES ('11076ed8-a5c1-40aa-be8c-2c5d672ae98b', '3af72189-92b3-496e-97bd-1a0812adbbf0');
INSERT INTO station_slots (station_stationmanufacturerid, slots_slotmanufacturerid) VALUES ('11076ed8-a5c1-40aa-be8c-2c5d672ae98b', 'c56df2b9-b677-4284-bf50-6746d3d55788');
INSERT INTO station_slots (station_stationmanufacturerid, slots_slotmanufacturerid) VALUES ('11076ed8-a5c1-40aa-be8c-2c5d672ae98b', 'd7fa3811-ee91-46fa-bda8-762c3eb7a40b');
INSERT INTO station_slots (station_stationmanufacturerid, slots_slotmanufacturerid) VALUES ('11076ed8-a5c1-40aa-be8c-2c5d672ae98b', '512d340e-3743-4445-8da2-ced96d604ec6');
INSERT INTO station_slots (station_stationmanufacturerid, slots_slotmanufacturerid) VALUES ('11076ed8-a5c1-40aa-be8c-2c5d672ae98b', 'd0459717-24a1-464a-b70a-0e7781d204c9');
INSERT INTO station_slots (station_stationmanufacturerid, slots_slotmanufacturerid) VALUES ('11076ed8-a5c1-40aa-be8c-2c5d672ae98b', 'ca79a881-a195-490b-a682-4b6e93cdd425');
INSERT INTO station_slots (station_stationmanufacturerid, slots_slotmanufacturerid) VALUES ('11076ed8-a5c1-40aa-be8c-2c5d672ae98b', 'f581028f-431a-4955-8df8-dc03e00fb6dc');
INSERT INTO station_slots (station_stationmanufacturerid, slots_slotmanufacturerid) VALUES ('11076ed8-a5c1-40aa-be8c-2c5d672ae98b', '0175ebf3-1d79-4827-8c78-aa66ff63bbd5');
INSERT INTO station_slots (station_stationmanufacturerid, slots_slotmanufacturerid) VALUES ('11076ed8-a5c1-40aa-be8c-2c5d672ae98b', 'aaad39f8-9499-4b51-a24a-cb8120d90b59');
INSERT INTO station_slots (station_stationmanufacturerid, slots_slotmanufacturerid) VALUES ('11076ed8-a5c1-40aa-be8c-2c5d672ae98b', 'cb0a62bc-2fd0-4d37-859f-c13c15ef53d8');
INSERT INTO station_slots (station_stationmanufacturerid, slots_slotmanufacturerid) VALUES ('11076ed8-a5c1-40aa-be8c-2c5d672ae98b', '177013ba-8614-4e71-adb0-f0de5b58d7bc');
INSERT INTO station_slots (station_stationmanufacturerid, slots_slotmanufacturerid) VALUES ('11076ed8-a5c1-40aa-be8c-2c5d672ae98b', '033cb008-38ca-4126-9152-c3416583b330');
INSERT INTO station_slots (station_stationmanufacturerid, slots_slotmanufacturerid) VALUES ('11076ed8-a5c1-40aa-be8c-2c5d672ae98b', '12549f67-c2d1-4765-b32e-2079230c50a3');
INSERT INTO station_slots (station_stationmanufacturerid, slots_slotmanufacturerid) VALUES ('11076ed8-a5c1-40aa-be8c-2c5d672ae98b', '5b4e08c5-78fe-47a6-9ca9-359bc927c618');
INSERT INTO station_slots (station_stationmanufacturerid, slots_slotmanufacturerid) VALUES ('11076ed8-a5c1-40aa-be8c-2c5d672ae98b', '0bc217e9-80a2-496e-bceb-87cc58d545ef');
INSERT INTO station_slots (station_stationmanufacturerid, slots_slotmanufacturerid) VALUES ('11076ed8-a5c1-40aa-be8c-2c5d672ae98b', 'f121f64f-d92a-476e-9c5f-2f1970eeefa3');
INSERT INTO station_slots (station_stationmanufacturerid, slots_slotmanufacturerid) VALUES ('11076ed8-a5c1-40aa-be8c-2c5d672ae98b', '62608177-d0ae-4ddf-b1db-77741272a6de');
INSERT INTO station_slots (station_stationmanufacturerid, slots_slotmanufacturerid) VALUES ('ae948ffa-d208-4024-bacc-c436ea9a37c0', '970063fe-9b81-4246-8c3c-ffd29cf50851');
INSERT INTO station_slots (station_stationmanufacturerid, slots_slotmanufacturerid) VALUES ('ae948ffa-d208-4024-bacc-c436ea9a37c0', '8a078ffc-2195-4028-ad11-7a941eb60bd2');
INSERT INTO station_slots (station_stationmanufacturerid, slots_slotmanufacturerid) VALUES ('ae948ffa-d208-4024-bacc-c436ea9a37c0', 'b6ebe46b-fe73-4867-9aaf-498d5dc20d2a');
INSERT INTO station_slots (station_stationmanufacturerid, slots_slotmanufacturerid) VALUES ('ae948ffa-d208-4024-bacc-c436ea9a37c0', '976c84d4-ac72-4fa0-b8f7-92a95d2dc6dc');
INSERT INTO station_slots (station_stationmanufacturerid, slots_slotmanufacturerid) VALUES ('ae948ffa-d208-4024-bacc-c436ea9a37c0', 'e8ca2518-f899-4f90-9741-e849c7a9a1a2');
INSERT INTO station_slots (station_stationmanufacturerid, slots_slotmanufacturerid) VALUES ('ae948ffa-d208-4024-bacc-c436ea9a37c0', '5c5c3d92-de91-450a-8fc6-640dd6f3fa40');
INSERT INTO station_slots (station_stationmanufacturerid, slots_slotmanufacturerid) VALUES ('ae948ffa-d208-4024-bacc-c436ea9a37c0', '45ce6ec1-f46e-4971-9dba-2b4fcee3ab71');
INSERT INTO station_slots (station_stationmanufacturerid, slots_slotmanufacturerid) VALUES ('ae948ffa-d208-4024-bacc-c436ea9a37c0', '6df59d4d-99c3-40ef-b522-a11da91bc65b');
INSERT INTO station_slots (station_stationmanufacturerid, slots_slotmanufacturerid) VALUES ('ae948ffa-d208-4024-bacc-c436ea9a37c0', 'e3d47eca-a6cd-4374-b668-1499a86a013d');
INSERT INTO station_slots (station_stationmanufacturerid, slots_slotmanufacturerid) VALUES ('ae948ffa-d208-4024-bacc-c436ea9a37c0', 'cef3ce00-a7b6-4541-a22f-4b8bfaae9b9c');
INSERT INTO station_slots (station_stationmanufacturerid, slots_slotmanufacturerid) VALUES ('ae948ffa-d208-4024-bacc-c436ea9a37c0', '93f7822b-2617-4aa8-8aeb-8f3f95ffa727');
INSERT INTO station_slots (station_stationmanufacturerid, slots_slotmanufacturerid) VALUES ('ae948ffa-d208-4024-bacc-c436ea9a37c0', '7ff0f2d4-c85c-45f8-9f9a-2ff95f8b34be');
INSERT INTO station_slots (station_stationmanufacturerid, slots_slotmanufacturerid) VALUES ('ae948ffa-d208-4024-bacc-c436ea9a37c0', '8bf1e996-ddb2-4065-a1c6-42ddba85ff81');
INSERT INTO station_slots (station_stationmanufacturerid, slots_slotmanufacturerid) VALUES ('ae948ffa-d208-4024-bacc-c436ea9a37c0', '3d061dcb-f80e-4e82-bfa3-10d7a91fd821');
INSERT INTO station_slots (station_stationmanufacturerid, slots_slotmanufacturerid) VALUES ('ae948ffa-d208-4024-bacc-c436ea9a37c0', 'ac1b2234-b11c-477c-99fb-9bf9b7c32ba4');
INSERT INTO station_slots (station_stationmanufacturerid, slots_slotmanufacturerid) VALUES ('ae948ffa-d208-4024-bacc-c436ea9a37c0', 'b75ee123-924e-4226-b887-3df3034883fb');
INSERT INTO station_slots (station_stationmanufacturerid, slots_slotmanufacturerid) VALUES ('ae948ffa-d208-4024-bacc-c436ea9a37c0', '39d9b1f0-f599-4163-af34-b9bc7098543b');
INSERT INTO station_slots (station_stationmanufacturerid, slots_slotmanufacturerid) VALUES ('ae948ffa-d208-4024-bacc-c436ea9a37c0', '118c85be-07f6-4c05-8710-1be15d049cf6');
INSERT INTO station_slots (station_stationmanufacturerid, slots_slotmanufacturerid) VALUES ('ae948ffa-d208-4024-bacc-c436ea9a37c0', '1272e5ea-a889-4d5e-8cb5-67b24486efad');
INSERT INTO station_slots (station_stationmanufacturerid, slots_slotmanufacturerid) VALUES ('ae948ffa-d208-4024-bacc-c436ea9a37c0', '6dce9ae2-bc13-4c0d-9e3f-8f7ea8701bff');
INSERT INTO station_slots (station_stationmanufacturerid, slots_slotmanufacturerid) VALUES ('baedda75-0bb2-4ae0-afb7-16c1edd0e8e1', '82a6f433-3a42-483c-8932-c499675766bd');
INSERT INTO station_slots (station_stationmanufacturerid, slots_slotmanufacturerid) VALUES ('baedda75-0bb2-4ae0-afb7-16c1edd0e8e1', '182b14c9-3ea0-49db-b2c4-81e8a10ce03e');
INSERT INTO station_slots (station_stationmanufacturerid, slots_slotmanufacturerid) VALUES ('baedda75-0bb2-4ae0-afb7-16c1edd0e8e1', '11a2f739-719b-47e0-9a10-ef42467b99ca');
INSERT INTO station_slots (station_stationmanufacturerid, slots_slotmanufacturerid) VALUES ('baedda75-0bb2-4ae0-afb7-16c1edd0e8e1', '005005ce-adcb-4b66-a285-72d3a4ad74ea');
INSERT INTO station_slots (station_stationmanufacturerid, slots_slotmanufacturerid) VALUES ('baedda75-0bb2-4ae0-afb7-16c1edd0e8e1', '833082aa-3c20-452c-963b-16e8fcbc9aaa');
INSERT INTO station_slots (station_stationmanufacturerid, slots_slotmanufacturerid) VALUES ('baedda75-0bb2-4ae0-afb7-16c1edd0e8e1', 'c60b8dbb-f7c2-44a4-b118-0e92abd465d3');
INSERT INTO station_slots (station_stationmanufacturerid, slots_slotmanufacturerid) VALUES ('baedda75-0bb2-4ae0-afb7-16c1edd0e8e1', '8e6db458-0b93-416f-be73-343837f9e1b2');
INSERT INTO station_slots (station_stationmanufacturerid, slots_slotmanufacturerid) VALUES ('baedda75-0bb2-4ae0-afb7-16c1edd0e8e1', 'e043d697-6b22-4bd1-a996-c4cdf1fe3972');
INSERT INTO station_slots (station_stationmanufacturerid, slots_slotmanufacturerid) VALUES ('baedda75-0bb2-4ae0-afb7-16c1edd0e8e1', 'f05bf73a-3c99-4bf7-b4d6-a88ab320fa1d');
INSERT INTO station_slots (station_stationmanufacturerid, slots_slotmanufacturerid) VALUES ('baedda75-0bb2-4ae0-afb7-16c1edd0e8e1', 'c46547f5-40f6-42c9-9670-f0e9096668fe');
INSERT INTO station_slots (station_stationmanufacturerid, slots_slotmanufacturerid) VALUES ('baedda75-0bb2-4ae0-afb7-16c1edd0e8e1', '3227f542-9e04-45b5-a6f9-6de63b77f82a');
INSERT INTO station_slots (station_stationmanufacturerid, slots_slotmanufacturerid) VALUES ('baedda75-0bb2-4ae0-afb7-16c1edd0e8e1', 'c5b33d21-5f3d-4b7c-835a-cca399c7915c');
INSERT INTO station_slots (station_stationmanufacturerid, slots_slotmanufacturerid) VALUES ('baedda75-0bb2-4ae0-afb7-16c1edd0e8e1', '3695352f-d295-4228-8690-845aaf197aa1');
INSERT INTO station_slots (station_stationmanufacturerid, slots_slotmanufacturerid) VALUES ('baedda75-0bb2-4ae0-afb7-16c1edd0e8e1', '5e39276f-13a6-4d7b-9d02-be597377a352');
INSERT INTO station_slots (station_stationmanufacturerid, slots_slotmanufacturerid) VALUES ('baedda75-0bb2-4ae0-afb7-16c1edd0e8e1', '8200fe70-85ab-4457-966c-b4e747f34057');
INSERT INTO station_slots (station_stationmanufacturerid, slots_slotmanufacturerid) VALUES ('baedda75-0bb2-4ae0-afb7-16c1edd0e8e1', 'a48495c5-ebda-429b-9748-9f49ad7a5482');
INSERT INTO station_slots (station_stationmanufacturerid, slots_slotmanufacturerid) VALUES ('baedda75-0bb2-4ae0-afb7-16c1edd0e8e1', 'cf90bb0b-48bd-4786-b673-b8241fd199ba');
INSERT INTO station_slots (station_stationmanufacturerid, slots_slotmanufacturerid) VALUES ('baedda75-0bb2-4ae0-afb7-16c1edd0e8e1', 'a2a96ac9-db28-4380-9049-ce878459ddb2');
INSERT INTO station_slots (station_stationmanufacturerid, slots_slotmanufacturerid) VALUES ('baedda75-0bb2-4ae0-afb7-16c1edd0e8e1', '7d9d9958-c063-4ebd-b685-331cc9a37795');
INSERT INTO station_slots (station_stationmanufacturerid, slots_slotmanufacturerid) VALUES ('baedda75-0bb2-4ae0-afb7-16c1edd0e8e1', '31c94d06-0473-43fa-bd64-5715cfb2e483');


--
-- TOC entry 2110 (class 2606 OID 109145)
-- Name: battery_pkey; Type: CONSTRAINT; Schema: public; Owner: dropvote; Tablespace: 
--

ALTER TABLE ONLY battery
    ADD CONSTRAINT battery_pkey PRIMARY KEY (battery_id);


--
-- TOC entry 2112 (class 2606 OID 109153)
-- Name: pedelec_pkey; Type: CONSTRAINT; Schema: public; Owner: dropvote; Tablespace: 
--

ALTER TABLE ONLY pedelec
    ADD CONSTRAINT pedelec_pkey PRIMARY KEY (pedelec_manufacturer_id);


--
-- TOC entry 2114 (class 2606 OID 109161)
-- Name: slot_pkey; Type: CONSTRAINT; Schema: public; Owner: dropvote; Tablespace: 
--

ALTER TABLE ONLY slot
    ADD CONSTRAINT slot_pkey PRIMARY KEY (slot_manufacturer_id);


--
-- TOC entry 2116 (class 2606 OID 109169)
-- Name: station_pkey; Type: CONSTRAINT; Schema: public; Owner: dropvote; Tablespace: 
--

ALTER TABLE ONLY station
    ADD CONSTRAINT station_pkey PRIMARY KEY (station_manufacturer_id);


--
-- TOC entry 2118 (class 2606 OID 109177)
-- Name: uk_po6my99ryuxvpkmajdshwx11; Type: CONSTRAINT; Schema: public; Owner: dropvote; Tablespace: 
--

ALTER TABLE ONLY station_slots
    ADD CONSTRAINT uk_po6my99ryuxvpkmajdshwx11 UNIQUE (slots_slotmanufacturerid);


--
-- TOC entry 2121 (class 2606 OID 109188)
-- Name: fk_6oj9cprv61s5uoohjyf7e2ddr; Type: FK CONSTRAINT; Schema: public; Owner: dropvote
--

ALTER TABLE ONLY slot
    ADD CONSTRAINT fk_6oj9cprv61s5uoohjyf7e2ddr FOREIGN KEY (station_stationmanufacturerid) REFERENCES station(station_manufacturer_id);


--
-- TOC entry 2120 (class 2606 OID 109183)
-- Name: fk_c9jr8i8ulf10o7jhyur5nmt9k; Type: FK CONSTRAINT; Schema: public; Owner: dropvote
--

ALTER TABLE ONLY pedelec
    ADD CONSTRAINT fk_c9jr8i8ulf10o7jhyur5nmt9k FOREIGN KEY (slot_slotmanufacturerid) REFERENCES slot(slot_manufacturer_id);


--
-- TOC entry 2123 (class 2606 OID 109198)
-- Name: fk_nnyb2ekujfjpnf6g1yncpi7wc; Type: FK CONSTRAINT; Schema: public; Owner: dropvote
--

ALTER TABLE ONLY station_slots
    ADD CONSTRAINT fk_nnyb2ekujfjpnf6g1yncpi7wc FOREIGN KEY (station_stationmanufacturerid) REFERENCES station(station_manufacturer_id);


--
-- TOC entry 2119 (class 2606 OID 109178)
-- Name: fk_pkwstooc88kp0d7wglus9rrjh; Type: FK CONSTRAINT; Schema: public; Owner: dropvote
--

ALTER TABLE ONLY pedelec
    ADD CONSTRAINT fk_pkwstooc88kp0d7wglus9rrjh FOREIGN KEY (battery_batteryid) REFERENCES battery(battery_id);


--
-- TOC entry 2122 (class 2606 OID 109193)
-- Name: fk_po6my99ryuxvpkmajdshwx11; Type: FK CONSTRAINT; Schema: public; Owner: dropvote
--

ALTER TABLE ONLY station_slots
    ADD CONSTRAINT fk_po6my99ryuxvpkmajdshwx11 FOREIGN KEY (slots_slotmanufacturerid) REFERENCES slot(slot_manufacturer_id);
