--
-- PostgreSQL database dump
--

SET statement_timeout = 0;
SET lock_timeout = 0;
SET client_encoding = 'UTF8';
SET standard_conforming_strings = on;
SET check_function_bodies = false;
SET client_min_messages = warning;

SET search_path = public, pg_catalog;

--
-- Data for Name: battery; Type: TABLE DATA; Schema: public; Owner: dropvote
--

INSERT INTO battery (battery_id, current, cycle_count, soc, temperature, voltage) VALUES (1, 1, 118, 0.387684561515405091, 18.6209573646337851, 12);
INSERT INTO battery (battery_id, current, cycle_count, soc, temperature, voltage) VALUES (2, 1, 143, 0.291968549941884925, 24.7819535250398886, 12);
INSERT INTO battery (battery_id, current, cycle_count, soc, temperature, voltage) VALUES (3, 1, 154, 0.927859891072026932, 20.3951164134745078, 12);
INSERT INTO battery (battery_id, current, cycle_count, soc, temperature, voltage) VALUES (4, 1, 168, 0.498980774398225413, 24.0680520405354095, 12);
INSERT INTO battery (battery_id, current, cycle_count, soc, temperature, voltage) VALUES (5, 1, 97, 0.70486989754788032, 24.1983530668785356, 12);
INSERT INTO battery (battery_id, current, cycle_count, soc, temperature, voltage) VALUES (6, 1, 1, 0.657940848082246288, 16.1097655408685299, 12);
INSERT INTO battery (battery_id, current, cycle_count, soc, temperature, voltage) VALUES (7, 1, 56, 0.714412526147676585, 17.1334069233896287, 12);
INSERT INTO battery (battery_id, current, cycle_count, soc, temperature, voltage) VALUES (8, 1, 4, 0.557560540245456981, 18.2348293124172045, 12);
INSERT INTO battery (battery_id, current, cycle_count, soc, temperature, voltage) VALUES (9, 1, 127, 0.236404567614362127, 22.3133372685449984, 12);
INSERT INTO battery (battery_id, current, cycle_count, soc, temperature, voltage) VALUES (10, 1, 122, 0.0513798291267942853, 23.5039614500679477, 12);
INSERT INTO battery (battery_id, current, cycle_count, soc, temperature, voltage) VALUES (11, 1, 83, 0.753531362460816312, 17.9492258581261375, 12);
INSERT INTO battery (battery_id, current, cycle_count, soc, temperature, voltage) VALUES (12, 1, 139, 0.162884965151142369, 17.9320064472415339, 12);
INSERT INTO battery (battery_id, current, cycle_count, soc, temperature, voltage) VALUES (13, 1, 47, 0.170606258776390018, 23.6315296591099511, 12);
INSERT INTO battery (battery_id, current, cycle_count, soc, temperature, voltage) VALUES (14, 1, 57, 0.323611028198303674, 21.1563976949854471, 12);
INSERT INTO battery (battery_id, current, cycle_count, soc, temperature, voltage) VALUES (15, 1, 130, 0.928226826845240272, 23.4114768235595463, 12);
INSERT INTO battery (battery_id, current, cycle_count, soc, temperature, voltage) VALUES (16, 1, 164, 0.884590921518824125, 15.9353152266853915, 12);
INSERT INTO battery (battery_id, current, cycle_count, soc, temperature, voltage) VALUES (17, 1, 74, 0.330961073950085338, 17.7910441837245443, 12);
INSERT INTO battery (battery_id, current, cycle_count, soc, temperature, voltage) VALUES (18, 1, 141, 0.304112756449796851, 23.4155263411937185, 12);
INSERT INTO battery (battery_id, current, cycle_count, soc, temperature, voltage) VALUES (19, 1, 84, 0.734497315106499515, 23.9679093209720513, 12);
INSERT INTO battery (battery_id, current, cycle_count, soc, temperature, voltage) VALUES (20, 1, 123, 0.166578363077750313, 19.5991811394135098, 12);
INSERT INTO battery (battery_id, current, cycle_count, soc, temperature, voltage) VALUES (21, 1, 54, 0.209522351247569349, 16.2515985309924496, 12);
INSERT INTO battery (battery_id, current, cycle_count, soc, temperature, voltage) VALUES (22, 1, 127, 0.982844643768791881, 22.6138507030513338, 12);
INSERT INTO battery (battery_id, current, cycle_count, soc, temperature, voltage) VALUES (23, 1, 11, 0.220902469704162607, 20.4536618256465026, 12);
INSERT INTO battery (battery_id, current, cycle_count, soc, temperature, voltage) VALUES (24, 1, 199, 0.97329249523813921, 20.2519723724746683, 12);
INSERT INTO battery (battery_id, current, cycle_count, soc, temperature, voltage) VALUES (25, 1, 109, 0.794664993066012904, 16.668520336210694, 12);
INSERT INTO battery (battery_id, current, cycle_count, soc, temperature, voltage) VALUES (26, 1, 71, 0.570424826423580389, 23.0319787025919034, 12);
INSERT INTO battery (battery_id, current, cycle_count, soc, temperature, voltage) VALUES (27, 1, 154, 0.636626792193489166, 16.1331532128907398, 12);
INSERT INTO battery (battery_id, current, cycle_count, soc, temperature, voltage) VALUES (28, 1, 193, 0.192588706967847467, 23.0038350771423623, 12);
INSERT INTO battery (battery_id, current, cycle_count, soc, temperature, voltage) VALUES (29, 1, 9, 0.507198244625893913, 21.5062746756878767, 12);
INSERT INTO battery (battery_id, current, cycle_count, soc, temperature, voltage) VALUES (30, 1, 51, 0.681221731514477624, 19.4704039428298827, 12);
INSERT INTO battery (battery_id, current, cycle_count, soc, temperature, voltage) VALUES (31, 1, 20, 0.218788229515090249, 15.2123330849063105, 12);
INSERT INTO battery (battery_id, current, cycle_count, soc, temperature, voltage) VALUES (32, 1, 162, 0.0693812156386344192, 17.4380517658961409, 12);
INSERT INTO battery (battery_id, current, cycle_count, soc, temperature, voltage) VALUES (33, 1, 41, 0.0389260314462926971, 16.9240113270146821, 12);
INSERT INTO battery (battery_id, current, cycle_count, soc, temperature, voltage) VALUES (34, 1, 5, 0.313947647178678735, 19.1024936408020629, 12);
INSERT INTO battery (battery_id, current, cycle_count, soc, temperature, voltage) VALUES (35, 1, 85, 0.916278834729170488, 22.2278203189805978, 12);
INSERT INTO battery (battery_id, current, cycle_count, soc, temperature, voltage) VALUES (36, 1, 150, 0.643451762508821523, 22.5408561949844852, 12);
INSERT INTO battery (battery_id, current, cycle_count, soc, temperature, voltage) VALUES (37, 1, 189, 0.27294881720268227, 16.7241650101311876, 12);
INSERT INTO battery (battery_id, current, cycle_count, soc, temperature, voltage) VALUES (38, 1, 199, 0.83145556554286737, 18.7570951536233395, 12);
INSERT INTO battery (battery_id, current, cycle_count, soc, temperature, voltage) VALUES (39, 1, 177, 0.248296556372981314, 23.9805566391177507, 12);
INSERT INTO battery (battery_id, current, cycle_count, soc, temperature, voltage) VALUES (40, 1, 54, 0.897134744807441376, 19.8099907604472563, 12);
INSERT INTO battery (battery_id, current, cycle_count, soc, temperature, voltage) VALUES (41, 1, 58, 0.864524929939631814, 15.3494662922998906, 12);
INSERT INTO battery (battery_id, current, cycle_count, soc, temperature, voltage) VALUES (42, 1, 197, 0.845803548013555284, 24.0796363615518771, 12);
INSERT INTO battery (battery_id, current, cycle_count, soc, temperature, voltage) VALUES (43, 1, 149, 0.860886332926406594, 21.8989211030008235, 12);
INSERT INTO battery (battery_id, current, cycle_count, soc, temperature, voltage) VALUES (44, 1, 163, 0.153354964210624001, 19.3530906747919147, 12);
INSERT INTO battery (battery_id, current, cycle_count, soc, temperature, voltage) VALUES (45, 1, 85, 0.591550668210217845, 15.8705630207035355, 12);
INSERT INTO battery (battery_id, current, cycle_count, soc, temperature, voltage) VALUES (46, 1, 3, 0.479617218927441136, 24.8284309800058942, 12);
INSERT INTO battery (battery_id, current, cycle_count, soc, temperature, voltage) VALUES (47, 1, 113, 0.33269780724301834, 22.5957607327925203, 12);
INSERT INTO battery (battery_id, current, cycle_count, soc, temperature, voltage) VALUES (48, 1, 41, 0.316457477715093582, 16.3154353783274182, 12);
INSERT INTO battery (battery_id, current, cycle_count, soc, temperature, voltage) VALUES (49, 1, 188, 0.409103394464403025, 21.6555872699265848, 12);
INSERT INTO battery (battery_id, current, cycle_count, soc, temperature, voltage) VALUES (50, 1, 51, 0.409752185994710083, 20.5951015713290566, 12);
INSERT INTO battery (battery_id, current, cycle_count, soc, temperature, voltage) VALUES (51, 1, 121, 0.554332056453168631, 15.4733529573564592, 12);
INSERT INTO battery (battery_id, current, cycle_count, soc, temperature, voltage) VALUES (52, 1, 176, 0.0298728803602832382, 20.8223257571386249, 12);
INSERT INTO battery (battery_id, current, cycle_count, soc, temperature, voltage) VALUES (53, 1, 65, 0.908303484417060547, 22.1631967701445767, 12);
INSERT INTO battery (battery_id, current, cycle_count, soc, temperature, voltage) VALUES (54, 1, 132, 0.57987308939980664, 17.1650119616642698, 12);
INSERT INTO battery (battery_id, current, cycle_count, soc, temperature, voltage) VALUES (55, 1, 73, 0.161496579832541731, 17.038166394041756, 12);
INSERT INTO battery (battery_id, current, cycle_count, soc, temperature, voltage) VALUES (56, 1, 111, 0.848878579961704571, 23.1493539167515614, 12);
INSERT INTO battery (battery_id, current, cycle_count, soc, temperature, voltage) VALUES (57, 1, 81, 0.900838182239809271, 24.70462467629266, 12);
INSERT INTO battery (battery_id, current, cycle_count, soc, temperature, voltage) VALUES (58, 1, 93, 0.907815536987158778, 22.8500461041962026, 12);
INSERT INTO battery (battery_id, current, cycle_count, soc, temperature, voltage) VALUES (59, 1, 165, 0.152884417249887994, 21.1325954037454729, 12);
INSERT INTO battery (battery_id, current, cycle_count, soc, temperature, voltage) VALUES (60, 1, 98, 0.78553233645471543, 20.1236209270718334, 12);
INSERT INTO battery (battery_id, current, cycle_count, soc, temperature, voltage) VALUES (61, 1, 110, 0.382045377203070524, 22.0200927048634369, 12);
INSERT INTO battery (battery_id, current, cycle_count, soc, temperature, voltage) VALUES (62, 1, 110, 0.972880566059922569, 19.7017193005912361, 12);


--
-- Name: hibernate_sequence; Type: SEQUENCE SET; Schema: public; Owner: dropvote
--

SELECT pg_catalog.setval('hibernate_sequence', 62, true);


--
-- Data for Name: station; Type: TABLE DATA; Schema: public; Owner: dropvote
--

INSERT INTO station (station_manufacturer_id, charging_status_inform_interval, cmsuri, firmware_version, heartbeat_interval, open_slot_timeout, reboot_retries, station_error_code, station_info, station_state) VALUES ('7bc4e9f2-c84b-457f-870d-984738867183', NULL, NULL, '0.1a', 30, NULL, NULL, '', '', 'OPERATIVE');
INSERT INTO station (station_manufacturer_id, charging_status_inform_interval, cmsuri, firmware_version, heartbeat_interval, open_slot_timeout, reboot_retries, station_error_code, station_info, station_state) VALUES ('e3ab1c76-f42f-40c3-b86e-620cfd8edbee', NULL, NULL, '0.1a', 30, NULL, NULL, '', '', 'OPERATIVE');
INSERT INTO station (station_manufacturer_id, charging_status_inform_interval, cmsuri, firmware_version, heartbeat_interval, open_slot_timeout, reboot_retries, station_error_code, station_info, station_state) VALUES ('d349e871-63cf-45f4-8f2b-48928c4c00a0', NULL, NULL, '0.1a', 30, NULL, NULL, '', '', 'OPERATIVE');
INSERT INTO station (station_manufacturer_id, charging_status_inform_interval, cmsuri, firmware_version, heartbeat_interval, open_slot_timeout, reboot_retries, station_error_code, station_info, station_state) VALUES ('b8990691-4d51-41d2-ba29-1cd9d540b1ed', NULL, NULL, '0.1a', 30, NULL, NULL, '', '', 'OPERATIVE');
INSERT INTO station (station_manufacturer_id, charging_status_inform_interval, cmsuri, firmware_version, heartbeat_interval, open_slot_timeout, reboot_retries, station_error_code, station_info, station_state) VALUES ('603db892-d1a4-49ad-84df-e1d6322705cb', NULL, NULL, '0.1a', 30, NULL, NULL, '', '', 'OPERATIVE');


--
-- Data for Name: slot; Type: TABLE DATA; Schema: public; Owner: dropvote
--

INSERT INTO slot (slot_manufacturer_id, slot_error_code, slot_info, slot_position, slot_state, station_stationmanufacturerid) VALUES ('57588694-c078-436e-b72a-3dde92311a27', '', '', 1, 'OPERATIVE', '7bc4e9f2-c84b-457f-870d-984738867183');
INSERT INTO slot (slot_manufacturer_id, slot_error_code, slot_info, slot_position, slot_state, station_stationmanufacturerid) VALUES ('7fb38ff3-3eae-4d6a-9492-eec878e0e098', '', '', 2, 'OPERATIVE', '7bc4e9f2-c84b-457f-870d-984738867183');
INSERT INTO slot (slot_manufacturer_id, slot_error_code, slot_info, slot_position, slot_state, station_stationmanufacturerid) VALUES ('b112e484-451d-4205-90cc-e2b350540fac', '', '', 3, 'OPERATIVE', '7bc4e9f2-c84b-457f-870d-984738867183');
INSERT INTO slot (slot_manufacturer_id, slot_error_code, slot_info, slot_position, slot_state, station_stationmanufacturerid) VALUES ('7de72dc3-4122-4550-ac51-eff118f396c5', '', '', 4, 'OPERATIVE', '7bc4e9f2-c84b-457f-870d-984738867183');
INSERT INTO slot (slot_manufacturer_id, slot_error_code, slot_info, slot_position, slot_state, station_stationmanufacturerid) VALUES ('209f3283-3878-4b6b-bec8-dd1f405f0d7c', '', '', 5, 'OPERATIVE', '7bc4e9f2-c84b-457f-870d-984738867183');
INSERT INTO slot (slot_manufacturer_id, slot_error_code, slot_info, slot_position, slot_state, station_stationmanufacturerid) VALUES ('d6f307e8-6de1-416c-af77-9ca585c7faaf', '', '', 6, 'OPERATIVE', '7bc4e9f2-c84b-457f-870d-984738867183');
INSERT INTO slot (slot_manufacturer_id, slot_error_code, slot_info, slot_position, slot_state, station_stationmanufacturerid) VALUES ('537be070-e133-402d-bb3c-a526548e45da', '', '', 7, 'OPERATIVE', '7bc4e9f2-c84b-457f-870d-984738867183');
INSERT INTO slot (slot_manufacturer_id, slot_error_code, slot_info, slot_position, slot_state, station_stationmanufacturerid) VALUES ('66e3ef1c-af2b-4a3a-a1b0-d55d31545239', '', '', 8, 'OPERATIVE', '7bc4e9f2-c84b-457f-870d-984738867183');
INSERT INTO slot (slot_manufacturer_id, slot_error_code, slot_info, slot_position, slot_state, station_stationmanufacturerid) VALUES ('dd7eb4d3-37da-409a-8141-fd74a1724144', '', '', 9, 'OPERATIVE', '7bc4e9f2-c84b-457f-870d-984738867183');
INSERT INTO slot (slot_manufacturer_id, slot_error_code, slot_info, slot_position, slot_state, station_stationmanufacturerid) VALUES ('94910765-d5f2-4e0f-8acb-89fcd7ab9946', '', '', 10, 'OPERATIVE', '7bc4e9f2-c84b-457f-870d-984738867183');
INSERT INTO slot (slot_manufacturer_id, slot_error_code, slot_info, slot_position, slot_state, station_stationmanufacturerid) VALUES ('1dcaad7e-23e4-466c-b793-0bc4a17699cd', '', '', 11, 'OPERATIVE', '7bc4e9f2-c84b-457f-870d-984738867183');
INSERT INTO slot (slot_manufacturer_id, slot_error_code, slot_info, slot_position, slot_state, station_stationmanufacturerid) VALUES ('66bfa66e-36bc-4f06-8c69-52192024316f', '', '', 12, 'OPERATIVE', '7bc4e9f2-c84b-457f-870d-984738867183');
INSERT INTO slot (slot_manufacturer_id, slot_error_code, slot_info, slot_position, slot_state, station_stationmanufacturerid) VALUES ('b6d4ee2d-c42b-47fd-80e5-f8f770a3022d', '', '', 13, 'OPERATIVE', '7bc4e9f2-c84b-457f-870d-984738867183');
INSERT INTO slot (slot_manufacturer_id, slot_error_code, slot_info, slot_position, slot_state, station_stationmanufacturerid) VALUES ('1bab4fa6-e232-4a12-bdcd-a850d600889c', '', '', 14, 'OPERATIVE', '7bc4e9f2-c84b-457f-870d-984738867183');
INSERT INTO slot (slot_manufacturer_id, slot_error_code, slot_info, slot_position, slot_state, station_stationmanufacturerid) VALUES ('13244976-3107-4c13-bf79-25e7a29824c8', '', '', 15, 'OPERATIVE', '7bc4e9f2-c84b-457f-870d-984738867183');
INSERT INTO slot (slot_manufacturer_id, slot_error_code, slot_info, slot_position, slot_state, station_stationmanufacturerid) VALUES ('64bd39a6-6488-4a28-be7f-928f61e6428a', '', '', 16, 'OPERATIVE', '7bc4e9f2-c84b-457f-870d-984738867183');
INSERT INTO slot (slot_manufacturer_id, slot_error_code, slot_info, slot_position, slot_state, station_stationmanufacturerid) VALUES ('c2c794f2-e165-43e5-84c9-bc23072ee278', '', '', 17, 'OPERATIVE', '7bc4e9f2-c84b-457f-870d-984738867183');
INSERT INTO slot (slot_manufacturer_id, slot_error_code, slot_info, slot_position, slot_state, station_stationmanufacturerid) VALUES ('26037d06-abcc-43cd-962b-526cefb3b444', '', '', 18, 'OPERATIVE', '7bc4e9f2-c84b-457f-870d-984738867183');
INSERT INTO slot (slot_manufacturer_id, slot_error_code, slot_info, slot_position, slot_state, station_stationmanufacturerid) VALUES ('1ec151e2-a53a-4c63-a99e-2625a8f19a1e', '', '', 19, 'OPERATIVE', '7bc4e9f2-c84b-457f-870d-984738867183');
INSERT INTO slot (slot_manufacturer_id, slot_error_code, slot_info, slot_position, slot_state, station_stationmanufacturerid) VALUES ('b3c0beea-66a8-4cc7-8480-73f0750d5707', '', '', 20, 'OPERATIVE', '7bc4e9f2-c84b-457f-870d-984738867183');
INSERT INTO slot (slot_manufacturer_id, slot_error_code, slot_info, slot_position, slot_state, station_stationmanufacturerid) VALUES ('f52bde65-f18d-407a-91eb-669a6a6109f4', '', '', 1, 'OPERATIVE', 'e3ab1c76-f42f-40c3-b86e-620cfd8edbee');
INSERT INTO slot (slot_manufacturer_id, slot_error_code, slot_info, slot_position, slot_state, station_stationmanufacturerid) VALUES ('05b5c25e-6e47-44de-b203-23a43aa2bd16', '', '', 2, 'OPERATIVE', 'e3ab1c76-f42f-40c3-b86e-620cfd8edbee');
INSERT INTO slot (slot_manufacturer_id, slot_error_code, slot_info, slot_position, slot_state, station_stationmanufacturerid) VALUES ('5c91d968-d23c-4ae1-899d-59c07eeb8863', '', '', 3, 'OPERATIVE', 'e3ab1c76-f42f-40c3-b86e-620cfd8edbee');
INSERT INTO slot (slot_manufacturer_id, slot_error_code, slot_info, slot_position, slot_state, station_stationmanufacturerid) VALUES ('3497dbb1-985d-48f9-8386-5ea85aea85e0', '', '', 4, 'OPERATIVE', 'e3ab1c76-f42f-40c3-b86e-620cfd8edbee');
INSERT INTO slot (slot_manufacturer_id, slot_error_code, slot_info, slot_position, slot_state, station_stationmanufacturerid) VALUES ('a125cc0e-e147-4294-a970-a2f1c25734e6', '', '', 5, 'OPERATIVE', 'e3ab1c76-f42f-40c3-b86e-620cfd8edbee');
INSERT INTO slot (slot_manufacturer_id, slot_error_code, slot_info, slot_position, slot_state, station_stationmanufacturerid) VALUES ('59663499-9938-4623-995d-8b7fcebe6897', '', '', 6, 'OPERATIVE', 'e3ab1c76-f42f-40c3-b86e-620cfd8edbee');
INSERT INTO slot (slot_manufacturer_id, slot_error_code, slot_info, slot_position, slot_state, station_stationmanufacturerid) VALUES ('a53f7477-33c1-42e1-baea-a9c65da2284e', '', '', 7, 'OPERATIVE', 'e3ab1c76-f42f-40c3-b86e-620cfd8edbee');
INSERT INTO slot (slot_manufacturer_id, slot_error_code, slot_info, slot_position, slot_state, station_stationmanufacturerid) VALUES ('1b22e2b0-1887-4241-ac69-6f17ae82d8fd', '', '', 8, 'OPERATIVE', 'e3ab1c76-f42f-40c3-b86e-620cfd8edbee');
INSERT INTO slot (slot_manufacturer_id, slot_error_code, slot_info, slot_position, slot_state, station_stationmanufacturerid) VALUES ('79a6e319-db54-4056-80a3-cb1355537589', '', '', 9, 'OPERATIVE', 'e3ab1c76-f42f-40c3-b86e-620cfd8edbee');
INSERT INTO slot (slot_manufacturer_id, slot_error_code, slot_info, slot_position, slot_state, station_stationmanufacturerid) VALUES ('7b419392-39e0-4aa4-93b3-0fa3462fd346', '', '', 10, 'OPERATIVE', 'e3ab1c76-f42f-40c3-b86e-620cfd8edbee');
INSERT INTO slot (slot_manufacturer_id, slot_error_code, slot_info, slot_position, slot_state, station_stationmanufacturerid) VALUES ('bca97165-d497-4e16-a261-981a13cc45ce', '', '', 11, 'OPERATIVE', 'e3ab1c76-f42f-40c3-b86e-620cfd8edbee');
INSERT INTO slot (slot_manufacturer_id, slot_error_code, slot_info, slot_position, slot_state, station_stationmanufacturerid) VALUES ('66ab8f31-1c81-4bbe-9a29-f3a509331dd3', '', '', 12, 'OPERATIVE', 'e3ab1c76-f42f-40c3-b86e-620cfd8edbee');
INSERT INTO slot (slot_manufacturer_id, slot_error_code, slot_info, slot_position, slot_state, station_stationmanufacturerid) VALUES ('0e9d79b2-6786-411a-bf80-f3c02212dd8f', '', '', 13, 'OPERATIVE', 'e3ab1c76-f42f-40c3-b86e-620cfd8edbee');
INSERT INTO slot (slot_manufacturer_id, slot_error_code, slot_info, slot_position, slot_state, station_stationmanufacturerid) VALUES ('399cf168-3f53-42de-b5e1-647e6565e77b', '', '', 14, 'OPERATIVE', 'e3ab1c76-f42f-40c3-b86e-620cfd8edbee');
INSERT INTO slot (slot_manufacturer_id, slot_error_code, slot_info, slot_position, slot_state, station_stationmanufacturerid) VALUES ('7f8964d2-1b29-40d0-ae6e-26aa95fc7a18', '', '', 15, 'OPERATIVE', 'e3ab1c76-f42f-40c3-b86e-620cfd8edbee');
INSERT INTO slot (slot_manufacturer_id, slot_error_code, slot_info, slot_position, slot_state, station_stationmanufacturerid) VALUES ('86f91889-6868-4fbd-9afa-d4018586852f', '', '', 16, 'OPERATIVE', 'e3ab1c76-f42f-40c3-b86e-620cfd8edbee');
INSERT INTO slot (slot_manufacturer_id, slot_error_code, slot_info, slot_position, slot_state, station_stationmanufacturerid) VALUES ('4bca0b5c-dbeb-40d5-9ab1-5ed8a39ceaa3', '', '', 17, 'OPERATIVE', 'e3ab1c76-f42f-40c3-b86e-620cfd8edbee');
INSERT INTO slot (slot_manufacturer_id, slot_error_code, slot_info, slot_position, slot_state, station_stationmanufacturerid) VALUES ('c86526ac-d753-48c5-805e-a18099bd9c1c', '', '', 18, 'OPERATIVE', 'e3ab1c76-f42f-40c3-b86e-620cfd8edbee');
INSERT INTO slot (slot_manufacturer_id, slot_error_code, slot_info, slot_position, slot_state, station_stationmanufacturerid) VALUES ('21649c7a-8ea9-4fa6-9bf8-3e65aa54cc19', '', '', 19, 'OPERATIVE', 'e3ab1c76-f42f-40c3-b86e-620cfd8edbee');
INSERT INTO slot (slot_manufacturer_id, slot_error_code, slot_info, slot_position, slot_state, station_stationmanufacturerid) VALUES ('fd865f6f-504c-477c-8efe-01c70f79c0d8', '', '', 20, 'OPERATIVE', 'e3ab1c76-f42f-40c3-b86e-620cfd8edbee');
INSERT INTO slot (slot_manufacturer_id, slot_error_code, slot_info, slot_position, slot_state, station_stationmanufacturerid) VALUES ('6a8b56ef-3662-4e63-abae-0d76e973e14d', '', '', 1, 'OPERATIVE', 'd349e871-63cf-45f4-8f2b-48928c4c00a0');
INSERT INTO slot (slot_manufacturer_id, slot_error_code, slot_info, slot_position, slot_state, station_stationmanufacturerid) VALUES ('135a32d3-5761-4920-8e42-1d69d27c0957', '', '', 2, 'OPERATIVE', 'd349e871-63cf-45f4-8f2b-48928c4c00a0');
INSERT INTO slot (slot_manufacturer_id, slot_error_code, slot_info, slot_position, slot_state, station_stationmanufacturerid) VALUES ('5849ba61-d03f-4876-9fa2-639cc808f8ce', '', '', 3, 'OPERATIVE', 'd349e871-63cf-45f4-8f2b-48928c4c00a0');
INSERT INTO slot (slot_manufacturer_id, slot_error_code, slot_info, slot_position, slot_state, station_stationmanufacturerid) VALUES ('a16ca197-7d62-470c-a808-e506c438bb7e', '', '', 4, 'OPERATIVE', 'd349e871-63cf-45f4-8f2b-48928c4c00a0');
INSERT INTO slot (slot_manufacturer_id, slot_error_code, slot_info, slot_position, slot_state, station_stationmanufacturerid) VALUES ('c255e66f-3965-470f-bf6a-daaba58d039b', '', '', 5, 'OPERATIVE', 'd349e871-63cf-45f4-8f2b-48928c4c00a0');
INSERT INTO slot (slot_manufacturer_id, slot_error_code, slot_info, slot_position, slot_state, station_stationmanufacturerid) VALUES ('e71c926c-37ad-440a-a287-415b39c491cf', '', '', 6, 'OPERATIVE', 'd349e871-63cf-45f4-8f2b-48928c4c00a0');
INSERT INTO slot (slot_manufacturer_id, slot_error_code, slot_info, slot_position, slot_state, station_stationmanufacturerid) VALUES ('b3f88d14-b08b-4c06-9567-2353f71b0ff2', '', '', 7, 'OPERATIVE', 'd349e871-63cf-45f4-8f2b-48928c4c00a0');
INSERT INTO slot (slot_manufacturer_id, slot_error_code, slot_info, slot_position, slot_state, station_stationmanufacturerid) VALUES ('ae8de674-f7fd-4d51-993d-f4db07420e78', '', '', 8, 'OPERATIVE', 'd349e871-63cf-45f4-8f2b-48928c4c00a0');
INSERT INTO slot (slot_manufacturer_id, slot_error_code, slot_info, slot_position, slot_state, station_stationmanufacturerid) VALUES ('9ec202f7-f510-4cd1-bc22-9b3670e4909c', '', '', 9, 'OPERATIVE', 'd349e871-63cf-45f4-8f2b-48928c4c00a0');
INSERT INTO slot (slot_manufacturer_id, slot_error_code, slot_info, slot_position, slot_state, station_stationmanufacturerid) VALUES ('82470c44-aa7e-40fc-97ad-4df332315a46', '', '', 10, 'OPERATIVE', 'd349e871-63cf-45f4-8f2b-48928c4c00a0');
INSERT INTO slot (slot_manufacturer_id, slot_error_code, slot_info, slot_position, slot_state, station_stationmanufacturerid) VALUES ('81e80eac-3650-4a5a-af65-1d234b1284f3', '', '', 11, 'OPERATIVE', 'd349e871-63cf-45f4-8f2b-48928c4c00a0');
INSERT INTO slot (slot_manufacturer_id, slot_error_code, slot_info, slot_position, slot_state, station_stationmanufacturerid) VALUES ('852da9d1-ad93-451d-a06a-3809af674d00', '', '', 12, 'OPERATIVE', 'd349e871-63cf-45f4-8f2b-48928c4c00a0');
INSERT INTO slot (slot_manufacturer_id, slot_error_code, slot_info, slot_position, slot_state, station_stationmanufacturerid) VALUES ('f57360c8-2dde-4b33-86cd-876229e578d4', '', '', 13, 'OPERATIVE', 'd349e871-63cf-45f4-8f2b-48928c4c00a0');
INSERT INTO slot (slot_manufacturer_id, slot_error_code, slot_info, slot_position, slot_state, station_stationmanufacturerid) VALUES ('3abbe403-f15e-438f-8cd2-8e796bcb4201', '', '', 14, 'OPERATIVE', 'd349e871-63cf-45f4-8f2b-48928c4c00a0');
INSERT INTO slot (slot_manufacturer_id, slot_error_code, slot_info, slot_position, slot_state, station_stationmanufacturerid) VALUES ('7db32de8-75f0-4b07-90bc-ac2f4ce09d5d', '', '', 15, 'OPERATIVE', 'd349e871-63cf-45f4-8f2b-48928c4c00a0');
INSERT INTO slot (slot_manufacturer_id, slot_error_code, slot_info, slot_position, slot_state, station_stationmanufacturerid) VALUES ('003b5176-b168-4d41-9a55-617dbce6afe4', '', '', 16, 'OPERATIVE', 'd349e871-63cf-45f4-8f2b-48928c4c00a0');
INSERT INTO slot (slot_manufacturer_id, slot_error_code, slot_info, slot_position, slot_state, station_stationmanufacturerid) VALUES ('2a1c0ed8-7a45-4db1-bb45-aca85f84588e', '', '', 17, 'OPERATIVE', 'd349e871-63cf-45f4-8f2b-48928c4c00a0');
INSERT INTO slot (slot_manufacturer_id, slot_error_code, slot_info, slot_position, slot_state, station_stationmanufacturerid) VALUES ('c3493de3-ad10-4c35-98a6-e7dfc4a7e59f', '', '', 18, 'OPERATIVE', 'd349e871-63cf-45f4-8f2b-48928c4c00a0');
INSERT INTO slot (slot_manufacturer_id, slot_error_code, slot_info, slot_position, slot_state, station_stationmanufacturerid) VALUES ('7f80b480-a60d-4c13-9c27-705250ec0d7b', '', '', 19, 'OPERATIVE', 'd349e871-63cf-45f4-8f2b-48928c4c00a0');
INSERT INTO slot (slot_manufacturer_id, slot_error_code, slot_info, slot_position, slot_state, station_stationmanufacturerid) VALUES ('c39f992a-68f9-4291-b9ac-59b4ce6e925c', '', '', 20, 'OPERATIVE', 'd349e871-63cf-45f4-8f2b-48928c4c00a0');
INSERT INTO slot (slot_manufacturer_id, slot_error_code, slot_info, slot_position, slot_state, station_stationmanufacturerid) VALUES ('928c7f5e-0a48-4b32-9fc2-7e53bfda9756', '', '', 1, 'OPERATIVE', 'b8990691-4d51-41d2-ba29-1cd9d540b1ed');
INSERT INTO slot (slot_manufacturer_id, slot_error_code, slot_info, slot_position, slot_state, station_stationmanufacturerid) VALUES ('a86318ba-7570-4387-8879-3192111d5531', '', '', 2, 'OPERATIVE', 'b8990691-4d51-41d2-ba29-1cd9d540b1ed');
INSERT INTO slot (slot_manufacturer_id, slot_error_code, slot_info, slot_position, slot_state, station_stationmanufacturerid) VALUES ('1af49043-7d71-4eb4-a200-8b25a366da76', '', '', 3, 'OPERATIVE', 'b8990691-4d51-41d2-ba29-1cd9d540b1ed');
INSERT INTO slot (slot_manufacturer_id, slot_error_code, slot_info, slot_position, slot_state, station_stationmanufacturerid) VALUES ('e011d002-0802-4d00-b7d9-5f89e01267f3', '', '', 4, 'OPERATIVE', 'b8990691-4d51-41d2-ba29-1cd9d540b1ed');
INSERT INTO slot (slot_manufacturer_id, slot_error_code, slot_info, slot_position, slot_state, station_stationmanufacturerid) VALUES ('f5b860ac-9d95-427c-b50c-0b7652ff4b60', '', '', 5, 'OPERATIVE', 'b8990691-4d51-41d2-ba29-1cd9d540b1ed');
INSERT INTO slot (slot_manufacturer_id, slot_error_code, slot_info, slot_position, slot_state, station_stationmanufacturerid) VALUES ('6904a508-a60a-42cf-820e-4ed45c302fbf', '', '', 6, 'OPERATIVE', 'b8990691-4d51-41d2-ba29-1cd9d540b1ed');
INSERT INTO slot (slot_manufacturer_id, slot_error_code, slot_info, slot_position, slot_state, station_stationmanufacturerid) VALUES ('62003fd7-03f3-4365-8a65-2599cd7da343', '', '', 7, 'OPERATIVE', 'b8990691-4d51-41d2-ba29-1cd9d540b1ed');
INSERT INTO slot (slot_manufacturer_id, slot_error_code, slot_info, slot_position, slot_state, station_stationmanufacturerid) VALUES ('c4b8151a-f99c-4370-9dc9-7e91daeb56a3', '', '', 8, 'OPERATIVE', 'b8990691-4d51-41d2-ba29-1cd9d540b1ed');
INSERT INTO slot (slot_manufacturer_id, slot_error_code, slot_info, slot_position, slot_state, station_stationmanufacturerid) VALUES ('e7840747-ea11-4657-97bf-03a9765fd64b', '', '', 9, 'OPERATIVE', 'b8990691-4d51-41d2-ba29-1cd9d540b1ed');
INSERT INTO slot (slot_manufacturer_id, slot_error_code, slot_info, slot_position, slot_state, station_stationmanufacturerid) VALUES ('7fbcc9e1-4308-4273-a635-0108465d99b6', '', '', 10, 'OPERATIVE', 'b8990691-4d51-41d2-ba29-1cd9d540b1ed');
INSERT INTO slot (slot_manufacturer_id, slot_error_code, slot_info, slot_position, slot_state, station_stationmanufacturerid) VALUES ('46803c7d-c960-4d92-9dcc-ed26df41731a', '', '', 11, 'OPERATIVE', 'b8990691-4d51-41d2-ba29-1cd9d540b1ed');
INSERT INTO slot (slot_manufacturer_id, slot_error_code, slot_info, slot_position, slot_state, station_stationmanufacturerid) VALUES ('ab4ce285-06b1-43de-bf53-7aa5c5cd1dea', '', '', 12, 'OPERATIVE', 'b8990691-4d51-41d2-ba29-1cd9d540b1ed');
INSERT INTO slot (slot_manufacturer_id, slot_error_code, slot_info, slot_position, slot_state, station_stationmanufacturerid) VALUES ('3e18eff9-5eb5-4643-b371-459c1648a4ba', '', '', 13, 'OPERATIVE', 'b8990691-4d51-41d2-ba29-1cd9d540b1ed');
INSERT INTO slot (slot_manufacturer_id, slot_error_code, slot_info, slot_position, slot_state, station_stationmanufacturerid) VALUES ('3819c4ff-7d6c-4e97-9444-16e86a004b46', '', '', 14, 'OPERATIVE', 'b8990691-4d51-41d2-ba29-1cd9d540b1ed');
INSERT INTO slot (slot_manufacturer_id, slot_error_code, slot_info, slot_position, slot_state, station_stationmanufacturerid) VALUES ('2436d38f-a5e4-4fb7-9eba-5f6023ad6e8f', '', '', 15, 'OPERATIVE', 'b8990691-4d51-41d2-ba29-1cd9d540b1ed');
INSERT INTO slot (slot_manufacturer_id, slot_error_code, slot_info, slot_position, slot_state, station_stationmanufacturerid) VALUES ('af40c35f-6587-43d2-8a00-f45d1bedf7ad', '', '', 16, 'OPERATIVE', 'b8990691-4d51-41d2-ba29-1cd9d540b1ed');
INSERT INTO slot (slot_manufacturer_id, slot_error_code, slot_info, slot_position, slot_state, station_stationmanufacturerid) VALUES ('8b593752-8510-4677-9610-c4e126a146ef', '', '', 17, 'OPERATIVE', 'b8990691-4d51-41d2-ba29-1cd9d540b1ed');
INSERT INTO slot (slot_manufacturer_id, slot_error_code, slot_info, slot_position, slot_state, station_stationmanufacturerid) VALUES ('9c536be6-091d-4894-8432-8e75436a244b', '', '', 18, 'OPERATIVE', 'b8990691-4d51-41d2-ba29-1cd9d540b1ed');
INSERT INTO slot (slot_manufacturer_id, slot_error_code, slot_info, slot_position, slot_state, station_stationmanufacturerid) VALUES ('f8148a78-792b-44a3-97a9-9833b53b4250', '', '', 19, 'OPERATIVE', 'b8990691-4d51-41d2-ba29-1cd9d540b1ed');
INSERT INTO slot (slot_manufacturer_id, slot_error_code, slot_info, slot_position, slot_state, station_stationmanufacturerid) VALUES ('4dc2d44a-62d3-4c4b-87bd-8324187d8c74', '', '', 20, 'OPERATIVE', 'b8990691-4d51-41d2-ba29-1cd9d540b1ed');
INSERT INTO slot (slot_manufacturer_id, slot_error_code, slot_info, slot_position, slot_state, station_stationmanufacturerid) VALUES ('e24e1340-e376-4cb2-9f5d-579d6356176a', '', '', 1, 'OPERATIVE', '603db892-d1a4-49ad-84df-e1d6322705cb');
INSERT INTO slot (slot_manufacturer_id, slot_error_code, slot_info, slot_position, slot_state, station_stationmanufacturerid) VALUES ('1cf10c52-1294-42dc-9ea0-ea25bbab62e9', '', '', 2, 'OPERATIVE', '603db892-d1a4-49ad-84df-e1d6322705cb');
INSERT INTO slot (slot_manufacturer_id, slot_error_code, slot_info, slot_position, slot_state, station_stationmanufacturerid) VALUES ('368bf2ca-fe8a-4040-b596-1a188238db98', '', '', 3, 'OPERATIVE', '603db892-d1a4-49ad-84df-e1d6322705cb');
INSERT INTO slot (slot_manufacturer_id, slot_error_code, slot_info, slot_position, slot_state, station_stationmanufacturerid) VALUES ('884d4c60-960f-47a7-ace3-8c4a1be0b39e', '', '', 4, 'OPERATIVE', '603db892-d1a4-49ad-84df-e1d6322705cb');
INSERT INTO slot (slot_manufacturer_id, slot_error_code, slot_info, slot_position, slot_state, station_stationmanufacturerid) VALUES ('6b67562c-3b5a-49eb-b9f1-06109a22d1b8', '', '', 5, 'OPERATIVE', '603db892-d1a4-49ad-84df-e1d6322705cb');
INSERT INTO slot (slot_manufacturer_id, slot_error_code, slot_info, slot_position, slot_state, station_stationmanufacturerid) VALUES ('f9dbcd71-1f17-45bc-aa57-258b20172f47', '', '', 6, 'OPERATIVE', '603db892-d1a4-49ad-84df-e1d6322705cb');
INSERT INTO slot (slot_manufacturer_id, slot_error_code, slot_info, slot_position, slot_state, station_stationmanufacturerid) VALUES ('45875d93-25ce-4405-bb2c-ac800d6629ab', '', '', 7, 'OPERATIVE', '603db892-d1a4-49ad-84df-e1d6322705cb');
INSERT INTO slot (slot_manufacturer_id, slot_error_code, slot_info, slot_position, slot_state, station_stationmanufacturerid) VALUES ('e7f36e9c-7886-4a20-ae4e-c6b903a9cc01', '', '', 8, 'OPERATIVE', '603db892-d1a4-49ad-84df-e1d6322705cb');
INSERT INTO slot (slot_manufacturer_id, slot_error_code, slot_info, slot_position, slot_state, station_stationmanufacturerid) VALUES ('a59575c8-10b7-4816-9694-a9bd0e8b69df', '', '', 9, 'OPERATIVE', '603db892-d1a4-49ad-84df-e1d6322705cb');
INSERT INTO slot (slot_manufacturer_id, slot_error_code, slot_info, slot_position, slot_state, station_stationmanufacturerid) VALUES ('b0339687-8146-4e22-9a41-b0a587e7b94c', '', '', 10, 'OPERATIVE', '603db892-d1a4-49ad-84df-e1d6322705cb');
INSERT INTO slot (slot_manufacturer_id, slot_error_code, slot_info, slot_position, slot_state, station_stationmanufacturerid) VALUES ('7893b051-ece8-4d80-a9bd-22115fefa8e7', '', '', 11, 'OPERATIVE', '603db892-d1a4-49ad-84df-e1d6322705cb');
INSERT INTO slot (slot_manufacturer_id, slot_error_code, slot_info, slot_position, slot_state, station_stationmanufacturerid) VALUES ('cacab449-bedc-45b1-a01d-c00ca2c35da6', '', '', 12, 'OPERATIVE', '603db892-d1a4-49ad-84df-e1d6322705cb');
INSERT INTO slot (slot_manufacturer_id, slot_error_code, slot_info, slot_position, slot_state, station_stationmanufacturerid) VALUES ('90179435-6f9d-4f9e-9603-383ce5faecda', '', '', 13, 'OPERATIVE', '603db892-d1a4-49ad-84df-e1d6322705cb');
INSERT INTO slot (slot_manufacturer_id, slot_error_code, slot_info, slot_position, slot_state, station_stationmanufacturerid) VALUES ('e1e4089d-1b8b-401d-a867-0e5a7fa20159', '', '', 14, 'OPERATIVE', '603db892-d1a4-49ad-84df-e1d6322705cb');
INSERT INTO slot (slot_manufacturer_id, slot_error_code, slot_info, slot_position, slot_state, station_stationmanufacturerid) VALUES ('8fff8e90-5370-446b-b6ae-8230ffec814b', '', '', 15, 'OPERATIVE', '603db892-d1a4-49ad-84df-e1d6322705cb');
INSERT INTO slot (slot_manufacturer_id, slot_error_code, slot_info, slot_position, slot_state, station_stationmanufacturerid) VALUES ('9755f882-7a8d-4e17-b944-984b711a3447', '', '', 16, 'OPERATIVE', '603db892-d1a4-49ad-84df-e1d6322705cb');
INSERT INTO slot (slot_manufacturer_id, slot_error_code, slot_info, slot_position, slot_state, station_stationmanufacturerid) VALUES ('c460e255-182a-432c-9a9c-855b57ad02a3', '', '', 17, 'OPERATIVE', '603db892-d1a4-49ad-84df-e1d6322705cb');
INSERT INTO slot (slot_manufacturer_id, slot_error_code, slot_info, slot_position, slot_state, station_stationmanufacturerid) VALUES ('fb0485d9-8053-4bb3-89c0-0ccda1ad1970', '', '', 18, 'OPERATIVE', '603db892-d1a4-49ad-84df-e1d6322705cb');
INSERT INTO slot (slot_manufacturer_id, slot_error_code, slot_info, slot_position, slot_state, station_stationmanufacturerid) VALUES ('ae9c5021-7382-4b9b-9b22-8053b9cfeff7', '', '', 19, 'OPERATIVE', '603db892-d1a4-49ad-84df-e1d6322705cb');
INSERT INTO slot (slot_manufacturer_id, slot_error_code, slot_info, slot_position, slot_state, station_stationmanufacturerid) VALUES ('349ae8c8-d45b-4042-9201-f51ed47f126a', '', '', 20, 'OPERATIVE', '603db892-d1a4-49ad-84df-e1d6322705cb');


--
-- Data for Name: pedelec; Type: TABLE DATA; Schema: public; Owner: dropvote
--

INSERT INTO pedelec (pedelec_manufacturer_id, charging_state, max_battery_level, max_current_value, meter_value, owner, pedelec_error_code, pedelec_info, pedelec_state, battery_batteryid, slot_slotmanufacturerid) VALUES ('59cbbf32-5cb1-4895-bee6-36ffe50e2499', 'CHARGING', NULL, NULL, 0.244345815207124173, NULL, '', '', 'OPERATIVE', 1, '7fb38ff3-3eae-4d6a-9492-eec878e0e098');
INSERT INTO pedelec (pedelec_manufacturer_id, charging_state, max_battery_level, max_current_value, meter_value, owner, pedelec_error_code, pedelec_info, pedelec_state, battery_batteryid, slot_slotmanufacturerid) VALUES ('3d2fe4da-78ba-4108-b582-fe5164f92b3b', 'CHARGING', NULL, NULL, 0.00286952030192444418, NULL, '', '', 'OPERATIVE', 2, '209f3283-3878-4b6b-bec8-dd1f405f0d7c');
INSERT INTO pedelec (pedelec_manufacturer_id, charging_state, max_battery_level, max_current_value, meter_value, owner, pedelec_error_code, pedelec_info, pedelec_state, battery_batteryid, slot_slotmanufacturerid) VALUES ('a76d8224-8cf2-44a2-8393-745b3ef60706', 'CHARGING', NULL, NULL, 0.123258553328469689, NULL, '', '', 'OPERATIVE', 3, '537be070-e133-402d-bb3c-a526548e45da');
INSERT INTO pedelec (pedelec_manufacturer_id, charging_state, max_battery_level, max_current_value, meter_value, owner, pedelec_error_code, pedelec_info, pedelec_state, battery_batteryid, slot_slotmanufacturerid) VALUES ('d2b44fc5-5884-4371-8297-114f9e9547e5', 'CHARGING', NULL, NULL, 0.517118037335773439, NULL, '', '', 'OPERATIVE', 4, '66e3ef1c-af2b-4a3a-a1b0-d55d31545239');
INSERT INTO pedelec (pedelec_manufacturer_id, charging_state, max_battery_level, max_current_value, meter_value, owner, pedelec_error_code, pedelec_info, pedelec_state, battery_batteryid, slot_slotmanufacturerid) VALUES ('0219b195-6419-453c-8d2f-f2e58ad31539', 'CHARGING', NULL, NULL, 0.133886754456025159, NULL, '', '', 'OPERATIVE', 5, '94910765-d5f2-4e0f-8acb-89fcd7ab9946');
INSERT INTO pedelec (pedelec_manufacturer_id, charging_state, max_battery_level, max_current_value, meter_value, owner, pedelec_error_code, pedelec_info, pedelec_state, battery_batteryid, slot_slotmanufacturerid) VALUES ('40980c61-6ebb-4d85-a8f7-a2d059e49ce2', 'CHARGING', NULL, NULL, 0.700223952634660418, NULL, '', '', 'OPERATIVE', 7, '66bfa66e-36bc-4f06-8c69-52192024316f');
INSERT INTO pedelec (pedelec_manufacturer_id, charging_state, max_battery_level, max_current_value, meter_value, owner, pedelec_error_code, pedelec_info, pedelec_state, battery_batteryid, slot_slotmanufacturerid) VALUES ('3fc86476-7e4e-4f0f-8dc8-6e471339c013', 'CHARGING', NULL, NULL, 0.216998790030633271, NULL, '', '', 'OPERATIVE', 8, 'b6d4ee2d-c42b-47fd-80e5-f8f770a3022d');
INSERT INTO pedelec (pedelec_manufacturer_id, charging_state, max_battery_level, max_current_value, meter_value, owner, pedelec_error_code, pedelec_info, pedelec_state, battery_batteryid, slot_slotmanufacturerid) VALUES ('04e18de1-6bbf-47f1-ab01-83f0b5bcb5f7', 'CHARGING', NULL, NULL, 0.574143827184324773, NULL, '', '', 'OPERATIVE', 9, '1bab4fa6-e232-4a12-bdcd-a850d600889c');
INSERT INTO pedelec (pedelec_manufacturer_id, charging_state, max_battery_level, max_current_value, meter_value, owner, pedelec_error_code, pedelec_info, pedelec_state, battery_batteryid, slot_slotmanufacturerid) VALUES ('7aefd83a-3bfb-45a4-b46e-d5d07264c982', 'CHARGING', NULL, NULL, 0.768277996077567527, NULL, '', '', 'OPERATIVE', 10, '13244976-3107-4c13-bf79-25e7a29824c8');
INSERT INTO pedelec (pedelec_manufacturer_id, charging_state, max_battery_level, max_current_value, meter_value, owner, pedelec_error_code, pedelec_info, pedelec_state, battery_batteryid, slot_slotmanufacturerid) VALUES ('8b8c37c5-8068-438c-a732-550d4d9e0719', 'CHARGING', NULL, NULL, 0.00227341592285890126, NULL, '', '', 'OPERATIVE', 11, 'c2c794f2-e165-43e5-84c9-bc23072ee278');
INSERT INTO pedelec (pedelec_manufacturer_id, charging_state, max_battery_level, max_current_value, meter_value, owner, pedelec_error_code, pedelec_info, pedelec_state, battery_batteryid, slot_slotmanufacturerid) VALUES ('fb4a4aec-dc0a-44fc-8c75-47e673ce3bf3', 'CHARGING', NULL, NULL, 0.786367102886941338, NULL, '', '', 'OPERATIVE', 14, 'f52bde65-f18d-407a-91eb-669a6a6109f4');
INSERT INTO pedelec (pedelec_manufacturer_id, charging_state, max_battery_level, max_current_value, meter_value, owner, pedelec_error_code, pedelec_info, pedelec_state, battery_batteryid, slot_slotmanufacturerid) VALUES ('84255efd-d042-4ceb-a6aa-86c7b0479e1b', 'CHARGING', NULL, NULL, 0.225644861540314823, NULL, '', '', 'OPERATIVE', 18, 'a53f7477-33c1-42e1-baea-a9c65da2284e');
INSERT INTO pedelec (pedelec_manufacturer_id, charging_state, max_battery_level, max_current_value, meter_value, owner, pedelec_error_code, pedelec_info, pedelec_state, battery_batteryid, slot_slotmanufacturerid) VALUES ('5698439e-46d2-458c-b94d-9864dddeec4f', 'CHARGING', NULL, NULL, 0.429619089253702069, NULL, '', '', 'OPERATIVE', 19, '1b22e2b0-1887-4241-ac69-6f17ae82d8fd');
INSERT INTO pedelec (pedelec_manufacturer_id, charging_state, max_battery_level, max_current_value, meter_value, owner, pedelec_error_code, pedelec_info, pedelec_state, battery_batteryid, slot_slotmanufacturerid) VALUES ('fdca54f6-469f-459e-b2a3-e73fcea09a27', 'CHARGING', NULL, NULL, 0.818660234504922202, NULL, '', '', 'OPERATIVE', 20, '79a6e319-db54-4056-80a3-cb1355537589');
INSERT INTO pedelec (pedelec_manufacturer_id, charging_state, max_battery_level, max_current_value, meter_value, owner, pedelec_error_code, pedelec_info, pedelec_state, battery_batteryid, slot_slotmanufacturerid) VALUES ('f8bbc585-6f10-436d-8379-e81b034e7af4', 'CHARGING', NULL, NULL, 0.32026357634180902, NULL, '', '', 'OPERATIVE', 21, '7b419392-39e0-4aa4-93b3-0fa3462fd346');
INSERT INTO pedelec (pedelec_manufacturer_id, charging_state, max_battery_level, max_current_value, meter_value, owner, pedelec_error_code, pedelec_info, pedelec_state, battery_batteryid, slot_slotmanufacturerid) VALUES ('1e7c72a6-cf3f-4fc2-a7aa-0f6dcbafbdc6', 'CHARGING', NULL, NULL, 0.713528336064963575, NULL, '', '', 'OPERATIVE', 22, '66ab8f31-1c81-4bbe-9a29-f3a509331dd3');
INSERT INTO pedelec (pedelec_manufacturer_id, charging_state, max_battery_level, max_current_value, meter_value, owner, pedelec_error_code, pedelec_info, pedelec_state, battery_batteryid, slot_slotmanufacturerid) VALUES ('ab826141-3e86-4e3d-85af-d40dc2e845d0', 'CHARGING', NULL, NULL, 0.920582805750138844, NULL, '', '', 'OPERATIVE', 23, '7f8964d2-1b29-40d0-ae6e-26aa95fc7a18');
INSERT INTO pedelec (pedelec_manufacturer_id, charging_state, max_battery_level, max_current_value, meter_value, owner, pedelec_error_code, pedelec_info, pedelec_state, battery_batteryid, slot_slotmanufacturerid) VALUES ('90be121e-f2ec-41cd-bed2-b2c274a9f2fb', 'CHARGING', NULL, NULL, 0.132816222861081634, NULL, '', '', 'OPERATIVE', 24, '4bca0b5c-dbeb-40d5-9ab1-5ed8a39ceaa3');
INSERT INTO pedelec (pedelec_manufacturer_id, charging_state, max_battery_level, max_current_value, meter_value, owner, pedelec_error_code, pedelec_info, pedelec_state, battery_batteryid, slot_slotmanufacturerid) VALUES ('b96986c3-208d-4b04-981f-4314611e58fb', 'CHARGING', NULL, NULL, 0.706977543599311975, NULL, '', '', 'OPERATIVE', 25, 'c86526ac-d753-48c5-805e-a18099bd9c1c');
INSERT INTO pedelec (pedelec_manufacturer_id, charging_state, max_battery_level, max_current_value, meter_value, owner, pedelec_error_code, pedelec_info, pedelec_state, battery_batteryid, slot_slotmanufacturerid) VALUES ('29b77968-74e8-4cc9-8f93-5ba11563d9a0', 'CHARGING', NULL, NULL, 0.216493334438575435, NULL, '', '', 'OPERATIVE', 28, '135a32d3-5761-4920-8e42-1d69d27c0957');
INSERT INTO pedelec (pedelec_manufacturer_id, charging_state, max_battery_level, max_current_value, meter_value, owner, pedelec_error_code, pedelec_info, pedelec_state, battery_batteryid, slot_slotmanufacturerid) VALUES ('3bb1bbdd-9207-4d6c-9230-ef1d8e7d882d', 'CHARGING', NULL, NULL, 0.670181556042533488, NULL, '', '', 'OPERATIVE', 29, '5849ba61-d03f-4876-9fa2-639cc808f8ce');
INSERT INTO pedelec (pedelec_manufacturer_id, charging_state, max_battery_level, max_current_value, meter_value, owner, pedelec_error_code, pedelec_info, pedelec_state, battery_batteryid, slot_slotmanufacturerid) VALUES ('00180b2c-b94a-4a4f-a70c-8f94564a7ed3', 'CHARGING', NULL, NULL, 0.727377111011394795, NULL, '', '', 'OPERATIVE', 30, 'a16ca197-7d62-470c-a808-e506c438bb7e');
INSERT INTO pedelec (pedelec_manufacturer_id, charging_state, max_battery_level, max_current_value, meter_value, owner, pedelec_error_code, pedelec_info, pedelec_state, battery_batteryid, slot_slotmanufacturerid) VALUES ('0d92b791-d237-4760-ba0a-a349121460e2', 'CHARGING', NULL, NULL, 0.480954182204674563, NULL, '', '', 'OPERATIVE', 31, 'c255e66f-3965-470f-bf6a-daaba58d039b');
INSERT INTO pedelec (pedelec_manufacturer_id, charging_state, max_battery_level, max_current_value, meter_value, owner, pedelec_error_code, pedelec_info, pedelec_state, battery_batteryid, slot_slotmanufacturerid) VALUES ('36ad79e7-c02d-4df5-a797-230d600ca246', 'CHARGING', NULL, NULL, 0.563122185338681747, NULL, '', '', 'OPERATIVE', 32, '9ec202f7-f510-4cd1-bc22-9b3670e4909c');
INSERT INTO pedelec (pedelec_manufacturer_id, charging_state, max_battery_level, max_current_value, meter_value, owner, pedelec_error_code, pedelec_info, pedelec_state, battery_batteryid, slot_slotmanufacturerid) VALUES ('58ddbafc-f04c-48dc-8780-7910ef9947f3', 'CHARGING', NULL, NULL, 0.301409744663170276, NULL, '', '', 'OPERATIVE', 33, '82470c44-aa7e-40fc-97ad-4df332315a46');
INSERT INTO pedelec (pedelec_manufacturer_id, charging_state, max_battery_level, max_current_value, meter_value, owner, pedelec_error_code, pedelec_info, pedelec_state, battery_batteryid, slot_slotmanufacturerid) VALUES ('9541dd9b-c13a-4726-b61f-4a7b185ab38d', 'CHARGING', NULL, NULL, 0.0743998018474884004, NULL, '', '', 'OPERATIVE', 34, '81e80eac-3650-4a5a-af65-1d234b1284f3');
INSERT INTO pedelec (pedelec_manufacturer_id, charging_state, max_battery_level, max_current_value, meter_value, owner, pedelec_error_code, pedelec_info, pedelec_state, battery_batteryid, slot_slotmanufacturerid) VALUES ('8160dbf2-d480-418e-af29-15a947bb86e4', 'CHARGING', NULL, NULL, 0.302678422969335337, NULL, '', '', 'OPERATIVE', 35, '852da9d1-ad93-451d-a06a-3809af674d00');
INSERT INTO pedelec (pedelec_manufacturer_id, charging_state, max_battery_level, max_current_value, meter_value, owner, pedelec_error_code, pedelec_info, pedelec_state, battery_batteryid, slot_slotmanufacturerid) VALUES ('63cd45e5-f308-4f8f-9683-8f81aa90a619', 'CHARGING', NULL, NULL, 0.311026458570008213, NULL, '', '', 'OPERATIVE', 37, 'c3493de3-ad10-4c35-98a6-e7dfc4a7e59f');
INSERT INTO pedelec (pedelec_manufacturer_id, charging_state, max_battery_level, max_current_value, meter_value, owner, pedelec_error_code, pedelec_info, pedelec_state, battery_batteryid, slot_slotmanufacturerid) VALUES ('99adb7a7-4024-4605-8b87-43ba0dcd8af3', 'CHARGING', NULL, NULL, 0.509525002557320694, NULL, '', '', 'OPERATIVE', 38, '7f80b480-a60d-4c13-9c27-705250ec0d7b');
INSERT INTO pedelec (pedelec_manufacturer_id, charging_state, max_battery_level, max_current_value, meter_value, owner, pedelec_error_code, pedelec_info, pedelec_state, battery_batteryid, slot_slotmanufacturerid) VALUES ('3f664205-a3f8-48c0-bda2-5032049de425', 'CHARGING', NULL, NULL, 0.637093677249613077, NULL, '', '', 'OPERATIVE', 39, 'c39f992a-68f9-4291-b9ac-59b4ce6e925c');
INSERT INTO pedelec (pedelec_manufacturer_id, charging_state, max_battery_level, max_current_value, meter_value, owner, pedelec_error_code, pedelec_info, pedelec_state, battery_batteryid, slot_slotmanufacturerid) VALUES ('bd7f1a2a-9eca-4494-aee6-c28012586e29', 'CHARGING', NULL, NULL, 0.94292511970185422, NULL, '', '', 'OPERATIVE', 41, 'e011d002-0802-4d00-b7d9-5f89e01267f3');
INSERT INTO pedelec (pedelec_manufacturer_id, charging_state, max_battery_level, max_current_value, meter_value, owner, pedelec_error_code, pedelec_info, pedelec_state, battery_batteryid, slot_slotmanufacturerid) VALUES ('a62523f3-86f1-4f08-847d-51f1f3c82ca3', 'CHARGING', NULL, NULL, 0.848693337429978323, NULL, '', '', 'OPERATIVE', 42, '62003fd7-03f3-4365-8a65-2599cd7da343');
INSERT INTO pedelec (pedelec_manufacturer_id, charging_state, max_battery_level, max_current_value, meter_value, owner, pedelec_error_code, pedelec_info, pedelec_state, battery_batteryid, slot_slotmanufacturerid) VALUES ('3fa2834f-33b2-4ea2-8a86-593e9480236f', 'CHARGING', NULL, NULL, 0.723099620443249158, NULL, '', '', 'OPERATIVE', 43, '7fbcc9e1-4308-4273-a635-0108465d99b6');
INSERT INTO pedelec (pedelec_manufacturer_id, charging_state, max_battery_level, max_current_value, meter_value, owner, pedelec_error_code, pedelec_info, pedelec_state, battery_batteryid, slot_slotmanufacturerid) VALUES ('4bdab15d-82a7-4cc2-b57b-23186f25cf07', 'CHARGING', NULL, NULL, 0.0607473185335780652, NULL, '', '', 'OPERATIVE', 44, '46803c7d-c960-4d92-9dcc-ed26df41731a');
INSERT INTO pedelec (pedelec_manufacturer_id, charging_state, max_battery_level, max_current_value, meter_value, owner, pedelec_error_code, pedelec_info, pedelec_state, battery_batteryid, slot_slotmanufacturerid) VALUES ('d541ec54-f7e3-435f-a8e4-37a6ad9b365f', 'CHARGING', NULL, NULL, 0.730801405704446183, NULL, '', '', 'OPERATIVE', 45, 'ab4ce285-06b1-43de-bf53-7aa5c5cd1dea');
INSERT INTO pedelec (pedelec_manufacturer_id, charging_state, max_battery_level, max_current_value, meter_value, owner, pedelec_error_code, pedelec_info, pedelec_state, battery_batteryid, slot_slotmanufacturerid) VALUES ('4b4a2ae4-9823-4da8-a6fa-a91047f1ca42', 'CHARGING', NULL, NULL, 0.386516452286888024, NULL, '', '', 'OPERATIVE', 46, '3e18eff9-5eb5-4643-b371-459c1648a4ba');
INSERT INTO pedelec (pedelec_manufacturer_id, charging_state, max_battery_level, max_current_value, meter_value, owner, pedelec_error_code, pedelec_info, pedelec_state, battery_batteryid, slot_slotmanufacturerid) VALUES ('5c26fcbc-2d39-4f39-8fe9-d23a21bf6869', 'CHARGING', NULL, NULL, 0.6700967800701495, NULL, '', '', 'OPERATIVE', 47, 'af40c35f-6587-43d2-8a00-f45d1bedf7ad');
INSERT INTO pedelec (pedelec_manufacturer_id, charging_state, max_battery_level, max_current_value, meter_value, owner, pedelec_error_code, pedelec_info, pedelec_state, battery_batteryid, slot_slotmanufacturerid) VALUES ('5fdea5f1-0f39-4e34-abf4-14260cdee04b', 'CHARGING', NULL, NULL, 0.936006171435583179, NULL, '', '', 'OPERATIVE', 48, '8b593752-8510-4677-9610-c4e126a146ef');
INSERT INTO pedelec (pedelec_manufacturer_id, charging_state, max_battery_level, max_current_value, meter_value, owner, pedelec_error_code, pedelec_info, pedelec_state, battery_batteryid, slot_slotmanufacturerid) VALUES ('a6afcc1d-6826-4244-aed5-e31e37606240', 'CHARGING', NULL, NULL, 0.211933986700495569, NULL, '', '', 'OPERATIVE', 49, 'f8148a78-792b-44a3-97a9-9833b53b4250');
INSERT INTO pedelec (pedelec_manufacturer_id, charging_state, max_battery_level, max_current_value, meter_value, owner, pedelec_error_code, pedelec_info, pedelec_state, battery_batteryid, slot_slotmanufacturerid) VALUES ('09b7f1b4-0008-4b02-aea4-f58b1985bcdf', 'CHARGING', NULL, NULL, 0.763917492725495917, NULL, '', '', 'OPERATIVE', 51, '368bf2ca-fe8a-4040-b596-1a188238db98');
INSERT INTO pedelec (pedelec_manufacturer_id, charging_state, max_battery_level, max_current_value, meter_value, owner, pedelec_error_code, pedelec_info, pedelec_state, battery_batteryid, slot_slotmanufacturerid) VALUES ('b1dd8016-ff99-4ba0-8865-df8a2dac10b8', 'CHARGING', NULL, NULL, 0.377128986104439234, NULL, '', '', 'OPERATIVE', 36, '3497dbb1-985d-48f9-8386-5ea85aea85e0');
INSERT INTO pedelec (pedelec_manufacturer_id, charging_state, max_battery_level, max_current_value, meter_value, owner, pedelec_error_code, pedelec_info, pedelec_state, battery_batteryid, slot_slotmanufacturerid) VALUES ('276aa040-41b9-47db-81e0-ee828582c517', 'CHARGING', NULL, NULL, 0.140925899760485751, NULL, '', '', 'OPERATIVE', 26, '59663499-9938-4623-995d-8b7fcebe6897');
INSERT INTO pedelec (pedelec_manufacturer_id, charging_state, max_battery_level, max_current_value, meter_value, owner, pedelec_error_code, pedelec_info, pedelec_state, battery_batteryid, slot_slotmanufacturerid) VALUES ('88a9cd72-c733-424c-af82-b08cb49d569a', 'CHARGING', NULL, NULL, 0.42415014943558238, NULL, '', '', 'OPERATIVE', 12, 'dd7eb4d3-37da-409a-8141-fd74a1724144');
INSERT INTO pedelec (pedelec_manufacturer_id, charging_state, max_battery_level, max_current_value, meter_value, owner, pedelec_error_code, pedelec_info, pedelec_state, battery_batteryid, slot_slotmanufacturerid) VALUES ('3282ac5d-c621-4957-b021-7b18b581751d', 'CHARGING', NULL, NULL, 0.723837841437146912, NULL, '', '', 'OPERATIVE', 6, 'b3c0beea-66a8-4cc7-8480-73f0750d5707');
INSERT INTO pedelec (pedelec_manufacturer_id, charging_state, max_battery_level, max_current_value, meter_value, owner, pedelec_error_code, pedelec_info, pedelec_state, battery_batteryid, slot_slotmanufacturerid) VALUES ('76e023c4-0f84-496f-b937-12f45bbb8f04', 'CHARGING', NULL, NULL, 0.0587824364795057619, NULL, '', '', 'OPERATIVE', 52, '86f91889-6868-4fbd-9afa-d4018586852f');
INSERT INTO pedelec (pedelec_manufacturer_id, charging_state, max_battery_level, max_current_value, meter_value, owner, pedelec_error_code, pedelec_info, pedelec_state, battery_batteryid, slot_slotmanufacturerid) VALUES ('8e0a2892-2781-42fe-976f-f77f0cf2709a', 'CHARGING', NULL, NULL, 0.624929649575531099, NULL, '', '', 'OPERATIVE', 16, '0e9d79b2-6786-411a-bf80-f3c02212dd8f');
INSERT INTO pedelec (pedelec_manufacturer_id, charging_state, max_battery_level, max_current_value, meter_value, owner, pedelec_error_code, pedelec_info, pedelec_state, battery_batteryid, slot_slotmanufacturerid) VALUES ('84afb78a-0fde-4899-a10a-42978a4140ae', 'CHARGING', NULL, NULL, 0.996844352459058891, NULL, '', '', 'OPERATIVE', 15, '399cf168-3f53-42de-b5e1-647e6565e77b');
INSERT INTO pedelec (pedelec_manufacturer_id, charging_state, max_battery_level, max_current_value, meter_value, owner, pedelec_error_code, pedelec_info, pedelec_state, battery_batteryid, slot_slotmanufacturerid) VALUES ('b383f752-9b06-45e6-a96e-8ff3b95f3c2b', 'CHARGING', NULL, NULL, 0.688647162482274977, NULL, '', '', 'OPERATIVE', 17, 'c4b8151a-f99c-4370-9dc9-7e91daeb56a3');
INSERT INTO pedelec (pedelec_manufacturer_id, charging_state, max_battery_level, max_current_value, meter_value, owner, pedelec_error_code, pedelec_info, pedelec_state, battery_batteryid, slot_slotmanufacturerid) VALUES ('fdb33eab-d7aa-41e5-8ef5-7cf0c81242ad', 'CHARGING', NULL, NULL, 0.709926632334220264, NULL, '', '', 'OPERATIVE', 40, '884d4c60-960f-47a7-ace3-8c4a1be0b39e');
INSERT INTO pedelec (pedelec_manufacturer_id, charging_state, max_battery_level, max_current_value, meter_value, owner, pedelec_error_code, pedelec_info, pedelec_state, battery_batteryid, slot_slotmanufacturerid) VALUES ('9259cda3-b167-4bc2-a0e1-e44e1c9281ab', 'CHARGING', NULL, NULL, 0.895300972828760977, NULL, '', '', 'OPERATIVE', 50, '57588694-c078-436e-b72a-3dde92311a27');
INSERT INTO pedelec (pedelec_manufacturer_id, charging_state, max_battery_level, max_current_value, meter_value, owner, pedelec_error_code, pedelec_info, pedelec_state, battery_batteryid, slot_slotmanufacturerid) VALUES ('82829146-142d-4ef8-a4eb-3169ef2ec63e', 'CHARGING', NULL, NULL, 0.798418131456458569, NULL, '', '', 'OPERATIVE', 27, 'b0339687-8146-4e22-9a41-b0a587e7b94c');
INSERT INTO pedelec (pedelec_manufacturer_id, charging_state, max_battery_level, max_current_value, meter_value, owner, pedelec_error_code, pedelec_info, pedelec_state, battery_batteryid, slot_slotmanufacturerid) VALUES ('7c99f162-1548-4559-88cf-35aff0804fb9', 'CHARGING', NULL, NULL, 0.242713973176699516, NULL, '', '', 'OPERATIVE', 53, '6b67562c-3b5a-49eb-b9f1-06109a22d1b8');
INSERT INTO pedelec (pedelec_manufacturer_id, charging_state, max_battery_level, max_current_value, meter_value, owner, pedelec_error_code, pedelec_info, pedelec_state, battery_batteryid, slot_slotmanufacturerid) VALUES ('0289de3e-7909-4dd2-8a8e-5c9420339b94', 'CHARGING', NULL, NULL, 0.269733598821148779, NULL, '', '', 'OPERATIVE', 54, 'f9dbcd71-1f17-45bc-aa57-258b20172f47');
INSERT INTO pedelec (pedelec_manufacturer_id, charging_state, max_battery_level, max_current_value, meter_value, owner, pedelec_error_code, pedelec_info, pedelec_state, battery_batteryid, slot_slotmanufacturerid) VALUES ('0c6d64c7-961e-46b2-99a4-a78940288016', 'CHARGING', NULL, NULL, 0.954260461551145522, NULL, '', '', 'OPERATIVE', 55, 'e7f36e9c-7886-4a20-ae4e-c6b903a9cc01');
INSERT INTO pedelec (pedelec_manufacturer_id, charging_state, max_battery_level, max_current_value, meter_value, owner, pedelec_error_code, pedelec_info, pedelec_state, battery_batteryid, slot_slotmanufacturerid) VALUES ('8358c985-2059-4cca-8de6-ea6ade519895', 'CHARGING', NULL, NULL, 0.801715782662720144, NULL, '', '', 'OPERATIVE', 56, 'a59575c8-10b7-4816-9694-a9bd0e8b69df');
INSERT INTO pedelec (pedelec_manufacturer_id, charging_state, max_battery_level, max_current_value, meter_value, owner, pedelec_error_code, pedelec_info, pedelec_state, battery_batteryid, slot_slotmanufacturerid) VALUES ('b7918a09-f978-4a22-8af7-587befab1aff', 'CHARGING', NULL, NULL, 0.671558399027884723, NULL, '', '', 'OPERATIVE', 57, '7893b051-ece8-4d80-a9bd-22115fefa8e7');
INSERT INTO pedelec (pedelec_manufacturer_id, charging_state, max_battery_level, max_current_value, meter_value, owner, pedelec_error_code, pedelec_info, pedelec_state, battery_batteryid, slot_slotmanufacturerid) VALUES ('80c89b79-d5e5-4f03-8b6e-a2b7b09af33b', 'CHARGING', NULL, NULL, 0.5338552863844086, NULL, '', '', 'OPERATIVE', 58, 'cacab449-bedc-45b1-a01d-c00ca2c35da6');
INSERT INTO pedelec (pedelec_manufacturer_id, charging_state, max_battery_level, max_current_value, meter_value, owner, pedelec_error_code, pedelec_info, pedelec_state, battery_batteryid, slot_slotmanufacturerid) VALUES ('33adc47b-7d56-4404-a25c-59770db46b69', 'CHARGING', NULL, NULL, 0.0587320454126913916, NULL, '', '', 'OPERATIVE', 60, '9755f882-7a8d-4e17-b944-984b711a3447');
INSERT INTO pedelec (pedelec_manufacturer_id, charging_state, max_battery_level, max_current_value, meter_value, owner, pedelec_error_code, pedelec_info, pedelec_state, battery_batteryid, slot_slotmanufacturerid) VALUES ('0f3f3822-b918-4420-b371-9e042d9b45b1', 'CHARGING', NULL, NULL, 0.72478090575366616, NULL, '', '', 'OPERATIVE', 61, 'fb0485d9-8053-4bb3-89c0-0ccda1ad1970');
INSERT INTO pedelec (pedelec_manufacturer_id, charging_state, max_battery_level, max_current_value, meter_value, owner, pedelec_error_code, pedelec_info, pedelec_state, battery_batteryid, slot_slotmanufacturerid) VALUES ('d2810fc1-f6eb-4d72-a626-6f06a460277e', 'CHARGING', NULL, NULL, 0.618343589041253527, NULL, '', '', 'OPERATIVE', 62, 'ae9c5021-7382-4b9b-9b22-8053b9cfeff7');
INSERT INTO pedelec (pedelec_manufacturer_id, charging_state, max_battery_level, max_current_value, meter_value, owner, pedelec_error_code, pedelec_info, pedelec_state, battery_batteryid, slot_slotmanufacturerid) VALUES ('84ee1be0-0516-4f4e-bc53-1f6ab1e905ee', 'CHARGING', NULL, NULL, 0.518112142393803765, NULL, '', '', 'OPERATIVE', 13, '349ae8c8-d45b-4042-9201-f51ed47f126a');
INSERT INTO pedelec (pedelec_manufacturer_id, charging_state, max_battery_level, max_current_value, meter_value, owner, pedelec_error_code, pedelec_info, pedelec_state, battery_batteryid, slot_slotmanufacturerid) VALUES ('4e462403-1c75-4199-9b08-5484d75553d0', 'CHARGING', NULL, NULL, 0.783141619085687912, NULL, '', '', 'OPERATIVE', 59, 'bca97165-d497-4e16-a261-981a13cc45ce');


--
-- Data for Name: station_slots; Type: TABLE DATA; Schema: public; Owner: dropvote
--

INSERT INTO station_slots (station_stationmanufacturerid, slots_slotmanufacturerid) VALUES ('7bc4e9f2-c84b-457f-870d-984738867183', '57588694-c078-436e-b72a-3dde92311a27');
INSERT INTO station_slots (station_stationmanufacturerid, slots_slotmanufacturerid) VALUES ('7bc4e9f2-c84b-457f-870d-984738867183', '7fb38ff3-3eae-4d6a-9492-eec878e0e098');
INSERT INTO station_slots (station_stationmanufacturerid, slots_slotmanufacturerid) VALUES ('7bc4e9f2-c84b-457f-870d-984738867183', 'b112e484-451d-4205-90cc-e2b350540fac');
INSERT INTO station_slots (station_stationmanufacturerid, slots_slotmanufacturerid) VALUES ('7bc4e9f2-c84b-457f-870d-984738867183', '7de72dc3-4122-4550-ac51-eff118f396c5');
INSERT INTO station_slots (station_stationmanufacturerid, slots_slotmanufacturerid) VALUES ('7bc4e9f2-c84b-457f-870d-984738867183', '209f3283-3878-4b6b-bec8-dd1f405f0d7c');
INSERT INTO station_slots (station_stationmanufacturerid, slots_slotmanufacturerid) VALUES ('7bc4e9f2-c84b-457f-870d-984738867183', 'd6f307e8-6de1-416c-af77-9ca585c7faaf');
INSERT INTO station_slots (station_stationmanufacturerid, slots_slotmanufacturerid) VALUES ('7bc4e9f2-c84b-457f-870d-984738867183', '537be070-e133-402d-bb3c-a526548e45da');
INSERT INTO station_slots (station_stationmanufacturerid, slots_slotmanufacturerid) VALUES ('7bc4e9f2-c84b-457f-870d-984738867183', '66e3ef1c-af2b-4a3a-a1b0-d55d31545239');
INSERT INTO station_slots (station_stationmanufacturerid, slots_slotmanufacturerid) VALUES ('7bc4e9f2-c84b-457f-870d-984738867183', 'dd7eb4d3-37da-409a-8141-fd74a1724144');
INSERT INTO station_slots (station_stationmanufacturerid, slots_slotmanufacturerid) VALUES ('7bc4e9f2-c84b-457f-870d-984738867183', '94910765-d5f2-4e0f-8acb-89fcd7ab9946');
INSERT INTO station_slots (station_stationmanufacturerid, slots_slotmanufacturerid) VALUES ('7bc4e9f2-c84b-457f-870d-984738867183', '1dcaad7e-23e4-466c-b793-0bc4a17699cd');
INSERT INTO station_slots (station_stationmanufacturerid, slots_slotmanufacturerid) VALUES ('7bc4e9f2-c84b-457f-870d-984738867183', '66bfa66e-36bc-4f06-8c69-52192024316f');
INSERT INTO station_slots (station_stationmanufacturerid, slots_slotmanufacturerid) VALUES ('7bc4e9f2-c84b-457f-870d-984738867183', 'b6d4ee2d-c42b-47fd-80e5-f8f770a3022d');
INSERT INTO station_slots (station_stationmanufacturerid, slots_slotmanufacturerid) VALUES ('7bc4e9f2-c84b-457f-870d-984738867183', '1bab4fa6-e232-4a12-bdcd-a850d600889c');
INSERT INTO station_slots (station_stationmanufacturerid, slots_slotmanufacturerid) VALUES ('7bc4e9f2-c84b-457f-870d-984738867183', '13244976-3107-4c13-bf79-25e7a29824c8');
INSERT INTO station_slots (station_stationmanufacturerid, slots_slotmanufacturerid) VALUES ('7bc4e9f2-c84b-457f-870d-984738867183', '64bd39a6-6488-4a28-be7f-928f61e6428a');
INSERT INTO station_slots (station_stationmanufacturerid, slots_slotmanufacturerid) VALUES ('7bc4e9f2-c84b-457f-870d-984738867183', 'c2c794f2-e165-43e5-84c9-bc23072ee278');
INSERT INTO station_slots (station_stationmanufacturerid, slots_slotmanufacturerid) VALUES ('7bc4e9f2-c84b-457f-870d-984738867183', '26037d06-abcc-43cd-962b-526cefb3b444');
INSERT INTO station_slots (station_stationmanufacturerid, slots_slotmanufacturerid) VALUES ('7bc4e9f2-c84b-457f-870d-984738867183', '1ec151e2-a53a-4c63-a99e-2625a8f19a1e');
INSERT INTO station_slots (station_stationmanufacturerid, slots_slotmanufacturerid) VALUES ('7bc4e9f2-c84b-457f-870d-984738867183', 'b3c0beea-66a8-4cc7-8480-73f0750d5707');
INSERT INTO station_slots (station_stationmanufacturerid, slots_slotmanufacturerid) VALUES ('e3ab1c76-f42f-40c3-b86e-620cfd8edbee', 'f52bde65-f18d-407a-91eb-669a6a6109f4');
INSERT INTO station_slots (station_stationmanufacturerid, slots_slotmanufacturerid) VALUES ('e3ab1c76-f42f-40c3-b86e-620cfd8edbee', '05b5c25e-6e47-44de-b203-23a43aa2bd16');
INSERT INTO station_slots (station_stationmanufacturerid, slots_slotmanufacturerid) VALUES ('e3ab1c76-f42f-40c3-b86e-620cfd8edbee', '5c91d968-d23c-4ae1-899d-59c07eeb8863');
INSERT INTO station_slots (station_stationmanufacturerid, slots_slotmanufacturerid) VALUES ('e3ab1c76-f42f-40c3-b86e-620cfd8edbee', '3497dbb1-985d-48f9-8386-5ea85aea85e0');
INSERT INTO station_slots (station_stationmanufacturerid, slots_slotmanufacturerid) VALUES ('e3ab1c76-f42f-40c3-b86e-620cfd8edbee', 'a125cc0e-e147-4294-a970-a2f1c25734e6');
INSERT INTO station_slots (station_stationmanufacturerid, slots_slotmanufacturerid) VALUES ('e3ab1c76-f42f-40c3-b86e-620cfd8edbee', '59663499-9938-4623-995d-8b7fcebe6897');
INSERT INTO station_slots (station_stationmanufacturerid, slots_slotmanufacturerid) VALUES ('e3ab1c76-f42f-40c3-b86e-620cfd8edbee', 'a53f7477-33c1-42e1-baea-a9c65da2284e');
INSERT INTO station_slots (station_stationmanufacturerid, slots_slotmanufacturerid) VALUES ('e3ab1c76-f42f-40c3-b86e-620cfd8edbee', '1b22e2b0-1887-4241-ac69-6f17ae82d8fd');
INSERT INTO station_slots (station_stationmanufacturerid, slots_slotmanufacturerid) VALUES ('e3ab1c76-f42f-40c3-b86e-620cfd8edbee', '79a6e319-db54-4056-80a3-cb1355537589');
INSERT INTO station_slots (station_stationmanufacturerid, slots_slotmanufacturerid) VALUES ('e3ab1c76-f42f-40c3-b86e-620cfd8edbee', '7b419392-39e0-4aa4-93b3-0fa3462fd346');
INSERT INTO station_slots (station_stationmanufacturerid, slots_slotmanufacturerid) VALUES ('e3ab1c76-f42f-40c3-b86e-620cfd8edbee', 'bca97165-d497-4e16-a261-981a13cc45ce');
INSERT INTO station_slots (station_stationmanufacturerid, slots_slotmanufacturerid) VALUES ('e3ab1c76-f42f-40c3-b86e-620cfd8edbee', '66ab8f31-1c81-4bbe-9a29-f3a509331dd3');
INSERT INTO station_slots (station_stationmanufacturerid, slots_slotmanufacturerid) VALUES ('e3ab1c76-f42f-40c3-b86e-620cfd8edbee', '0e9d79b2-6786-411a-bf80-f3c02212dd8f');
INSERT INTO station_slots (station_stationmanufacturerid, slots_slotmanufacturerid) VALUES ('e3ab1c76-f42f-40c3-b86e-620cfd8edbee', '399cf168-3f53-42de-b5e1-647e6565e77b');
INSERT INTO station_slots (station_stationmanufacturerid, slots_slotmanufacturerid) VALUES ('e3ab1c76-f42f-40c3-b86e-620cfd8edbee', '7f8964d2-1b29-40d0-ae6e-26aa95fc7a18');
INSERT INTO station_slots (station_stationmanufacturerid, slots_slotmanufacturerid) VALUES ('e3ab1c76-f42f-40c3-b86e-620cfd8edbee', '86f91889-6868-4fbd-9afa-d4018586852f');
INSERT INTO station_slots (station_stationmanufacturerid, slots_slotmanufacturerid) VALUES ('e3ab1c76-f42f-40c3-b86e-620cfd8edbee', '4bca0b5c-dbeb-40d5-9ab1-5ed8a39ceaa3');
INSERT INTO station_slots (station_stationmanufacturerid, slots_slotmanufacturerid) VALUES ('e3ab1c76-f42f-40c3-b86e-620cfd8edbee', 'c86526ac-d753-48c5-805e-a18099bd9c1c');
INSERT INTO station_slots (station_stationmanufacturerid, slots_slotmanufacturerid) VALUES ('e3ab1c76-f42f-40c3-b86e-620cfd8edbee', '21649c7a-8ea9-4fa6-9bf8-3e65aa54cc19');
INSERT INTO station_slots (station_stationmanufacturerid, slots_slotmanufacturerid) VALUES ('e3ab1c76-f42f-40c3-b86e-620cfd8edbee', 'fd865f6f-504c-477c-8efe-01c70f79c0d8');
INSERT INTO station_slots (station_stationmanufacturerid, slots_slotmanufacturerid) VALUES ('d349e871-63cf-45f4-8f2b-48928c4c00a0', '6a8b56ef-3662-4e63-abae-0d76e973e14d');
INSERT INTO station_slots (station_stationmanufacturerid, slots_slotmanufacturerid) VALUES ('d349e871-63cf-45f4-8f2b-48928c4c00a0', '135a32d3-5761-4920-8e42-1d69d27c0957');
INSERT INTO station_slots (station_stationmanufacturerid, slots_slotmanufacturerid) VALUES ('d349e871-63cf-45f4-8f2b-48928c4c00a0', '5849ba61-d03f-4876-9fa2-639cc808f8ce');
INSERT INTO station_slots (station_stationmanufacturerid, slots_slotmanufacturerid) VALUES ('d349e871-63cf-45f4-8f2b-48928c4c00a0', 'a16ca197-7d62-470c-a808-e506c438bb7e');
INSERT INTO station_slots (station_stationmanufacturerid, slots_slotmanufacturerid) VALUES ('d349e871-63cf-45f4-8f2b-48928c4c00a0', 'c255e66f-3965-470f-bf6a-daaba58d039b');
INSERT INTO station_slots (station_stationmanufacturerid, slots_slotmanufacturerid) VALUES ('d349e871-63cf-45f4-8f2b-48928c4c00a0', 'e71c926c-37ad-440a-a287-415b39c491cf');
INSERT INTO station_slots (station_stationmanufacturerid, slots_slotmanufacturerid) VALUES ('d349e871-63cf-45f4-8f2b-48928c4c00a0', 'b3f88d14-b08b-4c06-9567-2353f71b0ff2');
INSERT INTO station_slots (station_stationmanufacturerid, slots_slotmanufacturerid) VALUES ('d349e871-63cf-45f4-8f2b-48928c4c00a0', 'ae8de674-f7fd-4d51-993d-f4db07420e78');
INSERT INTO station_slots (station_stationmanufacturerid, slots_slotmanufacturerid) VALUES ('d349e871-63cf-45f4-8f2b-48928c4c00a0', '9ec202f7-f510-4cd1-bc22-9b3670e4909c');
INSERT INTO station_slots (station_stationmanufacturerid, slots_slotmanufacturerid) VALUES ('d349e871-63cf-45f4-8f2b-48928c4c00a0', '82470c44-aa7e-40fc-97ad-4df332315a46');
INSERT INTO station_slots (station_stationmanufacturerid, slots_slotmanufacturerid) VALUES ('d349e871-63cf-45f4-8f2b-48928c4c00a0', '81e80eac-3650-4a5a-af65-1d234b1284f3');
INSERT INTO station_slots (station_stationmanufacturerid, slots_slotmanufacturerid) VALUES ('d349e871-63cf-45f4-8f2b-48928c4c00a0', '852da9d1-ad93-451d-a06a-3809af674d00');
INSERT INTO station_slots (station_stationmanufacturerid, slots_slotmanufacturerid) VALUES ('d349e871-63cf-45f4-8f2b-48928c4c00a0', 'f57360c8-2dde-4b33-86cd-876229e578d4');
INSERT INTO station_slots (station_stationmanufacturerid, slots_slotmanufacturerid) VALUES ('d349e871-63cf-45f4-8f2b-48928c4c00a0', '3abbe403-f15e-438f-8cd2-8e796bcb4201');
INSERT INTO station_slots (station_stationmanufacturerid, slots_slotmanufacturerid) VALUES ('d349e871-63cf-45f4-8f2b-48928c4c00a0', '7db32de8-75f0-4b07-90bc-ac2f4ce09d5d');
INSERT INTO station_slots (station_stationmanufacturerid, slots_slotmanufacturerid) VALUES ('d349e871-63cf-45f4-8f2b-48928c4c00a0', '003b5176-b168-4d41-9a55-617dbce6afe4');
INSERT INTO station_slots (station_stationmanufacturerid, slots_slotmanufacturerid) VALUES ('d349e871-63cf-45f4-8f2b-48928c4c00a0', '2a1c0ed8-7a45-4db1-bb45-aca85f84588e');
INSERT INTO station_slots (station_stationmanufacturerid, slots_slotmanufacturerid) VALUES ('d349e871-63cf-45f4-8f2b-48928c4c00a0', 'c3493de3-ad10-4c35-98a6-e7dfc4a7e59f');
INSERT INTO station_slots (station_stationmanufacturerid, slots_slotmanufacturerid) VALUES ('d349e871-63cf-45f4-8f2b-48928c4c00a0', '7f80b480-a60d-4c13-9c27-705250ec0d7b');
INSERT INTO station_slots (station_stationmanufacturerid, slots_slotmanufacturerid) VALUES ('d349e871-63cf-45f4-8f2b-48928c4c00a0', 'c39f992a-68f9-4291-b9ac-59b4ce6e925c');
INSERT INTO station_slots (station_stationmanufacturerid, slots_slotmanufacturerid) VALUES ('b8990691-4d51-41d2-ba29-1cd9d540b1ed', '928c7f5e-0a48-4b32-9fc2-7e53bfda9756');
INSERT INTO station_slots (station_stationmanufacturerid, slots_slotmanufacturerid) VALUES ('b8990691-4d51-41d2-ba29-1cd9d540b1ed', 'a86318ba-7570-4387-8879-3192111d5531');
INSERT INTO station_slots (station_stationmanufacturerid, slots_slotmanufacturerid) VALUES ('b8990691-4d51-41d2-ba29-1cd9d540b1ed', '1af49043-7d71-4eb4-a200-8b25a366da76');
INSERT INTO station_slots (station_stationmanufacturerid, slots_slotmanufacturerid) VALUES ('b8990691-4d51-41d2-ba29-1cd9d540b1ed', 'e011d002-0802-4d00-b7d9-5f89e01267f3');
INSERT INTO station_slots (station_stationmanufacturerid, slots_slotmanufacturerid) VALUES ('b8990691-4d51-41d2-ba29-1cd9d540b1ed', 'f5b860ac-9d95-427c-b50c-0b7652ff4b60');
INSERT INTO station_slots (station_stationmanufacturerid, slots_slotmanufacturerid) VALUES ('b8990691-4d51-41d2-ba29-1cd9d540b1ed', '6904a508-a60a-42cf-820e-4ed45c302fbf');
INSERT INTO station_slots (station_stationmanufacturerid, slots_slotmanufacturerid) VALUES ('b8990691-4d51-41d2-ba29-1cd9d540b1ed', '62003fd7-03f3-4365-8a65-2599cd7da343');
INSERT INTO station_slots (station_stationmanufacturerid, slots_slotmanufacturerid) VALUES ('b8990691-4d51-41d2-ba29-1cd9d540b1ed', 'c4b8151a-f99c-4370-9dc9-7e91daeb56a3');
INSERT INTO station_slots (station_stationmanufacturerid, slots_slotmanufacturerid) VALUES ('b8990691-4d51-41d2-ba29-1cd9d540b1ed', 'e7840747-ea11-4657-97bf-03a9765fd64b');
INSERT INTO station_slots (station_stationmanufacturerid, slots_slotmanufacturerid) VALUES ('b8990691-4d51-41d2-ba29-1cd9d540b1ed', '7fbcc9e1-4308-4273-a635-0108465d99b6');
INSERT INTO station_slots (station_stationmanufacturerid, slots_slotmanufacturerid) VALUES ('b8990691-4d51-41d2-ba29-1cd9d540b1ed', '46803c7d-c960-4d92-9dcc-ed26df41731a');
INSERT INTO station_slots (station_stationmanufacturerid, slots_slotmanufacturerid) VALUES ('b8990691-4d51-41d2-ba29-1cd9d540b1ed', 'ab4ce285-06b1-43de-bf53-7aa5c5cd1dea');
INSERT INTO station_slots (station_stationmanufacturerid, slots_slotmanufacturerid) VALUES ('b8990691-4d51-41d2-ba29-1cd9d540b1ed', '3e18eff9-5eb5-4643-b371-459c1648a4ba');
INSERT INTO station_slots (station_stationmanufacturerid, slots_slotmanufacturerid) VALUES ('b8990691-4d51-41d2-ba29-1cd9d540b1ed', '3819c4ff-7d6c-4e97-9444-16e86a004b46');
INSERT INTO station_slots (station_stationmanufacturerid, slots_slotmanufacturerid) VALUES ('b8990691-4d51-41d2-ba29-1cd9d540b1ed', '2436d38f-a5e4-4fb7-9eba-5f6023ad6e8f');
INSERT INTO station_slots (station_stationmanufacturerid, slots_slotmanufacturerid) VALUES ('b8990691-4d51-41d2-ba29-1cd9d540b1ed', 'af40c35f-6587-43d2-8a00-f45d1bedf7ad');
INSERT INTO station_slots (station_stationmanufacturerid, slots_slotmanufacturerid) VALUES ('b8990691-4d51-41d2-ba29-1cd9d540b1ed', '8b593752-8510-4677-9610-c4e126a146ef');
INSERT INTO station_slots (station_stationmanufacturerid, slots_slotmanufacturerid) VALUES ('b8990691-4d51-41d2-ba29-1cd9d540b1ed', '9c536be6-091d-4894-8432-8e75436a244b');
INSERT INTO station_slots (station_stationmanufacturerid, slots_slotmanufacturerid) VALUES ('b8990691-4d51-41d2-ba29-1cd9d540b1ed', 'f8148a78-792b-44a3-97a9-9833b53b4250');
INSERT INTO station_slots (station_stationmanufacturerid, slots_slotmanufacturerid) VALUES ('b8990691-4d51-41d2-ba29-1cd9d540b1ed', '4dc2d44a-62d3-4c4b-87bd-8324187d8c74');
INSERT INTO station_slots (station_stationmanufacturerid, slots_slotmanufacturerid) VALUES ('603db892-d1a4-49ad-84df-e1d6322705cb', 'e24e1340-e376-4cb2-9f5d-579d6356176a');
INSERT INTO station_slots (station_stationmanufacturerid, slots_slotmanufacturerid) VALUES ('603db892-d1a4-49ad-84df-e1d6322705cb', '1cf10c52-1294-42dc-9ea0-ea25bbab62e9');
INSERT INTO station_slots (station_stationmanufacturerid, slots_slotmanufacturerid) VALUES ('603db892-d1a4-49ad-84df-e1d6322705cb', '368bf2ca-fe8a-4040-b596-1a188238db98');
INSERT INTO station_slots (station_stationmanufacturerid, slots_slotmanufacturerid) VALUES ('603db892-d1a4-49ad-84df-e1d6322705cb', '884d4c60-960f-47a7-ace3-8c4a1be0b39e');
INSERT INTO station_slots (station_stationmanufacturerid, slots_slotmanufacturerid) VALUES ('603db892-d1a4-49ad-84df-e1d6322705cb', '6b67562c-3b5a-49eb-b9f1-06109a22d1b8');
INSERT INTO station_slots (station_stationmanufacturerid, slots_slotmanufacturerid) VALUES ('603db892-d1a4-49ad-84df-e1d6322705cb', 'f9dbcd71-1f17-45bc-aa57-258b20172f47');
INSERT INTO station_slots (station_stationmanufacturerid, slots_slotmanufacturerid) VALUES ('603db892-d1a4-49ad-84df-e1d6322705cb', '45875d93-25ce-4405-bb2c-ac800d6629ab');
INSERT INTO station_slots (station_stationmanufacturerid, slots_slotmanufacturerid) VALUES ('603db892-d1a4-49ad-84df-e1d6322705cb', 'e7f36e9c-7886-4a20-ae4e-c6b903a9cc01');
INSERT INTO station_slots (station_stationmanufacturerid, slots_slotmanufacturerid) VALUES ('603db892-d1a4-49ad-84df-e1d6322705cb', 'a59575c8-10b7-4816-9694-a9bd0e8b69df');
INSERT INTO station_slots (station_stationmanufacturerid, slots_slotmanufacturerid) VALUES ('603db892-d1a4-49ad-84df-e1d6322705cb', 'b0339687-8146-4e22-9a41-b0a587e7b94c');
INSERT INTO station_slots (station_stationmanufacturerid, slots_slotmanufacturerid) VALUES ('603db892-d1a4-49ad-84df-e1d6322705cb', '7893b051-ece8-4d80-a9bd-22115fefa8e7');
INSERT INTO station_slots (station_stationmanufacturerid, slots_slotmanufacturerid) VALUES ('603db892-d1a4-49ad-84df-e1d6322705cb', 'cacab449-bedc-45b1-a01d-c00ca2c35da6');
INSERT INTO station_slots (station_stationmanufacturerid, slots_slotmanufacturerid) VALUES ('603db892-d1a4-49ad-84df-e1d6322705cb', '90179435-6f9d-4f9e-9603-383ce5faecda');
INSERT INTO station_slots (station_stationmanufacturerid, slots_slotmanufacturerid) VALUES ('603db892-d1a4-49ad-84df-e1d6322705cb', 'e1e4089d-1b8b-401d-a867-0e5a7fa20159');
INSERT INTO station_slots (station_stationmanufacturerid, slots_slotmanufacturerid) VALUES ('603db892-d1a4-49ad-84df-e1d6322705cb', '8fff8e90-5370-446b-b6ae-8230ffec814b');
INSERT INTO station_slots (station_stationmanufacturerid, slots_slotmanufacturerid) VALUES ('603db892-d1a4-49ad-84df-e1d6322705cb', '9755f882-7a8d-4e17-b944-984b711a3447');
INSERT INTO station_slots (station_stationmanufacturerid, slots_slotmanufacturerid) VALUES ('603db892-d1a4-49ad-84df-e1d6322705cb', 'c460e255-182a-432c-9a9c-855b57ad02a3');
INSERT INTO station_slots (station_stationmanufacturerid, slots_slotmanufacturerid) VALUES ('603db892-d1a4-49ad-84df-e1d6322705cb', 'fb0485d9-8053-4bb3-89c0-0ccda1ad1970');
INSERT INTO station_slots (station_stationmanufacturerid, slots_slotmanufacturerid) VALUES ('603db892-d1a4-49ad-84df-e1d6322705cb', 'ae9c5021-7382-4b9b-9b22-8053b9cfeff7');
INSERT INTO station_slots (station_stationmanufacturerid, slots_slotmanufacturerid) VALUES ('603db892-d1a4-49ad-84df-e1d6322705cb', '349ae8c8-d45b-4042-9201-f51ed47f126a');


--
-- PostgreSQL database dump complete
--

